hour,route_id,label_grouped,label_mode,year,month,weekday,is_weekend,is_holiday_se,is_workday_se,time_of_day_code,temperature_2m,precipitation,windspeed_10m,cloudcover,avg_occupancy_score,n_obs,n_snapshots_used,time_key
4,9011012065200000,EMPTY,EMPTY,2021,10,4,0,0,1,0,12.5,0.0,32.6,100,0.0,1,10,2021-10-4-04
5,9011012065200000,MANY_SEATS_AVAILABLE,MANY_SEATS_AVAILABLE,2021,10,4,0,0,1,1,12.8,0.0,33.5,100,0.6364,11,10,2021-10-4-05
6,9011012065200000,MANY_SEATS_AVAILABLE,MANY_SEATS_AVAILABLE,2021,10,4,0,0,1,1,12.8,0.0,34.9,100,1.0,8,10,2021-10-4-06
7,9011012065200000,MANY_SEATS_AVAILABLE,MANY_SEATS_AVAILABLE,2021,10,4,0,0,1,1,12.7,0.0,34.2,100,1.0,8,10,2021-10-4-07
8,9011012065200000,MANY_SEATS_AVAILABLE,MANY_SEATS_AVAILABLE,2021,10,4,0,0,1,1,12.7,0.1,34.3,100,1.0,16,10,2021-10-4-08
9,9011012065200000,MANY_SEATS_AVAILABLE,MANY_SEATS_AVAILABLE,2021,10,4,0,0,1,1,12.5,1.1,32.8,100,1.0,1,10,2021-10-4-09
10,9011012065200000,MANY_SEATS_AVAILABLE,MANY_SEATS_AVAILABLE,2021,10,4,0,0,1,2,12.5,0.4,32.9,100,1.0,8,10,2021-10-4-10
11,9011012065200000,MANY_SEATS_AVAILABLE,MANY_SEATS_AVAILABLE,2021,10,4,0,0,1,2,13.1,0.0,33.6,99,1.0,5,10,2021-10-4-11
14,9011012065200000,MANY_SEATS_AVAILABLE,MANY_SEATS_AVAILABLE,2021,10,4,0,0,1,2,14.3,0.0,29.9,99,1.0,8,10,2021-10-4-14
15,9011012065200000,CROWDED,STANDING_ROOM_ONLY,2021,10,4,0,0,1,3,14.6,0.0,27.3,99,2.25,4,10,2021-10-4-15
16,9011012065200000,MANY_SEATS_AVAILABLE,MANY_SEATS_AVAILABLE,2021,10,4,0,0,1,3,14.6,0.0,28.3,87,1.2,5,10,2021-10-4-16
17,9011012065200000,MANY_SEATS_AVAILABLE,MANY_SEATS_AVAILABLE,2021,10,4,0,0,1,3,14.4,0.0,27.3,77,1.0,5,10,2021-10-4-17
18,9011012065200000,MANY_SEATS_AVAILABLE,MANY_SEATS_AVAILABLE,2021,10,4,0,0,1,3,14.4,0.0,27.4,91,1.0,8,10,2021-10-4-18
19,9011012065200000,MANY_SEATS_AVAILABLE,MANY_SEATS_AVAILABLE,2021,10,4,0,0,1,4,14.4,0.0,27.1,93,0.8889,9,10,2021-10-4-19
20,9011012065200000,MANY_SEATS_AVAILABLE,MANY_SEATS_AVAILABLE,2021,10,4,0,0,1,4,14.5,0.0,25.0,99,1.0,4,10,2021-10-4-20
23,9011012065200000,MANY_SEATS_AVAILABLE,MANY_SEATS_AVAILABLE,2021,10,4,0,0,1,0,14.1,0.0,26.1,89,1.0,6,10,2021-10-4-23
0,9011012065200000,MANY_SEATS_AVAILABLE,MANY_SEATS_AVAILABLE,2021,10,5,1,0,0,0,13.7,0.0,25.3,95,1.0,9,10,2021-10-5-00
1,9011012065200000,MANY_SEATS_AVAILABLE,MANY_SEATS_AVAILABLE,2021,10,5,1,0,0,0,13.6,0.0,24.9,97,1.0,4,10,2021-10-5-01
5,9011012065200000,MANY_SEATS_AVAILABLE,MANY_SEATS_AVAILABLE,2021,10,5,1,0,0,1,13.3,0.0,18.7,100,0.5714,7,10,2021-10-5-05
6,9011012065200000,EMPTY,EMPTY,2021,10,5,1,0,0,1,13.0,0.0,17.1,100,0.0,4,10,2021-10-5-06
7,9011012065200000,MANY_SEATS_AVAILABLE,MANY_SEATS_AVAILABLE,2021,10,0,0,0,1,1,13.0,0.0,14.4,100,1.0,6,10,2021-10-0-07
8,9011012065200000,MANY_SEATS_AVAILABLE,MANY_SEATS_AVAILABLE,2021,10,0,0,0,1,1,13.2,0.0,14.3,97,1.125,8,10,2021-10-0-08
9,9011012065200000,MANY_SEATS_AVAILABLE,MANY_SEATS_AVAILABLE,2021,10,0,0,0,1,1,13.6,0.0,16.3,60,1.0,1,10,2021-10-0-09
10,9011012065200000,MANY_SEATS_AVAILABLE,MANY_SEATS_AVAILABLE,2021,10,0,0,0,1,2,14.2,0.0,18.2,84,1.25,8,10,2021-10-0-10
11,9011012065200000,MANY_SEATS_AVAILABLE,MANY_SEATS_AVAILABLE,2021,10,0,0,0,1,2,14.3,0.0,19.9,97,1.0,3,10,2021-10-0-11
12,9011012065200000,MANY_SEATS_AVAILABLE,MANY_SEATS_AVAILABLE,2021,10,0,0,0,1,2,14.4,0.0,20.8,99,1.2857,7,10,2021-10-0-12
13,9011012065200000,CROWDED,FEW_SEATS_AVAILABLE,2021,10,0,0,0,1,2,14.2,0.0,16.6,100,1.6667,3,10,2021-10-0-13
14,9011012065200000,MANY_SEATS_AVAILABLE,MANY_SEATS_AVAILABLE,2021,10,0,0,0,1,2,14.3,0.0,18.3,99,1.125,8,10,2021-10-0-14
15,9011012065200000,MANY_SEATS_AVAILABLE,MANY_SEATS_AVAILABLE,2021,10,0,0,0,1,3,13.9,0.0,19.1,100,1.25,12,10,2021-10-0-15
16,9011012065200000,MANY_SEATS_AVAILABLE,MANY_SEATS_AVAILABLE,2021,10,0,0,0,1,3,13.7,0.0,17.6,99,1.1111,9,10,2021-10-0-16
17,9011012065200000,MANY_SEATS_AVAILABLE,MANY_SEATS_AVAILABLE,2021,10,0,0,0,1,3,13.7,0.0,19.8,67,0.9,10,10,2021-10-0-17
18,9011012065200000,MANY_SEATS_AVAILABLE,MANY_SEATS_AVAILABLE,2021,10,0,0,0,1,3,13.3,0.0,17.9,89,0.9167,12,10,2021-10-0-18
19,9011012065200000,EMPTY,EMPTY,2021,10,0,0,0,1,4,13.4,0.0,17.3,33,0.4444,9,10,2021-10-0-19
20,9011012065200000,MANY_SEATS_AVAILABLE,MANY_SEATS_AVAILABLE,2021,10,0,0,0,1,4,13.4,0.0,17.2,28,0.9091,11,10,2021-10-0-20
21,9011012065200000,MANY_SEATS_AVAILABLE,MANY_SEATS_AVAILABLE,2021,10,0,0,0,1,4,13.3,0.0,15.5,56,1.0,3,10,2021-10-0-21
6,9011012065200000,MANY_SEATS_AVAILABLE,MANY_SEATS_AVAILABLE,2021,10,1,0,0,1,1,11.6,0.0,13.6,100,1.0,3,10,2021-10-1-06
7,9011012065200000,MANY_SEATS_AVAILABLE,MANY_SEATS_AVAILABLE,2021,10,1,0,0,1,1,11.6,0.0,15.5,100,0.875,8,10,2021-10-1-07
8,9011012065200000,MANY_SEATS_AVAILABLE,MANY_SEATS_AVAILABLE,2021,10,1,0,0,1,1,12.3,0.0,17.6,100,1.0,3,10,2021-10-1-08
9,9011012065200000,MANY_SEATS_AVAILABLE,MANY_SEATS_AVAILABLE,2021,10,1,0,0,1,1,13.0,0.0,17.4,100,0.7143,7,10,2021-10-1-09
10,9011012065200000,MANY_SEATS_AVAILABLE,MANY_SEATS_AVAILABLE,2021,10,1,0,0,1,2,13.7,0.0,16.0,100,1.0,4,10,2021-10-1-10
11,9011012065200000,MANY_SEATS_AVAILABLE,MANY_SEATS_AVAILABLE,2021,10,1,0,0,1,2,13.7,0.1,15.6,100,1.0,7,10,2021-10-1-11
12,9011012065200000,MANY_SEATS_AVAILABLE,MANY_SEATS_AVAILABLE,2021,10,1,0,0,1,2,13.1,0.4,16.6,100,1.0,3,10,2021-10-1-12
13,9011012065200000,MANY_SEATS_AVAILABLE,MANY_SEATS_AVAILABLE,2021,10,1,0,0,1,2,11.7,0.7,18.5,100,1.0,8,10,2021-10-1-13
14,9011012065200000,CROWDED,STANDING_ROOM_ONLY,2021,10,1,0,0,1,2,11.6,0.9,21.3,100,2.25,4,10,2021-10-1-14
15,9011012065200000,MANY_SEATS_AVAILABLE,MANY_SEATS_AVAILABLE,2021,10,1,0,0,1,3,11.6,2.6,22.6,100,1.25,8,10,2021-10-1-15
16,9011012065200000,MANY_SEATS_AVAILABLE,MANY_SEATS_AVAILABLE,2021,10,1,0,0,1,3,12.0,2.8,25.1,100,1.0,4,10,2021-10-1-16
17,9011012065200000,MANY_SEATS_AVAILABLE,MANY_SEATS_AVAILABLE,2021,10,1,0,0,1,3,12.5,2.2,25.6,100,1.0,6,10,2021-10-1-17
18,9011012065200000,MANY_SEATS_AVAILABLE,MANY_SEATS_AVAILABLE,2021,10,1,0,0,1,3,12.9,2.0,22.3,100,1.0,3,10,2021-10-1-18
19,9011012065200000,MANY_SEATS_AVAILABLE,MANY_SEATS_AVAILABLE,2021,10,1,0,0,1,4,13.1,1.3,18.8,100,1.0,8,10,2021-10-1-19
20,9011012065200000,MANY_SEATS_AVAILABLE,MANY_SEATS_AVAILABLE,2021,10,1,0,0,1,4,13.6,1.0,17.2,100,1.0,3,10,2021-10-1-20
21,9011012065200000,MANY_SEATS_AVAILABLE,MANY_SEATS_AVAILABLE,2021,10,1,0,0,1,4,14.3,0.4,20.5,100,0.8571,7,10,2021-10-1-21
22,9011012065200000,MANY_SEATS_AVAILABLE,MANY_SEATS_AVAILABLE,2021,10,1,0,0,1,4,13.9,0.0,19.8,92,0.625,8,10,2021-10-1-22
23,9011012065200000,EMPTY,EMPTY,2021,10,1,0,0,1,0,13.6,0.0,21.2,100,0.0,3,10,2021-10-1-23
7,9011012065200000,MANY_SEATS_AVAILABLE,MANY_SEATS_AVAILABLE,2021,10,2,0,0,1,1,12.5,0.0,18.0,100,1.2,5,10,2021-10-2-07
8,9011012065200000,MANY_SEATS_AVAILABLE,MANY_SEATS_AVAILABLE,2021,10,2,0,0,1,1,13.1,0.0,19.5,100,1.1111,9,10,2021-10-2-08
9,9011012065200000,CROWDED,FEW_SEATS_AVAILABLE,2021,10,2,0,0,1,1,13.5,0.1,18.7,100,1.0,2,10,2021-10-2-09
10,9011012065200000,MANY_SEATS_AVAILABLE,MANY_SEATS_AVAILABLE,2021,10,2,0,0,1,2,13.8,0.0,18.1,25,1.125,8,10,2021-10-2-10
11,9011012065200000,MANY_SEATS_AVAILABLE,MANY_SEATS_AVAILABLE,2021,10,2,0,0,1,2,14.2,0.0,17.8,18,1.0,3,10,2021-10-2-11
12,9011012065200000,MANY_SEATS_AVAILABLE,MANY_SEATS_AVAILABLE,2021,10,2,0,0,1,2,14.3,0.0,18.2,20,1.0,7,10,2021-10-2-12
13,9011012065200000,MANY_SEATS_AVAILABLE,MANY_SEATS_AVAILABLE,2021,10,2,0,0,1,2,14.2,0.0,17.1,16,1.0,4,10,2021-10-2-13
14,9011012065200000,MANY_SEATS_AVAILABLE,MANY_SEATS_AVAILABLE,2021,10,2,0,0,1,2,14.3,0.0,16.9,33,1.5,8,10,2021-10-2-14
15,9011012065200000,CROWDED,FEW_SEATS_AVAILABLE,2021,10,2,0,0,1,3,14.1,0.0,15.3,26,2.5,4,10,2021-10-2-15
16,9011012065200000,CROWDED,FEW_SEATS_AVAILABLE,2021,10,2,0,0,1,3,13.8,0.0,13.8,96,1.8,5,10,2021-10-2-16
17,9011012065200000,MANY_SEATS_AVAILABLE,MANY_SEATS_AVAILABLE,2021,10,2,0,0,1,3,13.1,0.0,13.3,28,1.5,4,10,2021-10-2-17
18,9011012065200000,MANY_SEATS_AVAILABLE,MANY_SEATS_AVAILABLE,2021,10,2,0,0,1,3,12.5,0.0,13.7,9,0.8889,9,10,2021-10-2-18
19,9011012065200000,MANY_SEATS_AVAILABLE,MANY_SEATS_AVAILABLE,2021,10,2,0,0,1,4,12.4,0.0,12.4,7,1.0,10,10,2021-10-2-19
20,9011012065200000,MANY_SEATS_AVAILABLE,MANY_SEATS_AVAILABLE,2021,10,2,0,0,1,4,12.3,0.0,10.5,14,1.0,3,10,2021-10-2-20
7,9011012065200000,MANY_SEATS_AVAILABLE,MANY_SEATS_AVAILABLE,2021,10,3,0,0,1,1,8.0,0.0,4.7,63,1.0,6,10,2021-10-3-07
8,9011012065200000,MANY_SEATS_AVAILABLE,MANY_SEATS_AVAILABLE,2021,10,3,0,0,1,1,8.9,0.0,8.4,45,0.875,8,10,2021-10-3-08
9,9011012065200000,MANY_SEATS_AVAILABLE,MANY_SEATS_AVAILABLE,2021,10,3,0,0,1,1,11.0,0.0,9.6,27,1.0,1,10,2021-10-3-09
10,9011012065200000,MANY_SEATS_AVAILABLE,MANY_SEATS_AVAILABLE,2021,10,3,0,0,1,2,13.2,0.0,10.8,49,0.625,8,10,2021-10-3-10
11,9011012065200000,MANY_SEATS_AVAILABLE,MANY_SEATS_AVAILABLE,2021,10,3,0,0,1,2,14.5,0.0,10.9,53,1.0,3,10,2021-10-3-11
12,9011012065200000,MANY_SEATS_AVAILABLE,MANY_SEATS_AVAILABLE,2021,10,3,0,0,1,2,15.2,0.0,12.6,96,0.875,8,10,2021-10-3-12
13,9011012065200000,MANY_SEATS_AVAILABLE,MANY_SEATS_AVAILABLE,2021,10,3,0,0,1,2,15.7,0.0,10.2,99,1.0,3,10,2021-10-3-13
14,9011012065200000,MANY_SEATS_AVAILABLE,MANY_SEATS_AVAILABLE,2021,10,3,0,0,1,2,15.6,0.0,9.5,77,1.375,8,10,2021-10-3-14
15,9011012065200000,MANY_SEATS_AVAILABLE,MANY_SEATS_AVAILABLE,2021,10,3,0,0,1,3,15.3,0.0,8.3,87,1.1667,6,10,2021-10-3-15
16,9011012065200000,MANY_SEATS_AVAILABLE,MANY_SEATS_AVAILABLE,2021,10,3,0,0,1,3,14.7,0.0,8.6,97,0.6667,6,10,2021-10-3-16
17,9011012065200000,MANY_SEATS_AVAILABLE,MANY_SEATS_AVAILABLE,2021,10,3,0,0,1,3,13.5,0.0,6.5,95,1.0,4,10,2021-10-3-17
18,9011012065200000,EMPTY,EMPTY,2021,10,3,0,0,1,3,12.2,0.0,5.7,95,0.375,8,10,2021-10-3-18
19,9011012065200000,MANY_SEATS_AVAILABLE,MANY_SEATS_AVAILABLE,2021,10,3,0,0,1,4,11.9,0.0,7.9,87,0.6,10,10,2021-10-3-19
20,9011012065200000,MANY_SEATS_AVAILABLE,MANY_SEATS_AVAILABLE,2021,10,3,0,0,1,4,11.2,0.0,7.9,88,1.0,3,10,2021-10-3-20
16,9011012065200000,MANY_SEATS_AVAILABLE,MANY_SEATS_AVAILABLE,2021,10,4,0,0,1,3,13.8,0.0,5.8,86,1.0,5,10,2021-10-4-16
17,9011012065200000,MANY_SEATS_AVAILABLE,MANY_SEATS_AVAILABLE,2021,10,4,0,0,1,3,13.0,0.0,8.7,90,1.0,6,10,2021-10-4-17
18,9011012065200000,MANY_SEATS_AVAILABLE,MANY_SEATS_AVAILABLE,2021,10,4,0,0,1,3,12.4,0.0,7.0,88,1.0,3,10,2021-10-4-18
19,9011012065200000,MANY_SEATS_AVAILABLE,MANY_SEATS_AVAILABLE,2021,10,4,0,0,1,4,11.9,0.0,8.0,75,0.75,8,10,2021-10-4-19
20,9011012065200000,MANY_SEATS_AVAILABLE,MANY_SEATS_AVAILABLE,2021,10,4,0,0,1,4,11.2,0.0,9.9,27,1.0,3,10,2021-10-4-20
21,9011012065200000,MANY_SEATS_AVAILABLE,MANY_SEATS_AVAILABLE,2021,10,4,0,0,1,4,10.6,0.0,9.1,22,1.0,6,10,2021-10-4-21
22,9011012065200000,MANY_SEATS_AVAILABLE,MANY_SEATS_AVAILABLE,2021,10,4,0,0,1,4,10.5,0.0,8.3,54,0.7143,7,10,2021-10-4-22
23,9011012065200000,MANY_SEATS_AVAILABLE,MANY_SEATS_AVAILABLE,2021,10,4,0,0,1,0,10.6,0.0,8.7,97,1.0,3,10,2021-10-4-23
7,9011012065200000,MANY_SEATS_AVAILABLE,MANY_SEATS_AVAILABLE,2021,10,5,1,0,0,1,8.9,0.0,9.3,97,1.0,5,10,2021-10-5-07
8,9011012065200000,MANY_SEATS_AVAILABLE,MANY_SEATS_AVAILABLE,2021,10,5,1,0,0,1,10.0,0.0,11.1,97,1.0,4,10,2021-10-5-08
10,9011012065200000,MANY_SEATS_AVAILABLE,MANY_SEATS_AVAILABLE,2021,10,5,1,0,0,2,12.9,0.0,12.0,79,1.0,4,10,2021-10-5-10
11,9011012065200000,MANY_SEATS_AVAILABLE,MANY_SEATS_AVAILABLE,2021,10,5,1,0,0,2,13.2,0.0,12.9,71,0.8,5,10,2021-10-5-11
12,9011012065200000,MANY_SEATS_AVAILABLE,MANY_SEATS_AVAILABLE,2021,10,5,1,0,0,2,13.3,0.0,13.1,25,1.0,7,10,2021-10-5-12
13,9011012065200000,MANY_SEATS_AVAILABLE,MANY_SEATS_AVAILABLE,2021,10,5,1,0,0,2,13.3,0.0,14.8,6,1.3,10,10,2021-10-5-13
14,9011012065200000,MANY_SEATS_AVAILABLE,MANY_SEATS_AVAILABLE,2021,10,5,1,0,0,2,13.2,0.0,13.1,42,1.0,4,10,2021-10-5-14
16,9011012065200000,CROWDED,FEW_SEATS_AVAILABLE,2021,10,5,1,0,0,3,12.5,0.0,10.0,3,1.5,6,10,2021-10-5-16
17,9011012065200000,MANY_SEATS_AVAILABLE,MANY_SEATS_AVAILABLE,2021,10,5,1,0,0,3,11.3,0.0,9.0,0,1.2,10,10,2021-10-5-17
18,9011012065200000,MANY_SEATS_AVAILABLE,MANY_SEATS_AVAILABLE,2021,10,5,1,0,0,3,10.5,0.0,10.5,0,0.8,5,10,2021-10-5-18
20,9011012065200000,MANY_SEATS_AVAILABLE,MANY_SEATS_AVAILABLE,2021,10,5,1,0,0,4,10.2,0.0,12.6,0,0.6667,6,10,2021-10-5-20
21,9011012065200000,MANY_SEATS_AVAILABLE,MANY_SEATS_AVAILABLE,2021,10,5,1,0,0,4,10.6,0.0,14.5,22,1.0,4,10,2021-10-5-21
22,9011012065200000,MANY_SEATS_AVAILABLE,MANY_SEATS_AVAILABLE,2021,10,5,1,0,0,4,10.9,0.0,15.7,18,0.7143,7,10,2021-10-5-22
23,9011012065200000,CROWDED,FEW_SEATS_AVAILABLE,2021,10,5,1,0,0,0,10.9,0.0,14.6,49,1.75,4,10,2021-10-5-23
1,9011012065200000,MANY_SEATS_AVAILABLE,MANY_SEATS_AVAILABLE,2021,10,6,1,1,0,0,11.0,0.0,11.2,0,0.6667,6,10,2021-10-6-01
2,9011012065200000,EMPTY,EMPTY,2021,10,6,1,1,0,0,10.9,0.0,11.9,30,0.0,10,10,2021-10-6-02
3,9011012065200000,EMPTY,EMPTY,2021,10,6,1,1,0,0,10.8,0.0,12.4,0,0.0,10,10,2021-10-6-03
15,9011012065200000,MANY_SEATS_AVAILABLE,MANY_SEATS_AVAILABLE,2021,10,0,0,0,1,3,12.2,0.1,26.4,39,1.0,8,10,2021-10-0-15
16,9011012065200000,MANY_SEATS_AVAILABLE,MANY_SEATS_AVAILABLE,2021,10,0,0,0,1,3,11.7,0.2,25.9,34,1.375,8,10,2021-10-0-16
17,9011012065200000,MANY_SEATS_AVAILABLE,MANY_SEATS_AVAILABLE,2021,10,0,0,0,1,3,11.3,0.0,28.1,34,1.0,13,10,2021-10-0-17
18,9011012065200000,MANY_SEATS_AVAILABLE,MANY_SEATS_AVAILABLE,2021,10,0,0,0,1,3,11.0,0.0,30.8,28,1.0,13,10,2021-10-0-18
19,9011012065200000,MANY_SEATS_AVAILABLE,MANY_SEATS_AVAILABLE,2021,10,0,0,0,1,4,10.6,0.0,28.1,18,0.7,10,10,2021-10-0-19
20,9011012065200000,MANY_SEATS_AVAILABLE,MANY_SEATS_AVAILABLE,2021,10,0,0,0,1,4,10.4,0.0,30.6,25,0.7273,11,10,2021-10-0-20
21,9011012065200000,MANY_SEATS_AVAILABLE,MANY_SEATS_AVAILABLE,2021,10,0,0,0,1,4,10.1,0.0,33.7,32,1.0,4,10,2021-10-0-21
6,9011012065200000,MANY_SEATS_AVAILABLE,MANY_SEATS_AVAILABLE,2021,10,1,0,0,1,1,8.7,0.0,22.5,23,1.0,3,10,2021-10-1-06
7,9011012065200000,CROWDED,FEW_SEATS_AVAILABLE,2021,10,1,0,0,1,1,8.4,0.1,22.3,43,1.375,8,10,2021-10-1-07
8,9011012065200000,MANY_SEATS_AVAILABLE,MANY_SEATS_AVAILABLE,2021,10,1,0,0,1,1,8.9,0.0,21.7,29,1.0,3,10,2021-10-1-08
9,9011012065200000,MANY_SEATS_AVAILABLE,MANY_SEATS_AVAILABLE,2021,10,1,0,0,1,1,9.0,0.0,21.5,28,0.875,8,10,2021-10-1-09
10,9011012065200000,MANY_SEATS_AVAILABLE,MANY_SEATS_AVAILABLE,2021,10,1,0,0,1,2,8.8,0.3,25.1,46,1.0,2,10,2021-10-1-10
11,9011012065200000,MANY_SEATS_AVAILABLE,MANY_SEATS_AVAILABLE,2021,10,1,0,0,1,2,9.5,0.0,24.4,23,1.0,8,10,2021-10-1-11
13,9011012065200000,MANY_SEATS_AVAILABLE,MANY_SEATS_AVAILABLE,2021,10,1,0,0,1,2,10.0,0.0,29.4,1,1.6,10,10,2021-10-1-13
14,9011012065200000,CROWDED,FEW_SEATS_AVAILABLE,2021,10,1,0,0,1,2,10.2,0.1,29.6,12,1.6,5,10,2021-10-1-14
15,9011012065200000,CROWDED,FEW_SEATS_AVAILABLE,2021,10,1,0,0,1,3,10.1,0.0,28.3,1,1.5333,15,10,2021-10-1-15
16,9011012065200000,MANY_SEATS_AVAILABLE,MANY_SEATS_AVAILABLE,2021,10,1,0,0,1,3,9.9,0.0,24.1,17,0.875,8,10,2021-10-1-16
17,9011012065200000,MANY_SEATS_AVAILABLE,MANY_SEATS_AVAILABLE,2021,10,1,0,0,1,3,9.7,0.0,22.5,25,1.0,11,10,2021-10-1-17
18,9011012065200000,MANY_SEATS_AVAILABLE,MANY_SEATS_AVAILABLE,2021,10,1,0,0,1,3,9.8,0.0,26.0,49,0.875,8,10,2021-10-1-18
19,9011012065200000,MANY_SEATS_AVAILABLE,MANY_SEATS_AVAILABLE,2021,10,1,0,0,1,4,10.0,0.0,25.9,21,1.0,7,10,2021-10-1-19
20,9011012065200000,MANY_SEATS_AVAILABLE,MANY_SEATS_AVAILABLE,2021,10,1,0,0,1,4,9.8,0.0,20.6,19,0.9091,11,10,2021-10-1-20
21,9011012065200000,MANY_SEATS_AVAILABLE,MANY_SEATS_AVAILABLE,2021,10,1,0,0,1,4,9.6,0.0,15.6,54,1.0,10,10,2021-10-1-21
22,9011012065200000,MANY_SEATS_AVAILABLE,MANY_SEATS_AVAILABLE,2021,10,1,0,0,1,4,9.5,0.0,13.3,39,0.8571,7,10,2021-10-1-22
23,9011012065200000,MANY_SEATS_AVAILABLE,MANY_SEATS_AVAILABLE,2021,10,1,0,0,1,0,9.2,0.0,13.8,30,0.75,4,10,2021-10-1-23
5,9011012065200000,MANY_SEATS_AVAILABLE,MANY_SEATS_AVAILABLE,2021,10,2,0,0,1,1,8.5,0.0,9.3,0,0.8571,7,10,2021-10-2-05
6,9011012065200000,MANY_SEATS_AVAILABLE,MANY_SEATS_AVAILABLE,2021,10,2,0,0,1,1,8.5,0.0,10.0,4,1.0,9,10,2021-10-2-06
9,9011012065200000,MANY_SEATS_AVAILABLE,MANY_SEATS_AVAILABLE,2021,10,3,0,0,1,1,11.6,0.0,20.2,98,1.0,8,10,2021-10-3-09
10,9011012065200000,MANY_SEATS_AVAILABLE,MANY_SEATS_AVAILABLE,2021,10,3,0,0,1,2,12.2,0.0,20.3,100,1.0,4,10,2021-10-3-10
11,9011012065200000,MANY_SEATS_AVAILABLE,MANY_SEATS_AVAILABLE,2021,10,3,0,0,1,2,12.8,0.0,23.5,100,0.875,8,10,2021-10-3-11
12,9011012065200000,MANY_SEATS_AVAILABLE,MANY_SEATS_AVAILABLE,2021,10,3,0,0,1,2,13.7,0.2,27.1,100,1.0,2,10,2021-10-3-12
13,9011012065200000,MANY_SEATS_AVAILABLE,MANY_SEATS_AVAILABLE,2021,10,3,0,0,1,2,13.3,0.0,22.0,100,0.8889,9,10,2021-10-3-13
14,9011012065200000,MANY_SEATS_AVAILABLE,MANY_SEATS_AVAILABLE,2021,10,3,0,0,1,2,12.7,0.1,19.8,100,1.5,4,10,2021-10-3-14
15,9011012065200000,MANY_SEATS_AVAILABLE,MANY_SEATS_AVAILABLE,2021,10,3,0,0,1,3,12.5,0.2,20.1,100,1.3,10,10,2021-10-3-15
16,9011012065200000,MANY_SEATS_AVAILABLE,MANY_SEATS_AVAILABLE,2021,10,3,0,0,1,3,12.2,0.2,23.2,100,1.1667,6,10,2021-10-3-16
17,9011012065200000,MANY_SEATS_AVAILABLE,MANY_SEATS_AVAILABLE,2021,10,3,0,0,1,3,12.0,0.1,23.9,100,1.0,7,10,2021-10-3-17
18,9011012065200000,MANY_SEATS_AVAILABLE,MANY_SEATS_AVAILABLE,2021,10,3,0,0,1,3,11.9,0.0,24.4,100,1.0,3,10,2021-10-3-18
19,9011012065200000,EMPTY,EMPTY,2021,10,3,0,0,1,4,11.9,0.0,25.6,100,0.375,8,10,2021-10-3-19
20,9011012065200000,MANY_SEATS_AVAILABLE,MANY_SEATS_AVAILABLE,2021,10,3,0,0,1,4,12.1,0.0,28.0,100,1.0,3,10,2021-10-3-20
21,9011012065200000,MANY_SEATS_AVAILABLE,MANY_SEATS_AVAILABLE,2021,10,3,0,0,1,4,11.9,0.1,27.2,100,1.0,7,10,2021-10-3-21
22,9011012065200000,MANY_SEATS_AVAILABLE,MANY_SEATS_AVAILABLE,2021,10,3,0,0,1,4,12.0,0.0,30.6,100,1.0,8,10,2021-10-3-22
23,9011012065200000,MANY_SEATS_AVAILABLE,MANY_SEATS_AVAILABLE,2021,10,3,0,0,1,0,12.1,0.0,30.1,100,1.0,3,10,2021-10-3-23
7,9011012065200000,MANY_SEATS_AVAILABLE,MANY_SEATS_AVAILABLE,2021,10,4,0,0,1,1,11.2,1.2,30.1,100,1.4444,9,10,2021-10-4-07
8,9011012065200000,MANY_SEATS_AVAILABLE,MANY_SEATS_AVAILABLE,2021,10,4,0,0,1,1,10.6,1.1,22.7,100,0.75,4,10,2021-10-4-08
9,9011012065200000,MANY_SEATS_AVAILABLE,MANY_SEATS_AVAILABLE,2021,10,4,0,0,1,1,10.8,0.0,27.4,100,0.7143,7,10,2021-10-4-09
10,9011012065200000,MANY_SEATS_AVAILABLE,MANY_SEATS_AVAILABLE,2021,10,4,0,0,1,2,11.1,0.1,27.8,100,1.0,4,10,2021-10-4-10
11,9011012065200000,MANY_SEATS_AVAILABLE,MANY_SEATS_AVAILABLE,2021,10,4,0,0,1,2,11.6,0.0,34.7,100,1.0,8,10,2021-10-4-11
12,9011012065200000,CROWDED,FEW_SEATS_AVAILABLE,2021,10,4,0,0,1,2,12.2,0.0,33.8,46,1.6667,3,10,2021-10-4-12
13,9011012065200000,MANY_SEATS_AVAILABLE,MANY_SEATS_AVAILABLE,2021,10,4,0,0,1,2,12.2,0.0,27.7,66,1.25,8,10,2021-10-4-13
14,9011012065200000,CROWDED,FEW_SEATS_AVAILABLE,2021,10,4,0,0,1,2,12.7,0.0,29.2,10,1.6667,3,10,2021-10-4-14
15,9011012065200000,MANY_SEATS_AVAILABLE,MANY_SEATS_AVAILABLE,2021,10,4,0,0,1,3,12.5,0.0,29.7,18,1.125,8,10,2021-10-4-15
16,9011012065200000,MANY_SEATS_AVAILABLE,MANY_SEATS_AVAILABLE,2021,10,4,0,0,1,3,12.0,0.0,25.5,5,1.0,5,10,2021-10-4-16
17,9011012065200000,MANY_SEATS_AVAILABLE,MANY_SEATS_AVAILABLE,2021,10,4,0,0,1,3,11.4,0.0,19.7,66,1.0,6,10,2021-10-4-17
18,9011012065200000,MANY_SEATS_AVAILABLE,MANY_SEATS_AVAILABLE,2021,10,4,0,0,1,3,10.9,0.0,18.5,85,1.0,2,10,2021-10-4-18
19,9011012065200000,MANY_SEATS_AVAILABLE,MANY_SEATS_AVAILABLE,2021,10,4,0,0,1,4,10.6,0.0,23.4,76,0.6667,9,10,2021-10-4-19
20,9011012065200000,CROWDED,FEW_SEATS_AVAILABLE,2021,10,4,0,0,1,4,10.2,0.0,27.8,34,1.6667,3,10,2021-10-4-20
21,9011012065200000,EMPTY,EMPTY,2021,10,4,0,0,1,4,9.8,0.0,28.4,98,0.4286,7,10,2021-10-4-21
22,9011012065200000,MANY_SEATS_AVAILABLE,MANY_SEATS_AVAILABLE,2021,10,4,0,0,1,4,9.5,0.0,29.0,91,1.75,8,10,2021-10-4-22
23,9011012065200000,MANY_SEATS_AVAILABLE,MANY_SEATS_AVAILABLE,2021,10,4,0,0,1,0,9.5,0.0,30.1,87,1.0,3,10,2021-10-4-23
7,9011012065200000,MANY_SEATS_AVAILABLE,MANY_SEATS_AVAILABLE,2021,10,6,1,1,0,1,9.6,0.6,16.6,100,1.0,4,10,2021-10-6-07
8,9011012065200000,MANY_SEATS_AVAILABLE,MANY_SEATS_AVAILABLE,2021,10,6,1,1,0,1,9.7,0.5,14.9,100,0.8,5,10,2021-10-6-08
9,9011012065200000,MANY_SEATS_AVAILABLE,MANY_SEATS_AVAILABLE,2021,10,6,1,1,0,1,9.9,0.2,16.5,100,1.0,6,10,2021-10-6-09
10,9011012065200000,MANY_SEATS_AVAILABLE,MANY_SEATS_AVAILABLE,2021,10,6,1,1,0,2,10.1,0.0,16.8,100,1.0,4,10,2021-10-6-10
11,9011012065200000,EMPTY,EMPTY,2021,10,6,1,1,0,2,10.7,0.0,18.1,100,0.5,6,10,2021-10-6-11
12,9011012065200000,MANY_SEATS_AVAILABLE,MANY_SEATS_AVAILABLE,2021,10,6,1,1,0,2,11.5,0.1,20.6,100,1.0,9,10,2021-10-6-12
13,9011012065200000,MANY_SEATS_AVAILABLE,MANY_SEATS_AVAILABLE,2021,10,6,1,1,0,2,10.5,0.0,21.1,100,1.4,5,10,2021-10-6-13
14,9011012065200000,MANY_SEATS_AVAILABLE,MANY_SEATS_AVAILABLE,2021,10,6,1,1,0,2,10.7,0.0,19.9,100,1.0,6,10,2021-10-6-14
15,9011012065200000,MANY_SEATS_AVAILABLE,MANY_SEATS_AVAILABLE,2021,10,6,1,1,0,3,11.1,0.0,20.9,100,1.0,10,10,2021-10-6-15
16,9011012065200000,MANY_SEATS_AVAILABLE,MANY_SEATS_AVAILABLE,2021,10,6,1,1,0,3,11.0,0.0,19.8,100,1.0,4,10,2021-10-6-16
17,9011012065200000,MANY_SEATS_AVAILABLE,MANY_SEATS_AVAILABLE,2021,10,6,1,1,0,3,10.5,0.0,20.5,97,1.0,7,10,2021-10-6-17
18,9011012065200000,MANY_SEATS_AVAILABLE,MANY_SEATS_AVAILABLE,2021,10,6,1,1,0,3,10.1,0.0,18.3,100,1.0,11,10,2021-10-6-18
19,9011012065200000,MANY_SEATS_AVAILABLE,MANY_SEATS_AVAILABLE,2021,10,6,1,1,0,4,9.9,0.0,16.0,100,1.0,10,10,2021-10-6-19
20,9011012065200000,MANY_SEATS_AVAILABLE,MANY_SEATS_AVAILABLE,2021,10,6,1,1,0,4,9.7,0.0,14.0,100,1.0,4,10,2021-10-6-20
5,9011012065200000,MANY_SEATS_AVAILABLE,MANY_SEATS_AVAILABLE,2021,10,0,0,0,1,1,8.3,0.1,7.3,100,1.0,6,10,2021-10-0-05
6,9011012065200000,MANY_SEATS_AVAILABLE,MANY_SEATS_AVAILABLE,2021,10,0,0,0,1,1,8.1,0.1,9.1,100,1.0,4,10,2021-10-0-06
7,9011012065200000,MANY_SEATS_AVAILABLE,MANY_SEATS_AVAILABLE,2021,10,0,0,0,1,1,8.0,0.1,9.8,100,0.8571,7,10,2021-10-0-07
8,9011012065200000,CROWDED,FEW_SEATS_AVAILABLE,2021,10,0,0,0,1,1,8.0,0.6,10.5,100,1.75,4,10,2021-10-0-08
9,9011012065200000,MANY_SEATS_AVAILABLE,MANY_SEATS_AVAILABLE,2021,10,0,0,0,1,1,8.0,0.2,11.7,100,1.25,8,10,2021-10-0-09
10,9011012065200000,MANY_SEATS_AVAILABLE,MANY_SEATS_AVAILABLE,2021,10,0,0,0,1,2,8.2,0.4,13.4,100,1.0,3,10,2021-10-0-10
11,9011012065200000,MANY_SEATS_AVAILABLE,MANY_SEATS_AVAILABLE,2021,10,0,0,0,1,2,8.3,0.2,14.4,100,0.75,8,10,2021-10-0-11
12,9011012065200000,MANY_SEATS_AVAILABLE,MANY_SEATS_AVAILABLE,2021,10,0,0,0,1,2,8.5,0.2,15.5,100,1.0,3,10,2021-10-0-12
13,9011012065200000,MANY_SEATS_AVAILABLE,MANY_SEATS_AVAILABLE,2021,10,0,0,0,1,2,8.5,0.1,12.7,100,0.875,8,10,2021-10-0-13
14,9011012065200000,MANY_SEATS_AVAILABLE,MANY_SEATS_AVAILABLE,2021,10,0,0,0,1,2,8.6,0.1,12.4,100,1.5,4,10,2021-10-0-14
15,9011012065200000,MANY_SEATS_AVAILABLE,MANY_SEATS_AVAILABLE,2021,10,0,0,0,1,3,8.6,0.2,14.6,100,0.875,8,10,2021-10-0-15
16,9011012065200000,CROWDED,STANDING_ROOM_ONLY,2021,10,0,0,0,1,3,8.5,0.1,15.5,100,2.25,4,10,2021-10-0-16
17,9011012065200000,MANY_SEATS_AVAILABLE,MANY_SEATS_AVAILABLE,2021,10,0,0,0,1,3,8.3,0.1,16.4,100,1.0,13,10,2021-10-0-17
18,9011012065200000,MANY_SEATS_AVAILABLE,MANY_SEATS_AVAILABLE,2021,10,0,0,0,1,3,8.1,0.0,15.2,100,1.0,7,10,2021-10-0-18
20,9011012065200000,MANY_SEATS_AVAILABLE,MANY_SEATS_AVAILABLE,2021,10,0,0,0,1,4,8.0,0.5,17.2,100,1.0,8,10,2021-10-0-20
21,9011012065200000,MANY_SEATS_AVAILABLE,MANY_SEATS_AVAILABLE,2021,10,0,0,0,1,4,8.1,0.8,17.8,100,1.0,4,10,2021-10-0-21
7,9011012065200000,CROWDED,FEW_SEATS_AVAILABLE,2021,10,1,0,0,1,1,11.2,0.0,18.6,100,1.5,6,10,2021-10-1-07
8,9011012065200000,CROWDED,FEW_SEATS_AVAILABLE,2021,10,1,0,0,1,1,11.3,0.4,15.9,100,1.75,8,10,2021-10-1-08
9,9011012065200000,CROWDED,STANDING_ROOM_ONLY,2021,10,1,0,0,1,1,11.3,0.3,17.7,100,2.5,2,10,2021-10-1-09
10,9011012065200000,CROWDED,FEW_SEATS_AVAILABLE,2021,10,1,0,0,1,2,11.3,0.4,17.8,100,2.0,7,10,2021-10-1-10
11,9011012065200000,CROWDED,FEW_SEATS_AVAILABLE,2021,10,1,0,0,1,2,11.8,0.0,17.8,100,2.0,5,10,2021-10-1-11
12,9011012065200000,CROWDED,FEW_SEATS_AVAILABLE,2021,10,1,0,0,1,2,12.3,0.0,19.4,100,2.25,8,10,2021-10-1-12
13,9011012065200000,CROWDED,FEW_SEATS_AVAILABLE,2021,10,1,0,0,1,2,11.7,0.1,19.6,100,2.5,4,10,2021-10-1-13
14,9011012065200000,CROWDED,FEW_SEATS_AVAILABLE,2021,10,1,0,0,1,2,12.1,0.0,19.8,100,1.75,8,10,2021-10-1-14
15,9011012065200000,CROWDED,STANDING_ROOM_ONLY,2021,10,1,0,0,1,3,12.1,0.2,19.2,100,2.6,5,10,2021-10-1-15
16,9011012065200000,MANY_SEATS_AVAILABLE,MANY_SEATS_AVAILABLE,2021,10,1,0,0,1,3,12.0,0.9,19.6,100,1.4,15,10,2021-10-1-16
17,9011012065200000,MANY_SEATS_AVAILABLE,MANY_SEATS_AVAILABLE,2021,10,1,0,0,1,3,12.3,0.4,19.4,100,1.0,7,10,2021-10-1-17
18,9011012065200000,MANY_SEATS_AVAILABLE,MANY_SEATS_AVAILABLE,2021,10,1,0,0,1,3,12.6,0.0,22.8,100,1.0667,15,10,2021-10-1-18
19,9011012065200000,MANY_SEATS_AVAILABLE,MANY_SEATS_AVAILABLE,2021,10,1,0,0,1,4,12.8,1.3,22.8,100,1.0,15,10,2021-10-1-19
20,9011012065200000,MANY_SEATS_AVAILABLE,MANY_SEATS_AVAILABLE,2021,10,1,0,0,1,4,12.9,1.0,25.9,100,1.0,3,10,2021-10-1-20
5,9011012065200000,MANY_SEATS_AVAILABLE,MANY_SEATS_AVAILABLE,2021,10,2,0,0,1,1,14.7,0.0,33.7,100,1.0,7,10,2021-10-2-05
6,9011012065200000,EMPTY,EMPTY,2021,10,2,0,0,1,1,14.8,0.2,32.6,100,0.25,4,10,2021-10-2-06
7,9011012065200000,EMPTY,EMPTY,2021,10,2,0,0,1,1,14.6,2.1,34.4,100,0.4667,15,10,2021-10-2-07
8,9011012065200000,EMPTY,EMPTY,2021,10,2,0,0,1,1,14.9,0.1,37.0,100,0.7857,14,10,2021-10-2-08
9,9011012065200000,CROWDED,FEW_SEATS_AVAILABLE,2021,10,2,0,0,1,1,14.9,0.1,38.9,100,1.4,10,10,2021-10-2-09
10,9011012065200000,MANY_SEATS_AVAILABLE,MANY_SEATS_AVAILABLE,2021,10,2,0,0,1,2,14.7,0.0,38.3,100,1.2727,11,10,2021-10-2-10
11,9011012065200000,MANY_SEATS_AVAILABLE,MANY_SEATS_AVAILABLE,2021,10,2,0,0,1,2,14.8,0.1,40.4,100,0.75,12,10,2021-10-2-11
12,9011012065200000,MANY_SEATS_AVAILABLE,MANY_SEATS_AVAILABLE,2021,10,2,0,0,1,2,14.7,0.5,39.1,100,1.4,10,10,2021-10-2-12
13,9011012065200000,MANY_SEATS_AVAILABLE,MANY_SEATS_AVAILABLE,2021,10,2,0,0,1,2,14.6,0.2,41.8,100,1.0,13,10,2021-10-2-13
14,9011012065200000,MANY_SEATS_AVAILABLE,MANY_SEATS_AVAILABLE,2021,10,2,0,0,1,2,14.7,0.8,46.1,100,0.9,10,10,2021-10-2-14
15,9011012065200000,MANY_SEATS_AVAILABLE,MANY_SEATS_AVAILABLE,2021,10,2,0,0,1,3,14.5,0.2,37.5,100,2.0,5,10,2021-10-2-15
16,9011012065200000,MANY_SEATS_AVAILABLE,MANY_SEATS_AVAILABLE,2021,10,2,0,0,1,3,14.2,0.4,37.2,100,1.3333,6,10,2021-10-2-16
17,9011012065200000,MANY_SEATS_AVAILABLE,MANY_SEATS_AVAILABLE,2021,10,2,0,0,1,3,14.0,0.1,36.3,100,1.2143,14,10,2021-10-2-17
18,9011012065200000,MANY_SEATS_AVAILABLE,MANY_SEATS_AVAILABLE,2021,10,2,0,0,1,3,13.7,0.5,34.4,100,1.0,10,10,2021-10-2-18
19,9011012065200000,MANY_SEATS_AVAILABLE,MANY_SEATS_AVAILABLE,2021,10,2,0,0,1,4,14.0,0.1,40.1,75,0.6,10,10,2021-10-2-19
20,9011012065200000,MANY_SEATS_AVAILABLE,MANY_SEATS_AVAILABLE,2021,10,2,0,0,1,4,13.8,0.0,38.4,85,1.0,3,10,2021-10-2-20
6,9011012065200000,MANY_SEATS_AVAILABLE,MANY_SEATS_AVAILABLE,2021,10,3,0,0,1,1,12.0,0.0,19.9,100,1.0,3,10,2021-10-3-06
7,9011012065200000,CROWDED,STANDING_ROOM_ONLY,2021,10,3,0,0,1,1,11.9,0.8,13.4,100,2.125,8,10,2021-10-3-07
8,9011012065200000,MANY_SEATS_AVAILABLE,MANY_SEATS_AVAILABLE,2021,10,3,0,0,1,1,11.5,4.9,6.5,100,1.0,3,10,2021-10-3-08
9,9011012065200000,MANY_SEATS_AVAILABLE,MANY_SEATS_AVAILABLE,2021,10,3,0,0,1,1,11.5,13.8,8.4,100,0.75,8,10,2021-10-3-09
19,9011012065200000,MANY_SEATS_AVAILABLE,MANY_SEATS_AVAILABLE,2021,10,3,0,0,1,4,8.7,0.0,42.5,39,1.0,2,10,2021-10-3-19
20,9011012065200000,MANY_SEATS_AVAILABLE,MANY_SEATS_AVAILABLE,2021,10,3,0,0,1,4,8.4,0.0,42.2,9,0.875,8,10,2021-10-3-20
21,9011012065200000,EMPTY,EMPTY,2021,10,3,0,0,1,4,8.1,0.0,43.9,18,0.5,8,10,2021-10-3-21
22,9011012065200000,MANY_SEATS_AVAILABLE,MANY_SEATS_AVAILABLE,2021,10,3,0,0,1,4,8.0,0.0,44.8,24,0.6667,3,10,2021-10-3-22
8,9011012065200000,EMPTY,EMPTY,2021,10,6,1,1,0,1,10.1,0.0,22.4,100,0.3333,6,10,2021-10-6-08
9,9011012065200000,MANY_SEATS_AVAILABLE,MANY_SEATS_AVAILABLE,2021,10,6,1,1,0,1,10.6,0.0,24.4,100,1.0,4,10,2021-10-6-09
11,9011012065200000,MANY_SEATS_AVAILABLE,MANY_SEATS_AVAILABLE,2021,10,6,1,1,0,2,11.0,0.0,26.6,100,0.8571,7,10,2021-10-6-11
12,9011012065200000,MANY_SEATS_AVAILABLE,MANY_SEATS_AVAILABLE,2021,10,6,1,1,0,2,11.1,0.0,27.1,86,0.8,5,10,2021-10-6-12
15,9011012065200000,EMPTY,EMPTY,2021,10,6,1,1,0,3,10.7,0.0,21.1,73,0.5,6,10,2021-10-6-15
16,9011012065200000,MANY_SEATS_AVAILABLE,MANY_SEATS_AVAILABLE,2021,10,6,1,1,0,3,10.3,0.0,20.8,21,1.0,4,10,2021-10-6-16
6,9011012065200000,MANY_SEATS_AVAILABLE,MANY_SEATS_AVAILABLE,2021,10,0,0,0,1,1,8.7,0.0,17.0,0,1.0,3,10,2021-10-0-06
7,9011012065200000,MANY_SEATS_AVAILABLE,MANY_SEATS_AVAILABLE,2021,10,0,0,0,1,1,8.7,0.0,16.3,0,1.5,8,10,2021-10-0-07
8,9011012065200000,MANY_SEATS_AVAILABLE,MANY_SEATS_AVAILABLE,2021,10,0,0,0,1,1,9.1,0.0,16.9,36,1.0,3,10,2021-10-0-08
9,9011012065200000,MANY_SEATS_AVAILABLE,MANY_SEATS_AVAILABLE,2021,10,0,0,0,1,1,9.7,0.0,19.1,20,1.0,7,10,2021-10-0-09
10,9011012065200000,MANY_SEATS_AVAILABLE,MANY_SEATS_AVAILABLE,2021,10,0,0,0,1,2,9.8,0.0,19.7,2,1.0,3,10,2021-10-0-10
11,9011012065200000,MANY_SEATS_AVAILABLE,MANY_SEATS_AVAILABLE,2021,10,0,0,0,1,2,9.9,0.0,19.1,98,1.0,8,10,2021-10-0-11
13,9011012065200000,MANY_SEATS_AVAILABLE,MANY_SEATS_AVAILABLE,2021,10,0,0,0,1,2,10.4,0.0,20.7,100,0.875,8,10,2021-10-0-13
14,9011012065200000,MANY_SEATS_AVAILABLE,MANY_SEATS_AVAILABLE,2021,10,0,0,0,1,2,10.6,0.0,19.9,100,1.0,4,10,2021-10-0-14
15,9011012065200000,MANY_SEATS_AVAILABLE,MANY_SEATS_AVAILABLE,2021,10,0,0,0,1,3,10.4,0.0,18.4,99,1.125,8,10,2021-10-0-15
16,9011012065200000,MANY_SEATS_AVAILABLE,MANY_SEATS_AVAILABLE,2021,10,0,0,0,1,3,10.2,0.0,16.6,100,1.0,4,10,2021-10-0-16
17,9011012065200000,MANY_SEATS_AVAILABLE,MANY_SEATS_AVAILABLE,2021,10,0,0,0,1,3,9.7,0.0,17.2,98,0.6667,15,10,2021-10-0-17
18,9011012065200000,MANY_SEATS_AVAILABLE,MANY_SEATS_AVAILABLE,2021,10,0,0,0,1,3,9.6,0.0,16.7,100,0.75,4,10,2021-10-0-18
19,9011012065200000,MANY_SEATS_AVAILABLE,MANY_SEATS_AVAILABLE,2021,10,0,0,0,1,4,9.7,0.0,15.8,100,0.75,8,10,2021-10-0-19
20,9011012065200000,MANY_SEATS_AVAILABLE,MANY_SEATS_AVAILABLE,2021,10,0,0,0,1,4,10.0,0.0,16.4,99,0.5,4,10,2021-10-0-20
21,9011012065200000,MANY_SEATS_AVAILABLE,MANY_SEATS_AVAILABLE,2021,10,0,0,0,1,4,10.1,0.4,16.7,100,0.6667,6,10,2021-10-0-21
22,9011012065200000,MANY_SEATS_AVAILABLE,MANY_SEATS_AVAILABLE,2021,10,0,0,0,1,4,10.5,1.1,17.7,100,1.0,7,10,2021-10-0-22
23,9011012065200000,MANY_SEATS_AVAILABLE,MANY_SEATS_AVAILABLE,2021,10,0,0,0,1,0,10.5,1.6,18.6,100,1.0,2,10,2021-10-0-23
7,9011012065200000,MANY_SEATS_AVAILABLE,MANY_SEATS_AVAILABLE,2021,10,1,0,0,1,1,10.6,0.2,25.5,100,0.5,6,10,2021-10-1-07
8,9011012065200000,MANY_SEATS_AVAILABLE,MANY_SEATS_AVAILABLE,2021,10,1,0,0,1,1,10.8,0.1,27.0,100,0.875,8,10,2021-10-1-08
9,9011012065200000,MANY_SEATS_AVAILABLE,MANY_SEATS_AVAILABLE,2021,10,1,0,0,1,1,11.1,0.8,25.4,100,1.0,2,10,2021-10-1-09
10,9011012065200000,MANY_SEATS_AVAILABLE,MANY_SEATS_AVAILABLE,2021,10,1,0,0,1,2,11.3,5.0,25.1,100,1.0,8,10,2021-10-1-10
11,9011012065200000,MANY_SEATS_AVAILABLE,MANY_SEATS_AVAILABLE,2021,10,1,0,0,1,2,11.3,2.4,24.5,100,1.0,3,10,2021-10-1-11
12,9011012065200000,MANY_SEATS_AVAILABLE,MANY_SEATS_AVAILABLE,2021,10,1,0,0,1,2,11.6,0.1,25.0,87,0.8571,7,10,2021-10-1-12
13,9011012065200000,MANY_SEATS_AVAILABLE,MANY_SEATS_AVAILABLE,2021,10,1,0,0,1,2,11.7,0.0,20.7,99,0.8,5,10,2021-10-1-13
14,9011012065200000,CROWDED,FEW_SEATS_AVAILABLE,2021,10,1,0,0,1,2,11.2,0.0,21.7,99,1.375,8,10,2021-10-1-14
15,9011012065200000,MANY_SEATS_AVAILABLE,MANY_SEATS_AVAILABLE,2021,10,1,0,0,1,3,11.1,0.0,19.4,48,0.75,4,10,2021-10-1-15
16,9011012065200000,MANY_SEATS_AVAILABLE,MANY_SEATS_AVAILABLE,2021,10,1,0,0,1,3,11.1,0.0,20.5,49,0.8333,6,10,2021-10-1-16
17,9011012065200000,MANY_SEATS_AVAILABLE,MANY_SEATS_AVAILABLE,2021,10,1,0,0,1,3,10.7,0.0,19.2,79,1.0,4,10,2021-10-1-17
18,9011012065200000,MANY_SEATS_AVAILABLE,MANY_SEATS_AVAILABLE,2021,10,1,0,0,1,3,10.6,0.3,19.5,100,1.0,8,10,2021-10-1-18
19,9011012065200000,MANY_SEATS_AVAILABLE,MANY_SEATS_AVAILABLE,2021,10,1,0,0,1,4,10.4,0.3,20.5,100,0.6,10,10,2021-10-1-19
20,9011012065200000,EMPTY,EMPTY,2021,10,1,0,0,1,4,10.0,0.0,19.1,100,0.0,3,10,2021-10-1-20
9,9011012065200000,MANY_SEATS_AVAILABLE,MANY_SEATS_AVAILABLE,2021,10,2,0,0,1,1,13.1,0.0,34.2,100,1.0,4,10,2021-10-2-09
10,9011012065200000,MANY_SEATS_AVAILABLE,MANY_SEATS_AVAILABLE,2021,10,2,0,0,1,2,13.4,0.1,35.1,100,0.8571,7,10,2021-10-2-10
11,9011012065200000,MANY_SEATS_AVAILABLE,MANY_SEATS_AVAILABLE,2021,10,2,0,0,1,2,13.3,0.1,35.0,100,1.0,3,10,2021-10-2-11
12,9011012065200000,MANY_SEATS_AVAILABLE,MANY_SEATS_AVAILABLE,2021,10,2,0,0,1,2,13.4,0.0,34.6,100,1.0,8,10,2021-10-2-12
15,9011012065200000,EMPTY,EMPTY,2021,10,2,0,0,1,3,13.6,0.0,33.2,100,0.3333,3,10,2021-10-2-15
16,9011012065200000,MANY_SEATS_AVAILABLE,MANY_SEATS_AVAILABLE,2021,10,2,0,0,1,3,13.5,0.0,30.6,100,1.0,5,10,2021-10-2-16
17,9011012065200000,MANY_SEATS_AVAILABLE,MANY_SEATS_AVAILABLE,2021,10,2,0,0,1,3,13.5,0.0,30.8,100,1.0,4,10,2021-10-2-17
18,9011012065200000,MANY_SEATS_AVAILABLE,MANY_SEATS_AVAILABLE,2021,10,2,0,0,1,3,13.5,0.0,31.9,100,1.0,8,10,2021-10-2-18
19,9011012065200000,EMPTY,EMPTY,2021,10,2,0,0,1,4,13.4,0.0,33.4,100,0.4444,9,10,2021-10-2-19
20,9011012065200000,MANY_SEATS_AVAILABLE,MANY_SEATS_AVAILABLE,2021,10,2,0,0,1,4,13.3,0.0,30.8,100,1.0,2,10,2021-10-2-20
6,9011012065200000,MANY_SEATS_AVAILABLE,MANY_SEATS_AVAILABLE,2021,10,3,0,0,1,1,12.3,0.0,24.0,100,1.0,2,10,2021-10-3-06
7,9011012065200000,MANY_SEATS_AVAILABLE,MANY_SEATS_AVAILABLE,2021,10,3,0,0,1,1,11.9,0.0,23.7,100,1.3571,14,10,2021-10-3-07
8,9011012065200000,MANY_SEATS_AVAILABLE,MANY_SEATS_AVAILABLE,2021,10,3,0,0,1,1,11.4,0.0,22.1,100,1.0,10,10,2021-10-3-08
9,9011012065200000,MANY_SEATS_AVAILABLE,MANY_SEATS_AVAILABLE,2021,10,3,0,0,1,1,11.5,0.0,22.9,79,0.9,10,10,2021-10-3-09
10,9011012065200000,MANY_SEATS_AVAILABLE,MANY_SEATS_AVAILABLE,2021,10,3,0,0,1,2,11.7,0.0,23.1,26,1.0,11,10,2021-10-3-10
11,9011012065200000,MANY_SEATS_AVAILABLE,MANY_SEATS_AVAILABLE,2021,10,3,0,0,1,2,12.0,0.0,25.6,57,0.9231,13,10,2021-10-3-11
12,9011012065200000,MANY_SEATS_AVAILABLE,MANY_SEATS_AVAILABLE,2021,10,3,0,0,1,2,12.3,0.0,22.6,36,0.9091,11,10,2021-10-3-12
13,9011012065200000,MANY_SEATS_AVAILABLE,MANY_SEATS_AVAILABLE,2021,10,3,0,0,1,2,12.3,0.0,18.1,36,1.0,10,10,2021-10-3-13
14,9011012065200000,MANY_SEATS_AVAILABLE,MANY_SEATS_AVAILABLE,2021,10,3,0,0,1,2,12.3,0.0,19.1,17,1.3333,12,10,2021-10-3-14
15,9011012065200000,MANY_SEATS_AVAILABLE,MANY_SEATS_AVAILABLE,2021,10,3,0,0,1,3,12.1,0.0,18.7,37,1.6923,13,10,2021-10-3-15
16,9011012065200000,CROWDED,FEW_SEATS_AVAILABLE,2021,10,3,0,0,1,3,11.6,0.0,20.2,13,1.5,10,10,2021-10-3-16
17,9011012065200000,MANY_SEATS_AVAILABLE,MANY_SEATS_AVAILABLE,2021,10,3,0,0,1,3,11.4,0.0,19.1,3,0.9231,13,10,2021-10-3-17
18,9011012065200000,MANY_SEATS_AVAILABLE,MANY_SEATS_AVAILABLE,2021,10,3,0,0,1,3,11.6,0.0,19.2,0,0.9091,11,10,2021-10-3-18
19,9011012065200000,MANY_SEATS_AVAILABLE,MANY_SEATS_AVAILABLE,2021,10,3,0,0,1,4,12.0,0.0,21.3,0,0.5882,17,10,2021-10-3-19
20,9011012065200000,MANY_SEATS_AVAILABLE,MANY_SEATS_AVAILABLE,2021,10,3,0,0,1,4,12.1,0.0,23.1,0,1.0,3,10,2021-10-3-20
6,9011012065200000,MANY_SEATS_AVAILABLE,MANY_SEATS_AVAILABLE,2021,10,4,0,0,1,1,9.8,0.0,20.2,0,1.0,1,10,2021-10-4-06
7,9011012065200000,MANY_SEATS_AVAILABLE,MANY_SEATS_AVAILABLE,2021,10,4,0,0,1,1,9.7,0.0,16.8,0,1.0,11,10,2021-10-4-07
8,9011012065200000,MANY_SEATS_AVAILABLE,MANY_SEATS_AVAILABLE,2021,10,4,0,0,1,1,9.7,0.0,20.2,0,1.0,3,10,2021-10-4-08
9,9011012065200000,MANY_SEATS_AVAILABLE,MANY_SEATS_AVAILABLE,2021,10,4,0,0,1,1,10.3,0.0,21.2,4,0.625,8,10,2021-10-4-09
10,9011012065200000,MANY_SEATS_AVAILABLE,MANY_SEATS_AVAILABLE,2021,10,4,0,0,1,2,10.8,0.0,20.2,0,1.0,3,10,2021-10-4-10
11,9011012065200000,MANY_SEATS_AVAILABLE,MANY_SEATS_AVAILABLE,2021,10,4,0,0,1,2,11.2,0.0,19.4,0,1.0,7,10,2021-10-4-11
12,9011012065200000,MANY_SEATS_AVAILABLE,MANY_SEATS_AVAILABLE,2021,10,4,0,0,1,2,11.6,0.0,18.7,0,1.0,3,10,2021-10-4-12
13,9011012065200000,MANY_SEATS_AVAILABLE,MANY_SEATS_AVAILABLE,2021,10,4,0,0,1,2,11.9,0.0,18.7,0,1.0,8,10,2021-10-4-13
14,9011012065200000,CROWDED,FEW_SEATS_AVAILABLE,2021,10,4,0,0,1,2,11.9,0.0,19.8,0,1.75,4,10,2021-10-4-14
15,9011012065200000,MANY_SEATS_AVAILABLE,MANY_SEATS_AVAILABLE,2021,10,4,0,0,1,3,11.7,0.0,19.7,0,1.25,16,10,2021-10-4-15
16,9011012065200000,MANY_SEATS_AVAILABLE,MANY_SEATS_AVAILABLE,2021,10,4,0,0,1,3,11.4,0.0,21.5,11,0.875,8,10,2021-10-4-16
17,9011012065200000,MANY_SEATS_AVAILABLE,MANY_SEATS_AVAILABLE,2021,10,4,0,0,1,3,11.4,0.0,20.2,21,1.2,10,10,2021-10-4-17
18,9011012065200000,MANY_SEATS_AVAILABLE,MANY_SEATS_AVAILABLE,2021,10,4,0,0,1,3,11.6,0.0,20.5,24,1.0,8,10,2021-10-4-18
19,9011012065200000,MANY_SEATS_AVAILABLE,MANY_SEATS_AVAILABLE,2021,10,4,0,0,1,4,11.9,0.0,24.2,8,1.0,8,10,2021-10-4-19
20,9011012065200000,MANY_SEATS_AVAILABLE,MANY_SEATS_AVAILABLE,2021,10,4,0,0,1,4,11.9,0.0,25.6,0,0.8182,11,10,2021-10-4-20
21,9011012065200000,MANY_SEATS_AVAILABLE,MANY_SEATS_AVAILABLE,2021,10,4,0,0,1,4,11.6,0.0,24.7,0,1.0,10,10,2021-10-4-21
22,9011012065200000,MANY_SEATS_AVAILABLE,MANY_SEATS_AVAILABLE,2021,10,4,0,0,1,4,11.1,0.0,24.3,44,1.1429,7,10,2021-10-4-22
23,9011012065200000,MANY_SEATS_AVAILABLE,MANY_SEATS_AVAILABLE,2021,10,4,0,0,1,0,10.5,0.0,25.0,96,1.0,2,10,2021-10-4-23
7,9011012065200000,MANY_SEATS_AVAILABLE,MANY_SEATS_AVAILABLE,2021,10,5,1,0,0,1,10.7,0.0,14.1,75,1.0,6,10,2021-10-5-07
8,9011012065200000,MANY_SEATS_AVAILABLE,MANY_SEATS_AVAILABLE,2021,10,5,1,0,0,1,11.0,0.0,13.6,12,1.0,4,10,2021-10-5-08
10,9011012065200000,MANY_SEATS_AVAILABLE,MANY_SEATS_AVAILABLE,2021,10,5,1,0,0,2,12.3,0.0,14.6,75,1.0,6,10,2021-10-5-10
11,9011012065200000,MANY_SEATS_AVAILABLE,MANY_SEATS_AVAILABLE,2021,10,5,1,0,0,2,12.5,0.0,16.0,100,1.0,4,10,2021-10-5-11
12,9011012065200000,MANY_SEATS_AVAILABLE,MANY_SEATS_AVAILABLE,2021,10,5,1,0,0,2,12.6,0.0,16.1,100,1.0,6,10,2021-10-5-12
13,9011012065200000,MANY_SEATS_AVAILABLE,MANY_SEATS_AVAILABLE,2021,10,5,1,0,0,2,12.9,0.0,15.2,100,1.2,10,10,2021-10-5-13
14,9011012065200000,MANY_SEATS_AVAILABLE,MANY_SEATS_AVAILABLE,2021,10,5,1,0,0,2,12.4,0.0,18.4,100,1.4,5,10,2021-10-5-14
16,9011012065200000,MANY_SEATS_AVAILABLE,MANY_SEATS_AVAILABLE,2021,10,5,1,0,0,3,11.2,0.0,24.6,100,1.0,6,10,2021-10-5-16
17,9011012065200000,MANY_SEATS_AVAILABLE,MANY_SEATS_AVAILABLE,2021,10,5,1,0,0,3,11.0,0.0,22.6,100,0.7,10,10,2021-10-5-17
18,9011012065200000,MANY_SEATS_AVAILABLE,MANY_SEATS_AVAILABLE,2021,10,5,1,0,0,3,10.6,0.0,23.3,100,1.0,5,10,2021-10-5-18
20,9011012065200000,MANY_SEATS_AVAILABLE,MANY_SEATS_AVAILABLE,2021,10,5,1,0,0,4,11.4,0.0,23.8,100,1.0,6,10,2021-10-5-20
21,9011012065200000,MANY_SEATS_AVAILABLE,MANY_SEATS_AVAILABLE,2021,10,5,1,0,0,4,11.2,0.0,20.7,100,1.6,5,10,2021-10-5-21
22,9011012065200000,MANY_SEATS_AVAILABLE,MANY_SEATS_AVAILABLE,2021,10,5,1,0,0,4,11.1,0.0,19.2,100,0.6667,6,10,2021-10-5-22
23,9011012065200000,MANY_SEATS_AVAILABLE,MANY_SEATS_AVAILABLE,2021,10,5,1,0,0,0,11.5,0.0,21.5,100,1.0,4,10,2021-10-5-23
1,9011012065200000,MANY_SEATS_AVAILABLE,MANY_SEATS_AVAILABLE,2021,10,6,1,1,0,0,11.5,0.0,16.2,57,0.8333,6,10,2021-10-6-01
2,9011012065200000,MANY_SEATS_AVAILABLE,MANY_SEATS_AVAILABLE,2021,10,6,1,1,0,0,11.4,0.0,19.5,73,1.0,1,10,2021-10-6-02
8,9011012065200000,MANY_SEATS_AVAILABLE,MANY_SEATS_AVAILABLE,2021,10,6,1,1,0,1,10.9,0.0,17.4,98,0.5714,7,10,2021-10-6-08
9,9011012065200000,MANY_SEATS_AVAILABLE,MANY_SEATS_AVAILABLE,2021,10,6,1,1,0,1,11.4,0.0,18.1,100,1.0,4,10,2021-10-6-09
11,9011012065200000,MANY_SEATS_AVAILABLE,MANY_SEATS_AVAILABLE,2021,10,6,1,1,0,2,11.9,0.1,18.6,99,0.5,6,10,2021-10-6-11
12,9011012065200000,MANY_SEATS_AVAILABLE,MANY_SEATS_AVAILABLE,2021,10,6,1,1,0,2,12.1,0.1,18.4,95,1.0,4,10,2021-10-6-12
15,9011012065200000,MANY_SEATS_AVAILABLE,MANY_SEATS_AVAILABLE,2021,10,6,1,1,0,3,12.0,0.0,16.0,53,0.6667,6,10,2021-10-6-15
16,9011012065200000,MANY_SEATS_AVAILABLE,MANY_SEATS_AVAILABLE,2021,10,6,1,1,0,3,11.2,0.0,17.3,100,1.0,4,10,2021-10-6-16
18,9011012065200000,MANY_SEATS_AVAILABLE,MANY_SEATS_AVAILABLE,2021,10,6,1,1,0,3,11.3,0.0,20.6,100,0.7143,7,10,2021-10-6-18
19,9011012065200000,MANY_SEATS_AVAILABLE,MANY_SEATS_AVAILABLE,2021,10,6,1,1,0,4,12.0,0.0,24.2,100,0.8,10,10,2021-10-6-19
20,9011012065200000,EMPTY,EMPTY,2021,10,6,1,1,0,4,12.0,0.0,25.7,100,0.0,4,10,2021-10-6-20
4,9011012065200000,EMPTY,EMPTY,2021,11,0,0,0,1,0,13.1,0.0,23.0,100,0.0,2,10,2021-11-0-04
5,9011012065200000,MANY_SEATS_AVAILABLE,MANY_SEATS_AVAILABLE,2021,11,0,0,0,1,1,12.1,0.0,21.6,100,0.5333,15,10,2021-11-0-05
6,9011012065200000,MANY_SEATS_AVAILABLE,MANY_SEATS_AVAILABLE,2021,11,0,0,0,1,1,11.6,0.0,20.2,97,1.0,12,10,2021-11-0-06
7,9011012065200000,MANY_SEATS_AVAILABLE,MANY_SEATS_AVAILABLE,2021,11,0,0,0,1,1,11.1,0.0,19.6,100,1.0,11,10,2021-11-0-07
8,9011012065200000,MANY_SEATS_AVAILABLE,MANY_SEATS_AVAILABLE,2021,11,0,0,0,1,1,11.3,0.0,18.0,100,1.1,10,10,2021-11-0-08
9,9011012065200000,MANY_SEATS_AVAILABLE,MANY_SEATS_AVAILABLE,2021,11,0,0,0,1,1,12.1,0.1,17.4,94,1.0,11,10,2021-11-0-09
10,9011012065200000,MANY_SEATS_AVAILABLE,MANY_SEATS_AVAILABLE,2021,11,0,0,0,1,2,12.4,0.0,17.8,94,1.0,12,10,2021-11-0-10
11,9011012065200000,MANY_SEATS_AVAILABLE,MANY_SEATS_AVAILABLE,2021,11,0,0,0,1,2,12.5,0.0,18.8,100,1.0,9,10,2021-11-0-11
12,9011012065200000,MANY_SEATS_AVAILABLE,MANY_SEATS_AVAILABLE,2021,11,0,0,0,1,2,12.2,0.3,19.2,100,0.9231,13,10,2021-11-0-12
13,9011012065200000,MANY_SEATS_AVAILABLE,MANY_SEATS_AVAILABLE,2021,11,0,0,0,1,2,11.2,0.1,25.0,100,0.7273,11,10,2021-11-0-13
14,9011012065200000,MANY_SEATS_AVAILABLE,MANY_SEATS_AVAILABLE,2021,11,0,0,0,1,2,11.6,0.0,24.6,100,0.8182,11,10,2021-11-0-14
15,9011012065200000,MANY_SEATS_AVAILABLE,MANY_SEATS_AVAILABLE,2021,11,0,0,0,1,3,11.4,0.0,22.4,100,1.0,4,10,2021-11-0-15
16,9011012065200000,MANY_SEATS_AVAILABLE,MANY_SEATS_AVAILABLE,2021,11,0,0,0,1,3,11.1,0.0,22.5,100,1.0,6,10,2021-11-0-16
17,9011012065200000,MANY_SEATS_AVAILABLE,MANY_SEATS_AVAILABLE,2021,11,0,0,0,1,3,11.1,0.0,21.9,100,1.0,11,10,2021-11-0-17
18,9011012065200000,MANY_SEATS_AVAILABLE,MANY_SEATS_AVAILABLE,2021,11,0,0,0,1,3,11.2,0.0,23.0,99,0.5556,9,10,2021-11-0-18
19,9011012065200000,MANY_SEATS_AVAILABLE,MANY_SEATS_AVAILABLE,2021,11,0,0,0,1,4,11.1,0.0,21.1,100,1.0,3,10,2021-11-0-19
20,9011012065200000,MANY_SEATS_AVAILABLE,MANY_SEATS_AVAILABLE,2021,11,0,0,0,1,4,11.2,0.0,20.7,100,1.0,10,10,2021-11-0-20
21,9011012065200000,MANY_SEATS_AVAILABLE,MANY_SEATS_AVAILABLE,2021,11,0,0,0,1,4,11.1,0.0,19.6,100,1.0,16,10,2021-11-0-21
22,9011012065200000,MANY_SEATS_AVAILABLE,MANY_SEATS_AVAILABLE,2021,11,0,0,0,1,4,10.9,0.0,18.1,100,0.7273,11,10,2021-11-0-22
23,9011012065200000,EMPTY,EMPTY,2021,11,0,0,0,1,0,10.7,0.0,16.7,100,0.3333,3,10,2021-11-0-23
4,9011012065200000,EMPTY,EMPTY,2021,11,1,0,0,1,0,9.9,0.0,8.9,100,0.0,2,10,2021-11-1-04
5,9011012065200000,MANY_SEATS_AVAILABLE,MANY_SEATS_AVAILABLE,2021,11,1,0,0,1,1,9.8,0.1,9.7,100,0.625,16,10,2021-11-1-05
6,9011012065200000,MANY_SEATS_AVAILABLE,MANY_SEATS_AVAILABLE,2021,11,1,0,0,1,1,9.6,0.1,9.2,100,1.0,12,10,2021-11-1-06
7,9011012065200000,MANY_SEATS_AVAILABLE,MANY_SEATS_AVAILABLE,2021,11,1,0,0,1,1,9.6,0.1,9.7,100,1.0,10,10,2021-11-1-07
8,9011012065200000,MANY_SEATS_AVAILABLE,MANY_SEATS_AVAILABLE,2021,11,1,0,0,1,1,9.6,0.1,8.4,100,0.8,10,10,2021-11-1-08
9,9011012065200000,MANY_SEATS_AVAILABLE,MANY_SEATS_AVAILABLE,2021,11,1,0,0,1,1,9.9,0.1,8.2,100,0.9091,11,10,2021-11-1-09
10,9011012065200000,MANY_SEATS_AVAILABLE,MANY_SEATS_AVAILABLE,2021,11,1,0,0,1,2,10.1,0.1,8.2,100,1.1667,12,10,2021-11-1-10
11,9011012065200000,MANY_SEATS_AVAILABLE,MANY_SEATS_AVAILABLE,2021,11,1,0,0,1,2,10.4,0.1,7.6,100,1.0,9,10,2021-11-1-11
12,9011012065200000,MANY_SEATS_AVAILABLE,MANY_SEATS_AVAILABLE,2021,11,1,0,0,1,2,10.5,0.2,6.6,100,1.0,12,10,2021-11-1-12
13,9011012065200000,MANY_SEATS_AVAILABLE,MANY_SEATS_AVAILABLE,2021,11,1,0,0,1,2,9.9,0.2,3.2,100,0.9091,11,10,2021-11-1-13
14,9011012065200000,MANY_SEATS_AVAILABLE,MANY_SEATS_AVAILABLE,2021,11,1,0,0,1,2,9.9,0.1,6.2,100,0.8333,12,10,2021-11-1-14
15,9011012065200000,MANY_SEATS_AVAILABLE,MANY_SEATS_AVAILABLE,2021,11,1,0,0,1,3,9.7,0.1,5.1,100,1.0,5,10,2021-11-1-15
16,9011012065200000,MANY_SEATS_AVAILABLE,MANY_SEATS_AVAILABLE,2021,11,1,0,0,1,3,9.1,0.0,3.3,100,1.0,18,10,2021-11-1-16
17,9011012065200000,MANY_SEATS_AVAILABLE,MANY_SEATS_AVAILABLE,2021,11,1,0,0,1,3,8.6,0.0,4.1,100,1.0,7,10,2021-11-1-17
18,9011012065200000,MANY_SEATS_AVAILABLE,MANY_SEATS_AVAILABLE,2021,11,1,0,0,1,3,8.7,0.0,5.1,100,0.5455,11,10,2021-11-1-18
19,9011012065200000,MANY_SEATS_AVAILABLE,MANY_SEATS_AVAILABLE,2021,11,1,0,0,1,4,8.4,0.0,5.5,100,1.0,8,10,2021-11-1-19
20,9011012065200000,MANY_SEATS_AVAILABLE,MANY_SEATS_AVAILABLE,2021,11,1,0,0,1,4,9.0,0.2,7.8,100,1.0,7,10,2021-11-1-20
21,9011012065200000,MANY_SEATS_AVAILABLE,MANY_SEATS_AVAILABLE,2021,11,1,0,0,1,4,9.0,0.4,7.6,73,0.625,8,10,2021-11-1-21
22,9011012065200000,MANY_SEATS_AVAILABLE,MANY_SEATS_AVAILABLE,2021,11,1,0,0,1,4,8.7,0.0,5.8,37,1.0,3,10,2021-11-1-22
6,9011012065200000,MANY_SEATS_AVAILABLE,MANY_SEATS_AVAILABLE,2021,11,2,0,0,1,1,6.8,0.0,6.1,100,1.0,3,10,2021-11-2-06
7,9011012065200000,MANY_SEATS_AVAILABLE,MANY_SEATS_AVAILABLE,2021,11,2,0,0,1,1,7.1,0.0,6.1,100,0.875,8,10,2021-11-2-07
8,9011012065200000,MANY_SEATS_AVAILABLE,MANY_SEATS_AVAILABLE,2021,11,2,0,0,1,1,7.2,0.0,5.4,91,0.6667,3,10,2021-11-2-08
9,9011012065200000,MANY_SEATS_AVAILABLE,MANY_SEATS_AVAILABLE,2021,11,2,0,0,1,1,7.7,0.0,5.0,88,0.625,8,10,2021-11-2-09
10,9011012065200000,MANY_SEATS_AVAILABLE,MANY_SEATS_AVAILABLE,2021,11,2,0,0,1,2,8.2,0.0,6.5,95,1.0,3,10,2021-11-2-10
11,9011012065200000,MANY_SEATS_AVAILABLE,MANY_SEATS_AVAILABLE,2021,11,2,0,0,1,2,8.5,0.0,4.0,93,0.875,8,10,2021-11-2-11
12,9011012065200000,MANY_SEATS_AVAILABLE,MANY_SEATS_AVAILABLE,2021,11,2,0,0,1,2,8.7,0.0,5.1,95,1.0,2,10,2021-11-2-12
13,9011012065200000,MANY_SEATS_AVAILABLE,MANY_SEATS_AVAILABLE,2021,11,2,0,0,1,2,8.6,0.0,5.5,90,0.7143,7,10,2021-11-2-13
14,9011012065200000,MANY_SEATS_AVAILABLE,MANY_SEATS_AVAILABLE,2021,11,2,0,0,1,2,9.0,0.0,5.3,81,1.5,4,10,2021-11-2-14
15,9011012065200000,MANY_SEATS_AVAILABLE,MANY_SEATS_AVAILABLE,2021,11,2,0,0,1,3,9.0,0.0,0.7,46,1.0,8,10,2021-11-2-15
16,9011012065200000,MANY_SEATS_AVAILABLE,MANY_SEATS_AVAILABLE,2021,11,2,0,0,1,3,9.0,0.0,1.6,43,1.4,5,10,2021-11-2-16
17,9011012065200000,MANY_SEATS_AVAILABLE,MANY_SEATS_AVAILABLE,2021,11,2,0,0,1,3,8.2,0.0,5.1,76,1.0,7,10,2021-11-2-17
8,9011012065200000,EMPTY,EMPTY,2021,11,3,0,0,1,1,6.8,0.1,13.6,100,0.5,8,10,2021-11-3-08
9,9011012065200000,MANY_SEATS_AVAILABLE,MANY_SEATS_AVAILABLE,2021,11,3,0,0,1,1,7.0,0.4,16.3,100,1.0,2,10,2021-11-3-09
16,9011012065200000,EMPTY,EMPTY,2021,11,3,0,0,1,3,8.1,0.1,26.5,100,0.0,4,10,2021-11-3-16
17,9011012065200000,EMPTY,EMPTY,2021,11,3,0,0,1,3,8.0,0.2,28.9,100,0.0,6,10,2021-11-3-17
18,9011012065200000,MANY_SEATS_AVAILABLE,MANY_SEATS_AVAILABLE,2021,11,3,0,0,1,3,7.7,0.3,30.4,100,1.0,3,10,2021-11-3-18
19,9011012065200000,MANY_SEATS_AVAILABLE,MANY_SEATS_AVAILABLE,2021,11,3,0,0,1,4,7.4,0.5,31.0,100,0.625,8,10,2021-11-3-19
20,9011012065200000,MANY_SEATS_AVAILABLE,MANY_SEATS_AVAILABLE,2021,11,3,0,0,1,4,7.4,0.5,31.3,100,1.0,4,10,2021-11-3-20
21,9011012065200000,MANY_SEATS_AVAILABLE,MANY_SEATS_AVAILABLE,2021,11,3,0,0,1,4,7.4,0.3,30.1,100,1.0,7,10,2021-11-3-21
22,9011012065200000,MANY_SEATS_AVAILABLE,MANY_SEATS_AVAILABLE,2021,11,3,0,0,1,4,7.4,0.3,29.9,100,1.0,8,10,2021-11-3-22
23,9011012065200000,MANY_SEATS_AVAILABLE,MANY_SEATS_AVAILABLE,2021,11,3,0,0,1,0,7.5,0.3,32.3,100,1.0,3,10,2021-11-3-23
6,9011012065200000,MANY_SEATS_AVAILABLE,MANY_SEATS_AVAILABLE,2021,11,4,0,0,1,1,7.9,0.0,34.2,100,1.0,3,10,2021-11-4-06
7,9011012065200000,MANY_SEATS_AVAILABLE,MANY_SEATS_AVAILABLE,2021,11,4,0,0,1,1,8.1,0.0,32.0,100,0.75,8,10,2021-11-4-07
8,9011012065200000,MANY_SEATS_AVAILABLE,MANY_SEATS_AVAILABLE,2021,11,4,0,0,1,1,8.2,0.0,32.0,100,1.0,3,10,2021-11-4-08
9,9011012065200000,MANY_SEATS_AVAILABLE,MANY_SEATS_AVAILABLE,2021,11,4,0,0,1,1,8.3,0.0,29.8,100,0.8571,7,10,2021-11-4-09
10,9011012065200000,MANY_SEATS_AVAILABLE,MANY_SEATS_AVAILABLE,2021,11,4,0,0,1,2,8.8,0.0,28.9,60,1.0,4,10,2021-11-4-10
11,9011012065200000,MANY_SEATS_AVAILABLE,MANY_SEATS_AVAILABLE,2021,11,4,0,0,1,2,9.0,0.0,27.4,93,1.0,8,10,2021-11-4-11
12,9011012065200000,MANY_SEATS_AVAILABLE,MANY_SEATS_AVAILABLE,2021,11,4,0,0,1,2,9.4,0.0,25.3,100,1.0,4,10,2021-11-4-12
13,9011012065200000,MANY_SEATS_AVAILABLE,MANY_SEATS_AVAILABLE,2021,11,4,0,0,1,2,10.0,0.0,23.7,94,0.625,8,10,2021-11-4-13
14,9011012065200000,MANY_SEATS_AVAILABLE,MANY_SEATS_AVAILABLE,2021,11,4,0,0,1,2,10.1,0.0,30.1,69,1.0,4,10,2021-11-4-14
15,9011012065200000,MANY_SEATS_AVAILABLE,MANY_SEATS_AVAILABLE,2021,11,4,0,0,1,3,10.1,0.0,27.3,27,1.0,15,10,2021-11-4-15
16,9011012065200000,MANY_SEATS_AVAILABLE,MANY_SEATS_AVAILABLE,2021,11,4,0,0,1,3,9.6,0.0,27.6,60,1.0,8,10,2021-11-4-16
17,9011012065200000,MANY_SEATS_AVAILABLE,MANY_SEATS_AVAILABLE,2021,11,4,0,0,1,3,9.6,0.0,23.4,100,1.0714,14,10,2021-11-4-17
18,9011012065200000,MANY_SEATS_AVAILABLE,MANY_SEATS_AVAILABLE,2021,11,4,0,0,1,3,9.6,0.0,29.3,88,1.0,7,10,2021-11-4-18
19,9011012065200000,EMPTY,EMPTY,2021,11,4,0,0,1,4,9.5,0.1,29.2,91,0.375,8,10,2021-11-4-19
20,9011012065200000,MANY_SEATS_AVAILABLE,MANY_SEATS_AVAILABLE,2021,11,4,0,0,1,4,9.5,0.0,27.4,100,0.9091,11,10,2021-11-4-20
21,9011012065200000,MANY_SEATS_AVAILABLE,MANY_SEATS_AVAILABLE,2021,11,4,0,0,1,4,9.5,0.0,26.6,99,0.6154,13,10,2021-11-4-21
22,9011012065200000,MANY_SEATS_AVAILABLE,MANY_SEATS_AVAILABLE,2021,11,4,0,0,1,4,9.4,0.0,28.3,100,0.6,5,10,2021-11-4-22
7,9011012065200000,EMPTY,EMPTY,2021,11,0,0,0,1,1,7.7,0.0,7.0,100,0.4286,7,10,2021-11-0-07
8,9011012065200000,MANY_SEATS_AVAILABLE,MANY_SEATS_AVAILABLE,2021,11,0,0,0,1,1,7.7,0.0,6.9,100,0.9231,13,10,2021-11-0-08
9,9011012065200000,MANY_SEATS_AVAILABLE,MANY_SEATS_AVAILABLE,2021,11,0,0,0,1,1,7.8,0.0,10.0,100,1.0,7,10,2021-11-0-09
10,9011012065200000,MANY_SEATS_AVAILABLE,MANY_SEATS_AVAILABLE,2021,11,0,0,0,1,2,7.8,0.0,12.1,100,1.0,7,10,2021-11-0-10
11,9011012065200000,MANY_SEATS_AVAILABLE,MANY_SEATS_AVAILABLE,2021,11,0,0,0,1,2,7.8,0.0,13.8,100,1.0,4,10,2021-11-0-11
12,9011012065200000,MANY_SEATS_AVAILABLE,MANY_SEATS_AVAILABLE,2021,11,0,0,0,1,2,7.8,0.0,14.9,100,0.875,8,10,2021-11-0-12
13,9011012065200000,MANY_SEATS_AVAILABLE,MANY_SEATS_AVAILABLE,2021,11,0,0,0,1,2,6.2,0.0,12.4,100,1.0,3,10,2021-11-0-13
14,9011012065200000,MANY_SEATS_AVAILABLE,MANY_SEATS_AVAILABLE,2021,11,0,0,0,1,2,6.2,0.1,14.4,100,1.375,8,10,2021-11-0-14
15,9011012065200000,MANY_SEATS_AVAILABLE,MANY_SEATS_AVAILABLE,2021,11,0,0,0,1,3,6.1,0.0,15.8,100,1.5,4,10,2021-11-0-15
16,9011012065200000,MANY_SEATS_AVAILABLE,MANY_SEATS_AVAILABLE,2021,11,0,0,0,1,3,5.8,0.0,14.4,100,1.1667,6,10,2021-11-0-16
17,9011012065200000,MANY_SEATS_AVAILABLE,MANY_SEATS_AVAILABLE,2021,11,0,0,0,1,3,5.5,0.0,16.3,100,0.8,5,10,2021-11-0-17
18,9011012065200000,MANY_SEATS_AVAILABLE,MANY_SEATS_AVAILABLE,2021,11,0,0,0,1,3,5.4,0.0,17.0,100,1.0,8,10,2021-11-0-18
19,9011012065200000,MANY_SEATS_AVAILABLE,MANY_SEATS_AVAILABLE,2021,11,0,0,0,1,4,5.4,0.0,15.8,100,1.0,10,10,2021-11-0-19
20,9011012065200000,MANY_SEATS_AVAILABLE,MANY_SEATS_AVAILABLE,2021,11,0,0,0,1,4,5.4,0.0,15.1,100,1.0,3,10,2021-11-0-20
7,9011012065200000,MANY_SEATS_AVAILABLE,MANY_SEATS_AVAILABLE,2021,11,1,0,0,1,1,8.3,0.0,24.9,100,0.8,5,10,2021-11-1-07
8,9011012065200000,MANY_SEATS_AVAILABLE,MANY_SEATS_AVAILABLE,2021,11,1,0,0,1,1,8.6,0.0,22.3,100,0.875,8,10,2021-11-1-08
9,9011012065200000,CROWDED,FEW_SEATS_AVAILABLE,2021,11,1,0,0,1,1,9.3,0.0,24.1,100,2.0,1,10,2021-11-1-09
10,9011012065200000,MANY_SEATS_AVAILABLE,MANY_SEATS_AVAILABLE,2021,11,1,0,0,1,2,9.6,0.0,28.2,100,1.0,8,10,2021-11-1-10
11,9011012065200000,MANY_SEATS_AVAILABLE,MANY_SEATS_AVAILABLE,2021,11,1,0,0,1,2,9.8,0.0,28.1,100,1.0,3,10,2021-11-1-11
12,9011012065200000,EMPTY,EMPTY,2021,11,1,0,0,1,2,9.8,0.0,27.2,100,0.5,8,10,2021-11-1-12
13,9011012065200000,MANY_SEATS_AVAILABLE,MANY_SEATS_AVAILABLE,2021,11,1,0,0,1,2,10.0,0.0,27.9,100,1.0,3,10,2021-11-1-13
14,9011012065200000,MANY_SEATS_AVAILABLE,MANY_SEATS_AVAILABLE,2021,11,1,0,0,1,2,9.9,0.0,29.2,100,1.25,8,10,2021-11-1-14
15,9011012065200000,MANY_SEATS_AVAILABLE,MANY_SEATS_AVAILABLE,2021,11,1,0,0,1,3,10.0,0.0,30.3,100,1.0,3,10,2021-11-1-15
16,9011012065200000,MANY_SEATS_AVAILABLE,MANY_SEATS_AVAILABLE,2021,11,1,0,0,1,3,10.0,0.0,30.6,100,1.0,5,10,2021-11-1-16
17,9011012065200000,MANY_SEATS_AVAILABLE,MANY_SEATS_AVAILABLE,2021,11,1,0,0,1,3,10.1,0.0,31.4,100,1.0,5,10,2021-11-1-17
18,9011012065200000,MANY_SEATS_AVAILABLE,MANY_SEATS_AVAILABLE,2021,11,1,0,0,1,3,10.2,0.0,30.6,100,0.75,8,10,2021-11-1-18
19,9011012065200000,MANY_SEATS_AVAILABLE,MANY_SEATS_AVAILABLE,2021,11,1,0,0,1,4,10.2,0.0,30.5,100,0.8,10,10,2021-11-1-19
20,9011012065200000,MANY_SEATS_AVAILABLE,MANY_SEATS_AVAILABLE,2021,11,1,0,0,1,4,10.2,0.0,31.2,100,1.0,3,10,2021-11-1-20
6,9011012065200000,MANY_SEATS_AVAILABLE,MANY_SEATS_AVAILABLE,2021,11,2,0,0,1,1,9.7,0.0,26.8,100,1.0,3,10,2021-11-2-06
7,9011012065200000,MANY_SEATS_AVAILABLE,MANY_SEATS_AVAILABLE,2021,11,2,0,0,1,1,9.6,0.0,24.1,100,1.3571,14,10,2021-11-2-07
8,9011012065200000,MANY_SEATS_AVAILABLE,MANY_SEATS_AVAILABLE,2021,11,2,0,0,1,1,9.6,0.0,22.6,15,1.0,11,10,2021-11-2-08
9,9011012065200000,MANY_SEATS_AVAILABLE,MANY_SEATS_AVAILABLE,2021,11,2,0,0,1,1,9.7,0.0,23.5,100,0.9091,11,10,2021-11-2-09
10,9011012065200000,MANY_SEATS_AVAILABLE,MANY_SEATS_AVAILABLE,2021,11,2,0,0,1,2,9.8,0.1,23.4,100,1.0,11,10,2021-11-2-10
11,9011012065200000,MANY_SEATS_AVAILABLE,MANY_SEATS_AVAILABLE,2021,11,2,0,0,1,2,9.8,0.0,23.8,100,1.0,11,10,2021-11-2-11
12,9011012065200000,MANY_SEATS_AVAILABLE,MANY_SEATS_AVAILABLE,2021,11,2,0,0,1,2,10.0,0.0,21.0,100,1.0,11,10,2021-11-2-12
13,9011012065200000,MANY_SEATS_AVAILABLE,MANY_SEATS_AVAILABLE,2021,11,2,0,0,1,2,10.1,0.0,20.1,100,1.0,11,10,2021-11-2-13
14,9011012065200000,MANY_SEATS_AVAILABLE,MANY_SEATS_AVAILABLE,2021,11,2,0,0,1,2,10.4,0.0,18.6,100,1.1818,11,10,2021-11-2-14
15,9011012065200000,MANY_SEATS_AVAILABLE,MANY_SEATS_AVAILABLE,2021,11,2,0,0,1,3,10.5,0.0,18.4,100,1.3636,11,10,2021-11-2-15
16,9011012065200000,MANY_SEATS_AVAILABLE,MANY_SEATS_AVAILABLE,2021,11,2,0,0,1,3,10.4,0.1,17.5,100,1.2,10,10,2021-11-2-16
17,9011012065200000,MANY_SEATS_AVAILABLE,MANY_SEATS_AVAILABLE,2021,11,2,0,0,1,3,10.3,0.4,18.4,100,1.0,11,10,2021-11-2-17
18,9011012065200000,MANY_SEATS_AVAILABLE,MANY_SEATS_AVAILABLE,2021,11,2,0,0,1,3,10.3,0.3,17.1,100,1.0,11,10,2021-11-2-18
19,9011012065200000,MANY_SEATS_AVAILABLE,MANY_SEATS_AVAILABLE,2021,11,2,0,0,1,4,10.2,0.0,17.1,100,0.625,16,10,2021-11-2-19
20,9011012065200000,MANY_SEATS_AVAILABLE,MANY_SEATS_AVAILABLE,2021,11,2,0,0,1,4,10.0,0.0,15.1,100,1.0,6,10,2021-11-2-20
21,9011012065200000,MANY_SEATS_AVAILABLE,MANY_SEATS_AVAILABLE,2021,11,2,0,0,1,4,10.0,0.0,13.0,100,1.0,3,10,2021-11-2-21
5,9011012065200000,MANY_SEATS_AVAILABLE,MANY_SEATS_AVAILABLE,2021,11,3,0,0,1,1,9.6,0.0,6.9,100,1.0,7,10,2021-11-3-05
6,9011012065200000,MANY_SEATS_AVAILABLE,MANY_SEATS_AVAILABLE,2021,11,3,0,0,1,1,9.7,0.0,9.7,100,1.0,4,10,2021-11-3-06
7,9011012065200000,MANY_SEATS_AVAILABLE,MANY_SEATS_AVAILABLE,2021,11,3,0,0,1,1,9.7,0.1,10.3,100,1.0,7,10,2021-11-3-07
8,9011012065200000,CROWDED,FEW_SEATS_AVAILABLE,2021,11,3,0,0,1,1,9.7,0.3,12.5,100,1.75,4,10,2021-11-3-08
9,9011012065200000,MANY_SEATS_AVAILABLE,MANY_SEATS_AVAILABLE,2021,11,3,0,0,1,1,9.7,0.1,13.9,100,1.375,8,10,2021-11-3-09
10,9011012065200000,CROWDED,FEW_SEATS_AVAILABLE,2021,11,3,0,0,1,2,9.9,0.0,18.5,100,1.6667,3,10,2021-11-3-10
11,9011012065200000,MANY_SEATS_AVAILABLE,MANY_SEATS_AVAILABLE,2021,11,3,0,0,1,2,10.0,0.0,20.1,100,0.875,8,10,2021-11-3-11
12,9011012065200000,MANY_SEATS_AVAILABLE,MANY_SEATS_AVAILABLE,2021,11,3,0,0,1,2,10.1,0.0,21.1,100,1.0,4,10,2021-11-3-12
13,9011012065200000,CROWDED,FEW_SEATS_AVAILABLE,2021,11,3,0,0,1,2,10.2,0.0,21.7,100,1.625,8,10,2021-11-3-13
14,9011012065200000,CROWDED,FEW_SEATS_AVAILABLE,2021,11,3,0,0,1,2,10.3,0.0,19.2,100,1.75,4,10,2021-11-3-14
15,9011012065200000,MANY_SEATS_AVAILABLE,MANY_SEATS_AVAILABLE,2021,11,3,0,0,1,3,10.2,0.0,20.3,100,1.4286,7,10,2021-11-3-15
16,9011012065200000,MANY_SEATS_AVAILABLE,MANY_SEATS_AVAILABLE,2021,11,3,0,0,1,3,9.9,0.0,20.0,100,1.0,3,10,2021-11-3-16
17,9011012065200000,MANY_SEATS_AVAILABLE,MANY_SEATS_AVAILABLE,2021,11,3,0,0,1,3,9.8,0.0,21.1,100,0.9286,14,10,2021-11-3-17
18,9011012065200000,MANY_SEATS_AVAILABLE,MANY_SEATS_AVAILABLE,2021,11,3,0,0,1,3,9.7,0.1,22.0,99,1.0,6,10,2021-11-3-18
20,9011012065200000,MANY_SEATS_AVAILABLE,MANY_SEATS_AVAILABLE,2021,11,3,0,0,1,4,9.3,0.0,18.7,74,0.75,8,10,2021-11-3-20
21,9011012065200000,EMPTY,EMPTY,2021,11,3,0,0,1,4,8.9,0.0,18.8,7,0.0,3,10,2021-11-3-21
7,9011012065200000,EMPTY,EMPTY,2021,11,4,0,0,1,1,7.9,0.0,9.5,100,0.0,2,10,2021-11-4-07
8,9011012065200000,MANY_SEATS_AVAILABLE,MANY_SEATS_AVAILABLE,2021,11,4,0,0,1,1,7.3,0.0,4.8,100,0.75,16,10,2021-11-4-08
9,9011012065200000,MANY_SEATS_AVAILABLE,MANY_SEATS_AVAILABLE,2021,11,4,0,0,1,1,8.4,0.0,6.2,100,0.8947,19,10,2021-11-4-09
10,9011012065200000,MANY_SEATS_AVAILABLE,MANY_SEATS_AVAILABLE,2021,11,4,0,0,1,2,9.2,0.0,10.3,100,1.0,10,10,2021-11-4-10
11,9011012065200000,MANY_SEATS_AVAILABLE,MANY_SEATS_AVAILABLE,2021,11,4,0,0,1,2,9.7,0.0,13.5,98,0.8667,15,10,2021-11-4-11
12,9011012065200000,MANY_SEATS_AVAILABLE,MANY_SEATS_AVAILABLE,2021,11,4,0,0,1,2,9.8,0.0,12.8,63,1.1875,16,10,2021-11-4-12
13,9011012065200000,MANY_SEATS_AVAILABLE,MANY_SEATS_AVAILABLE,2021,11,4,0,0,1,2,9.7,0.0,10.9,37,1.25,12,10,2021-11-4-13
14,9011012065200000,MANY_SEATS_AVAILABLE,MANY_SEATS_AVAILABLE,2021,11,4,0,0,1,2,9.9,0.1,12.3,94,1.1667,12,10,2021-11-4-14
15,9011012065200000,MANY_SEATS_AVAILABLE,MANY_SEATS_AVAILABLE,2021,11,4,0,0,1,3,9.7,0.0,11.6,80,1.2,10,10,2021-11-4-15
16,9011012065200000,MANY_SEATS_AVAILABLE,MANY_SEATS_AVAILABLE,2021,11,4,0,0,1,3,8.9,0.0,13.7,100,1.0,9,10,2021-11-4-16
17,9011012065200000,MANY_SEATS_AVAILABLE,MANY_SEATS_AVAILABLE,2021,11,4,0,0,1,3,8.6,0.0,15.3,100,0.9167,12,10,2021-11-4-17
18,9011012065200000,MANY_SEATS_AVAILABLE,MANY_SEATS_AVAILABLE,2021,11,4,0,0,1,3,8.5,0.0,17.8,100,1.0,11,10,2021-11-4-18
19,9011012065200000,MANY_SEATS_AVAILABLE,MANY_SEATS_AVAILABLE,2021,11,4,0,0,1,4,8.9,0.0,20.5,100,1.0556,18,10,2021-11-4-19
20,9011012065200000,CROWDED,FULL,2021,11,4,0,0,1,4,9.1,0.0,22.8,100,3.0,6,10,2021-11-4-20
21,9011012065200000,MANY_SEATS_AVAILABLE,MANY_SEATS_AVAILABLE,2021,11,4,0,0,1,4,9.6,0.0,21.9,100,1.0,8,10,2021-11-4-21
22,9011012065200000,MANY_SEATS_AVAILABLE,MANY_SEATS_AVAILABLE,2021,11,4,0,0,1,4,9.3,0.0,23.9,100,0.75,8,10,2021-11-4-22
23,9011012065200000,MANY_SEATS_AVAILABLE,MANY_SEATS_AVAILABLE,2021,11,4,0,0,1,0,9.0,0.0,24.3,100,1.0,3,10,2021-11-4-23
16,9011012065200000,MANY_SEATS_AVAILABLE,MANY_SEATS_AVAILABLE,2021,11,6,1,1,0,3,7.8,0.0,16.1,99,0.75,4,10,2021-11-6-16
17,9011012065200000,MANY_SEATS_AVAILABLE,MANY_SEATS_AVAILABLE,2021,11,6,1,1,0,3,7.6,0.0,14.8,100,0.8333,6,10,2021-11-6-17
5,9011012065200000,MANY_SEATS_AVAILABLE,MANY_SEATS_AVAILABLE,2021,11,0,0,0,1,1,7.4,0.0,13.3,100,0.8333,6,10,2021-11-0-05
6,9011012065200000,MANY_SEATS_AVAILABLE,MANY_SEATS_AVAILABLE,2021,11,0,0,0,1,1,7.4,0.0,12.0,99,1.5,4,10,2021-11-0-06
7,9011012065200000,MANY_SEATS_AVAILABLE,MANY_SEATS_AVAILABLE,2021,11,0,0,0,1,1,7.4,0.0,10.8,100,1.0,8,10,2021-11-0-07
8,9011012065200000,MANY_SEATS_AVAILABLE,MANY_SEATS_AVAILABLE,2021,11,0,0,0,1,1,7.5,0.0,10.7,100,1.5,4,10,2021-11-0-08
9,9011012065200000,MANY_SEATS_AVAILABLE,MANY_SEATS_AVAILABLE,2021,11,0,0,0,1,1,7.7,0.0,13.6,100,1.0,7,10,2021-11-0-09
10,9011012065200000,MANY_SEATS_AVAILABLE,MANY_SEATS_AVAILABLE,2021,11,0,0,0,1,2,7.6,0.0,14.8,100,1.0,3,10,2021-11-0-10
11,9011012065200000,MANY_SEATS_AVAILABLE,MANY_SEATS_AVAILABLE,2021,11,0,0,0,1,2,7.8,0.1,14.6,100,0.875,8,10,2021-11-0-11
12,9011012065200000,MANY_SEATS_AVAILABLE,MANY_SEATS_AVAILABLE,2021,11,0,0,0,1,2,7.8,0.0,12.3,100,1.0,3,10,2021-11-0-12
13,9011012065200000,MANY_SEATS_AVAILABLE,MANY_SEATS_AVAILABLE,2021,11,0,0,0,1,2,7.7,0.0,13.3,100,1.0,8,10,2021-11-0-13
14,9011012065200000,MANY_SEATS_AVAILABLE,MANY_SEATS_AVAILABLE,2021,11,0,0,0,1,2,7.7,0.0,13.0,100,1.0,3,10,2021-11-0-14
15,9011012065200000,MANY_SEATS_AVAILABLE,MANY_SEATS_AVAILABLE,2021,11,0,0,0,1,3,7.6,0.0,12.6,100,1.375,8,10,2021-11-0-15
16,9011012065200000,MANY_SEATS_AVAILABLE,MANY_SEATS_AVAILABLE,2021,11,0,0,0,1,3,7.2,0.0,12.8,100,1.0,3,10,2021-11-0-16
17,9011012065200000,MANY_SEATS_AVAILABLE,MANY_SEATS_AVAILABLE,2021,11,0,0,0,1,3,6.8,0.0,13.5,100,0.9286,14,10,2021-11-0-17
18,9011012065200000,EMPTY,EMPTY,2021,11,0,0,0,1,3,6.7,0.0,13.2,100,0.4286,7,10,2021-11-0-18
20,9011012065200000,MANY_SEATS_AVAILABLE,MANY_SEATS_AVAILABLE,2021,11,0,0,0,1,4,6.3,0.0,10.6,100,0.625,8,10,2021-11-0-20
21,9011012065200000,EMPTY,EMPTY,2021,11,0,0,0,1,4,6.3,0.0,9.7,100,0.0,3,10,2021-11-0-21
5,9011012065200000,MANY_SEATS_AVAILABLE,MANY_SEATS_AVAILABLE,2021,11,1,0,0,1,1,6.0,0.0,8.4,100,1.0,6,10,2021-11-1-05
6,9011012065200000,MANY_SEATS_AVAILABLE,MANY_SEATS_AVAILABLE,2021,11,1,0,0,1,1,6.1,0.0,8.0,100,1.0,4,10,2021-11-1-06
7,9011012065200000,MANY_SEATS_AVAILABLE,MANY_SEATS_AVAILABLE,2021,11,1,0,0,1,1,6.1,0.0,7.1,100,1.25,8,10,2021-11-1-07
8,9011012065200000,MANY_SEATS_AVAILABLE,MANY_SEATS_AVAILABLE,2021,11,1,0,0,1,1,6.2,0.0,6.8,100,0.75,4,10,2021-11-1-08
9,9011012065200000,MANY_SEATS_AVAILABLE,MANY_SEATS_AVAILABLE,2021,11,1,0,0,1,1,6.3,0.0,7.9,100,1.25,8,10,2021-11-1-09
10,9011012065200000,MANY_SEATS_AVAILABLE,MANY_SEATS_AVAILABLE,2021,11,1,0,0,1,2,6.5,0.0,9.1,100,1.0,3,10,2021-11-1-10
11,9011012065200000,MANY_SEATS_AVAILABLE,MANY_SEATS_AVAILABLE,2021,11,1,0,0,1,2,6.9,0.0,10.2,97,0.625,8,10,2021-11-1-11
12,9011012065200000,MANY_SEATS_AVAILABLE,MANY_SEATS_AVAILABLE,2021,11,1,0,0,1,2,7.2,0.0,12.4,100,1.0,3,10,2021-11-1-12
13,9011012065200000,MANY_SEATS_AVAILABLE,MANY_SEATS_AVAILABLE,2021,11,1,0,0,1,2,6.4,0.0,13.9,100,1.0,8,10,2021-11-1-13
14,9011012065200000,MANY_SEATS_AVAILABLE,MANY_SEATS_AVAILABLE,2021,11,1,0,0,1,2,6.4,0.0,11.4,100,1.5,4,10,2021-11-1-14
17,9011012065200000,MANY_SEATS_AVAILABLE,MANY_SEATS_AVAILABLE,2021,11,1,0,0,1,3,6.4,0.0,8.9,100,1.0,6,10,2021-11-1-17
18,9011012065200000,MANY_SEATS_AVAILABLE,MANY_SEATS_AVAILABLE,2021,11,1,0,0,1,3,6.5,0.0,9.4,100,1.0,2,10,2021-11-1-18
6,9011012065200000,MANY_SEATS_AVAILABLE,MANY_SEATS_AVAILABLE,2021,11,2,0,0,1,1,5.7,0.1,17.4,100,1.0,3,10,2021-11-2-06
7,9011012065200000,MANY_SEATS_AVAILABLE,MANY_SEATS_AVAILABLE,2021,11,2,0,0,1,1,5.5,0.0,17.1,100,1.0,8,10,2021-11-2-07
8,9011012065200000,MANY_SEATS_AVAILABLE,MANY_SEATS_AVAILABLE,2021,11,2,0,0,1,1,5.7,0.0,15.4,100,1.0,3,10,2021-11-2-08
9,9011012065200000,MANY_SEATS_AVAILABLE,MANY_SEATS_AVAILABLE,2021,11,2,0,0,1,1,6.0,0.0,15.0,100,1.25,8,10,2021-11-2-09
10,9011012065200000,MANY_SEATS_AVAILABLE,MANY_SEATS_AVAILABLE,2021,11,2,0,0,1,2,6.3,0.0,17.8,100,1.0,3,10,2021-11-2-10
11,9011012065200000,MANY_SEATS_AVAILABLE,MANY_SEATS_AVAILABLE,2021,11,2,0,0,1,2,6.6,0.0,22.1,100,0.7143,7,10,2021-11-2-11
12,9011012065200000,MANY_SEATS_AVAILABLE,MANY_SEATS_AVAILABLE,2021,11,2,0,0,1,2,6.6,0.0,25.2,100,1.0,3,10,2021-11-2-12
13,9011012065200000,MANY_SEATS_AVAILABLE,MANY_SEATS_AVAILABLE,2021,11,2,0,0,1,2,6.5,0.2,25.4,100,1.0,7,10,2021-11-2-13
14,9011012065200000,CROWDED,FEW_SEATS_AVAILABLE,2021,11,2,0,0,1,2,6.7,0.3,27.8,100,1.75,4,10,2021-11-2-14
15,9011012065200000,MANY_SEATS_AVAILABLE,MANY_SEATS_AVAILABLE,2021,11,2,0,0,1,3,6.4,2.1,26.6,100,1.375,8,10,2021-11-2-15
16,9011012065200000,CROWDED,FEW_SEATS_AVAILABLE,2021,11,2,0,0,1,3,6.7,0.9,24.7,100,1.8,5,10,2021-11-2-16
17,9011012065200000,MANY_SEATS_AVAILABLE,MANY_SEATS_AVAILABLE,2021,11,2,0,0,1,3,7.2,0.2,22.0,94,1.0,7,10,2021-11-2-17
18,9011012065200000,MANY_SEATS_AVAILABLE,MANY_SEATS_AVAILABLE,2021,11,2,0,0,1,3,7.5,0.0,20.9,21,1.0,3,10,2021-11-2-18
19,9011012065200000,MANY_SEATS_AVAILABLE,MANY_SEATS_AVAILABLE,2021,11,2,0,0,1,4,7.2,0.0,21.4,4,1.0,8,10,2021-11-2-19
20,9011012065200000,MANY_SEATS_AVAILABLE,MANY_SEATS_AVAILABLE,2021,11,2,0,0,1,4,6.9,0.0,22.0,2,1.0,3,10,2021-11-2-20
21,9011012065200000,MANY_SEATS_AVAILABLE,MANY_SEATS_AVAILABLE,2021,11,2,0,0,1,4,6.7,0.0,23.4,5,1.0,8,10,2021-11-2-21
22,9011012065200000,MANY_SEATS_AVAILABLE,MANY_SEATS_AVAILABLE,2021,11,2,0,0,1,4,6.7,0.0,23.4,4,1.0,7,10,2021-11-2-22
23,9011012065200000,MANY_SEATS_AVAILABLE,MANY_SEATS_AVAILABLE,2021,11,2,0,0,1,0,6.5,0.0,22.9,2,1.0,3,10,2021-11-2-23
6,9011012065200000,MANY_SEATS_AVAILABLE,MANY_SEATS_AVAILABLE,2021,11,3,0,0,1,1,7.1,1.3,25.0,100,1.0,3,10,2021-11-3-06
7,9011012065200000,CROWDED,FEW_SEATS_AVAILABLE,2021,11,3,0,0,1,1,7.4,0.1,24.4,100,1.375,8,10,2021-11-3-07
8,9011012065200000,MANY_SEATS_AVAILABLE,MANY_SEATS_AVAILABLE,2021,11,3,0,0,1,1,7.6,0.0,24.6,100,1.0,3,10,2021-11-3-08
9,9011012065200000,MANY_SEATS_AVAILABLE,MANY_SEATS_AVAILABLE,2021,11,3,0,0,1,1,7.9,0.0,25.5,100,1.0,8,10,2021-11-3-09
10,9011012065200000,CROWDED,FEW_SEATS_AVAILABLE,2021,11,3,0,0,1,2,8.2,0.0,25.6,100,1.75,4,10,2021-11-3-10
11,9011012065200000,MANY_SEATS_AVAILABLE,MANY_SEATS_AVAILABLE,2021,11,3,0,0,1,2,8.6,0.1,23.0,100,1.1429,7,10,2021-11-3-11
12,9011012065200000,MANY_SEATS_AVAILABLE,MANY_SEATS_AVAILABLE,2021,11,3,0,0,1,2,8.8,0.0,22.4,100,1.0,3,10,2021-11-3-12
13,9011012065200000,MANY_SEATS_AVAILABLE,MANY_SEATS_AVAILABLE,2021,11,3,0,0,1,2,9.3,0.0,25.3,100,1.25,8,10,2021-11-3-13
14,9011012065200000,CROWDED,FEW_SEATS_AVAILABLE,2021,11,3,0,0,1,2,9.5,0.2,29.5,100,2.0,4,10,2021-11-3-14
15,9011012065200000,CROWDED,FEW_SEATS_AVAILABLE,2021,11,3,0,0,1,3,9.6,0.1,32.0,100,1.4,10,10,2021-11-3-15
16,9011012065200000,MANY_SEATS_AVAILABLE,MANY_SEATS_AVAILABLE,2021,11,3,0,0,1,3,9.9,0.1,33.2,100,1.4,5,10,2021-11-3-16
17,9011012065200000,MANY_SEATS_AVAILABLE,MANY_SEATS_AVAILABLE,2021,11,3,0,0,1,3,10.2,1.2,32.8,100,1.0,7,10,2021-11-3-17
18,9011012065200000,CROWDED,FEW_SEATS_AVAILABLE,2021,11,3,0,0,1,3,10.8,0.0,31.1,100,1.6667,3,10,2021-11-3-18
19,9011012065200000,MANY_SEATS_AVAILABLE,MANY_SEATS_AVAILABLE,2021,11,3,0,0,1,4,11.2,0.0,31.3,100,0.625,8,10,2021-11-3-19
20,9011012065200000,MANY_SEATS_AVAILABLE,MANY_SEATS_AVAILABLE,2021,11,3,0,0,1,4,11.4,0.0,32.8,100,1.0,3,10,2021-11-3-20
21,9011012065200000,MANY_SEATS_AVAILABLE,MANY_SEATS_AVAILABLE,2021,11,3,0,0,1,4,11.6,0.0,34.3,100,0.7143,7,10,2021-11-3-21
22,9011012065200000,MANY_SEATS_AVAILABLE,MANY_SEATS_AVAILABLE,2021,11,3,0,0,1,4,11.8,0.0,33.6,100,1.0,8,10,2021-11-3-22
23,9011012065200000,MANY_SEATS_AVAILABLE,MANY_SEATS_AVAILABLE,2021,11,3,0,0,1,0,11.7,0.0,34.2,90,1.0,3,10,2021-11-3-23
6,9011012065200000,MANY_SEATS_AVAILABLE,MANY_SEATS_AVAILABLE,2021,11,4,0,0,1,1,11.5,0.0,33.9,100,1.0,3,10,2021-11-4-06
7,9011012065200000,MANY_SEATS_AVAILABLE,MANY_SEATS_AVAILABLE,2021,11,4,0,0,1,1,11.7,0.0,32.2,100,1.25,8,10,2021-11-4-07
8,9011012065200000,MANY_SEATS_AVAILABLE,MANY_SEATS_AVAILABLE,2021,11,4,0,0,1,1,11.9,0.0,32.0,100,1.0,3,10,2021-11-4-08
9,9011012065200000,MANY_SEATS_AVAILABLE,MANY_SEATS_AVAILABLE,2021,11,4,0,0,1,1,12.0,0.0,32.1,75,1.0,7,10,2021-11-4-09
10,9011012065200000,MANY_SEATS_AVAILABLE,MANY_SEATS_AVAILABLE,2021,11,4,0,0,1,2,12.2,0.0,34.2,90,1.0,4,10,2021-11-4-10
11,9011012065200000,MANY_SEATS_AVAILABLE,MANY_SEATS_AVAILABLE,2021,11,4,0,0,1,2,12.3,0.0,31.3,100,1.25,8,10,2021-11-4-11
12,9011012065200000,CROWDED,FEW_SEATS_AVAILABLE,2021,11,4,0,0,1,2,12.3,0.0,33.2,100,1.6667,3,10,2021-11-4-12
13,9011012065200000,MANY_SEATS_AVAILABLE,MANY_SEATS_AVAILABLE,2021,11,4,0,0,1,2,12.0,0.0,33.6,100,0.8,10,10,2021-11-4-13
14,9011012065200000,CROWDED,STANDING_ROOM_ONLY,2021,11,4,0,0,1,2,11.9,0.0,36.5,100,2.25,4,10,2021-11-4-14
15,9011012065200000,MANY_SEATS_AVAILABLE,MANY_SEATS_AVAILABLE,2021,11,4,0,0,1,3,11.8,0.0,40.3,100,1.3,10,10,2021-11-4-15
16,9011012065200000,MANY_SEATS_AVAILABLE,MANY_SEATS_AVAILABLE,2021,11,4,0,0,1,3,11.8,0.0,40.5,100,1.0,4,10,2021-11-4-16
17,9011012065200000,MANY_SEATS_AVAILABLE,MANY_SEATS_AVAILABLE,2021,11,4,0,0,1,3,11.7,0.0,40.9,61,1.0,7,10,2021-11-4-17
18,9011012065200000,MANY_SEATS_AVAILABLE,MANY_SEATS_AVAILABLE,2021,11,4,0,0,1,3,11.5,0.0,42.2,34,1.0,3,10,2021-11-4-18
19,9011012065200000,MANY_SEATS_AVAILABLE,MANY_SEATS_AVAILABLE,2021,11,4,0,0,1,4,11.5,0.0,43.4,28,0.75,8,10,2021-11-4-19
18,9011012065200000,MANY_SEATS_AVAILABLE,MANY_SEATS_AVAILABLE,2021,11,5,1,0,0,3,9.9,0.0,31.8,92,1.0,5,10,2021-11-5-18
19,9011012065200000,MANY_SEATS_AVAILABLE,MANY_SEATS_AVAILABLE,2021,11,5,1,0,0,4,10.0,0.0,32.3,100,1.0,10,10,2021-11-5-19
20,9011012065200000,MANY_SEATS_AVAILABLE,MANY_SEATS_AVAILABLE,2021,11,5,1,0,0,4,9.7,0.0,32.2,6,1.1667,6,10,2021-11-5-20
0,9011012065200000,MANY_SEATS_AVAILABLE,MANY_SEATS_AVAILABLE,2021,11,6,1,1,0,0,9.5,0.0,32.6,98,1.0,7,10,2021-11-6-00
1,9011012065200000,MANY_SEATS_AVAILABLE,MANY_SEATS_AVAILABLE,2021,11,6,1,1,0,0,9.5,0.0,33.4,100,0.5,4,10,2021-11-6-01
8,9011012065200000,MANY_SEATS_AVAILABLE,MANY_SEATS_AVAILABLE,2021,11,6,1,1,0,1,7.2,0.0,25.7,43,0.8,5,10,2021-11-6-08
9,9011012065200000,MANY_SEATS_AVAILABLE,MANY_SEATS_AVAILABLE,2021,11,6,1,1,0,1,7.2,0.0,26.1,17,0.75,4,10,2021-11-6-09
11,9011012065200000,MANY_SEATS_AVAILABLE,MANY_SEATS_AVAILABLE,2021,11,6,1,1,0,2,7.2,0.1,20.6,64,1.0,6,10,2021-11-6-11
12,9011012065200000,MANY_SEATS_AVAILABLE,MANY_SEATS_AVAILABLE,2021,11,6,1,1,0,2,7.0,0.0,18.9,99,1.0,5,10,2021-11-6-12
15,9011012065200000,MANY_SEATS_AVAILABLE,MANY_SEATS_AVAILABLE,2021,11,6,1,1,0,3,6.2,0.0,19.9,38,1.0,5,10,2021-11-6-15
16,9011012065200000,MANY_SEATS_AVAILABLE,MANY_SEATS_AVAILABLE,2021,11,6,1,1,0,3,5.7,0.0,19.3,16,1.0,5,10,2021-11-6-16
18,9011012065200000,MANY_SEATS_AVAILABLE,MANY_SEATS_AVAILABLE,2021,11,6,1,1,0,3,4.8,0.0,18.3,44,0.6667,6,10,2021-11-6-18
19,9011012065200000,MANY_SEATS_AVAILABLE,MANY_SEATS_AVAILABLE,2021,11,6,1,1,0,4,4.4,0.0,20.4,23,0.7,10,10,2021-11-6-19
20,9011012065200000,MANY_SEATS_AVAILABLE,MANY_SEATS_AVAILABLE,2021,11,6,1,1,0,4,3.7,0.0,18.5,5,1.0,4,10,2021-11-6-20
6,9011012065200000,MANY_SEATS_AVAILABLE,MANY_SEATS_AVAILABLE,2021,11,0,0,0,1,1,2.5,0.0,15.1,65,0.8571,7,10,2021-11-0-06
7,9011012065200000,MANY_SEATS_AVAILABLE,MANY_SEATS_AVAILABLE,2021,11,0,0,0,1,1,2.8,0.0,15.7,70,1.0,8,10,2021-11-0-07
8,9011012065200000,MANY_SEATS_AVAILABLE,MANY_SEATS_AVAILABLE,2021,11,0,0,0,1,1,2.5,0.0,13.2,3,1.3333,6,10,2021-11-0-08
5,9011012065200000,EMPTY,EMPTY,2021,11,3,0,0,1,1,6.9,0.8,27.5,100,0.2857,7,10,2021-11-3-05
6,9011012065200000,MANY_SEATS_AVAILABLE,MANY_SEATS_AVAILABLE,2021,11,3,0,0,1,1,6.7,1.1,28.0,100,1.0,4,10,2021-11-3-06
7,9011012065200000,MANY_SEATS_AVAILABLE,MANY_SEATS_AVAILABLE,2021,11,3,0,0,1,1,6.7,0.3,28.3,100,1.0,7,10,2021-11-3-07
8,9011012065200000,MANY_SEATS_AVAILABLE,MANY_SEATS_AVAILABLE,2021,11,3,0,0,1,1,6.7,0.1,28.8,100,1.0,4,10,2021-11-3-08
9,9011012065200000,MANY_SEATS_AVAILABLE,MANY_SEATS_AVAILABLE,2021,11,3,0,0,1,1,6.7,0.1,28.8,100,1.0,7,10,2021-11-3-09
10,9011012065200000,MANY_SEATS_AVAILABLE,MANY_SEATS_AVAILABLE,2021,11,3,0,0,1,2,6.6,0.1,30.1,100,1.0,3,10,2021-11-3-10
11,9011012065200000,MANY_SEATS_AVAILABLE,MANY_SEATS_AVAILABLE,2021,11,3,0,0,1,2,6.5,0.7,29.8,100,1.2857,7,10,2021-11-3-11
12,9011012065200000,MANY_SEATS_AVAILABLE,MANY_SEATS_AVAILABLE,2021,11,3,0,0,1,2,6.3,1.0,29.3,100,1.0,3,10,2021-11-3-12
13,9011012065200000,MANY_SEATS_AVAILABLE,MANY_SEATS_AVAILABLE,2021,11,3,0,0,1,2,6.3,0.5,27.9,100,1.0,8,10,2021-11-3-13
14,9011012065200000,MANY_SEATS_AVAILABLE,MANY_SEATS_AVAILABLE,2021,11,3,0,0,1,2,6.9,0.2,21.7,100,1.0,3,10,2021-11-3-14
15,9011012065200000,MANY_SEATS_AVAILABLE,MANY_SEATS_AVAILABLE,2021,11,3,0,0,1,3,7.0,0.1,23.3,100,1.5,8,10,2021-11-3-15
16,9011012065200000,MANY_SEATS_AVAILABLE,MANY_SEATS_AVAILABLE,2021,11,3,0,0,1,3,6.8,0.2,27.0,38,1.5,4,10,2021-11-3-16
17,9011012065200000,MANY_SEATS_AVAILABLE,MANY_SEATS_AVAILABLE,2021,11,3,0,0,1,3,6.3,1.3,30.9,19,0.8,5,10,2021-11-3-17
18,9011012065200000,MANY_SEATS_AVAILABLE,MANY_SEATS_AVAILABLE,2021,11,3,0,0,1,3,6.0,0.0,31.2,22,1.0,4,10,2021-11-3-18
20,9011012065200000,MANY_SEATS_AVAILABLE,MANY_SEATS_AVAILABLE,2021,11,3,0,0,1,4,5.5,0.0,33.8,27,1.0,8,10,2021-11-3-20
21,9011012065200000,MANY_SEATS_AVAILABLE,MANY_SEATS_AVAILABLE,2021,11,3,0,0,1,4,5.4,0.0,33.0,42,1.0,6,10,2021-11-3-21
6,9011012065200000,MANY_SEATS_AVAILABLE,MANY_SEATS_AVAILABLE,2021,11,4,0,0,1,1,4.3,0.0,17.1,100,1.0,10,10,2021-11-4-06
7,9011012065200000,MANY_SEATS_AVAILABLE,MANY_SEATS_AVAILABLE,2021,11,4,0,0,1,1,4.2,0.0,16.2,100,1.1667,12,10,2021-11-4-07
8,9011012065200000,MANY_SEATS_AVAILABLE,MANY_SEATS_AVAILABLE,2021,11,4,0,0,1,1,4.3,0.0,16.2,100,1.0,8,10,2021-11-4-08
9,9011012065200000,MANY_SEATS_AVAILABLE,MANY_SEATS_AVAILABLE,2021,11,4,0,0,1,1,4.3,0.0,14.6,99,1.1667,12,10,2021-11-4-09
10,9011012065200000,MANY_SEATS_AVAILABLE,MANY_SEATS_AVAILABLE,2021,11,4,0,0,1,2,4.7,0.0,12.6,96,1.0,3,10,2021-11-4-10
11,9011012065200000,MANY_SEATS_AVAILABLE,MANY_SEATS_AVAILABLE,2021,11,4,0,0,1,2,5.1,0.0,11.4,99,1.25,8,10,2021-11-4-11
12,9011012065200000,MANY_SEATS_AVAILABLE,MANY_SEATS_AVAILABLE,2021,11,4,0,0,1,2,5.4,0.0,10.5,99,1.25,4,10,2021-11-4-12
13,9011012065200000,MANY_SEATS_AVAILABLE,MANY_SEATS_AVAILABLE,2021,11,4,0,0,1,2,5.0,0.0,10.0,100,1.0,8,10,2021-11-4-13
14,9011012065200000,CROWDED,STANDING_ROOM_ONLY,2021,11,4,0,0,1,2,5.2,0.0,10.1,100,2.5,4,10,2021-11-4-14
15,9011012065200000,MANY_SEATS_AVAILABLE,MANY_SEATS_AVAILABLE,2021,11,4,0,0,1,3,5.1,0.0,9.4,100,1.25,8,10,2021-11-4-15
16,9011012065200000,MANY_SEATS_AVAILABLE,MANY_SEATS_AVAILABLE,2021,11,4,0,0,1,3,4.5,0.0,10.9,100,1.2,5,10,2021-11-4-16
17,9011012065200000,MANY_SEATS_AVAILABLE,MANY_SEATS_AVAILABLE,2021,11,4,0,0,1,3,4.0,0.0,12.9,100,1.0,6,10,2021-11-4-17
18,9011012065200000,MANY_SEATS_AVAILABLE,MANY_SEATS_AVAILABLE,2021,11,4,0,0,1,3,3.9,0.1,11.5,100,1.0,3,10,2021-11-4-18
19,9011012065200000,MANY_SEATS_AVAILABLE,MANY_SEATS_AVAILABLE,2021,11,4,0,0,1,4,4.1,0.2,16.1,100,0.6,10,10,2021-11-4-19
20,9011012065200000,EMPTY,EMPTY,2021,11,4,0,0,1,4,4.3,0.4,14.0,100,0.4444,9,10,2021-11-4-20
21,9011012065200000,MANY_SEATS_AVAILABLE,MANY_SEATS_AVAILABLE,2021,11,4,0,0,1,4,4.0,0.3,18.2,100,1.0,7,10,2021-11-4-21
22,9011012065200000,CROWDED,FEW_SEATS_AVAILABLE,2021,11,4,0,0,1,4,4.1,0.2,16.5,100,1.5,8,10,2021-11-4-22
23,9011012065200000,MANY_SEATS_AVAILABLE,MANY_SEATS_AVAILABLE,2021,11,4,0,0,1,0,4.3,0.4,14.7,100,1.0,3,10,2021-11-4-23
6,9011012065200000,MANY_SEATS_AVAILABLE,MANY_SEATS_AVAILABLE,2021,11,5,1,0,0,1,3.1,0.1,14.8,100,1.0,6,10,2021-11-5-06
7,9011012065200000,MANY_SEATS_AVAILABLE,MANY_SEATS_AVAILABLE,2021,11,5,1,0,0,1,3.1,0.0,13.1,100,1.0,10,10,2021-11-5-07
8,9011012065200000,MANY_SEATS_AVAILABLE,MANY_SEATS_AVAILABLE,2021,11,5,1,0,0,1,2.7,0.0,15.5,92,1.0,4,10,2021-11-5-08
10,9011012065200000,MANY_SEATS_AVAILABLE,MANY_SEATS_AVAILABLE,2021,11,5,1,0,0,2,3.2,0.0,17.4,100,1.0,6,10,2021-11-5-10
11,9011012065200000,MANY_SEATS_AVAILABLE,MANY_SEATS_AVAILABLE,2021,11,5,1,0,0,2,3.5,0.1,18.7,100,1.0,10,10,2021-11-5-11
12,9011012065200000,MANY_SEATS_AVAILABLE,MANY_SEATS_AVAILABLE,2021,11,5,1,0,0,2,3.4,0.2,15.9,100,0.8667,15,10,2021-11-5-12
13,9011012065200000,MANY_SEATS_AVAILABLE,MANY_SEATS_AVAILABLE,2021,11,5,1,0,0,2,3.0,0.0,14.8,100,1.0,9,10,2021-11-5-13
14,9011012065200000,MANY_SEATS_AVAILABLE,MANY_SEATS_AVAILABLE,2021,11,5,1,0,0,2,3.3,0.0,14.8,100,1.0,11,10,2021-11-5-14
15,9011012065200000,MANY_SEATS_AVAILABLE,MANY_SEATS_AVAILABLE,2021,11,5,1,0,0,3,3.5,0.0,15.3,100,0.8,10,10,2021-11-5-15
16,9011012065200000,MANY_SEATS_AVAILABLE,MANY_SEATS_AVAILABLE,2021,11,5,1,0,0,3,3.2,0.0,15.4,100,1.0,10,10,2021-11-5-16
17,9011012065200000,MANY_SEATS_AVAILABLE,MANY_SEATS_AVAILABLE,2021,11,5,1,0,0,3,2.9,0.0,16.0,100,1.1,10,10,2021-11-5-17
18,9011012065200000,MANY_SEATS_AVAILABLE,MANY_SEATS_AVAILABLE,2021,11,5,1,0,0,3,2.2,0.0,13.7,100,1.0909,11,10,2021-11-5-18
19,9011012065200000,MANY_SEATS_AVAILABLE,MANY_SEATS_AVAILABLE,2021,11,5,1,0,0,4,2.3,0.0,14.8,100,0.8,10,10,2021-11-5-19
20,9011012065200000,MANY_SEATS_AVAILABLE,MANY_SEATS_AVAILABLE,2021,11,5,1,0,0,4,2.6,0.0,15.5,100,0.875,8,10,2021-11-5-20
21,9011012065200000,MANY_SEATS_AVAILABLE,MANY_SEATS_AVAILABLE,2021,11,5,1,0,0,4,2.7,0.0,16.9,100,1.0,4,10,2021-11-5-21
22,9011012065200000,MANY_SEATS_AVAILABLE,MANY_SEATS_AVAILABLE,2021,11,5,1,0,0,4,2.8,0.0,17.3,100,1.0,6,10,2021-11-5-22
23,9011012065200000,MANY_SEATS_AVAILABLE,MANY_SEATS_AVAILABLE,2021,11,5,1,0,0,0,2.8,0.0,15.5,100,0.8,5,10,2021-11-5-23
0,9011012065200000,CROWDED,FEW_SEATS_AVAILABLE,2021,11,6,1,1,0,0,2.9,0.1,13.3,100,1.375,8,10,2021-11-6-00
1,9011012065200000,MANY_SEATS_AVAILABLE,MANY_SEATS_AVAILABLE,2021,11,6,1,1,0,0,1.9,0.1,12.8,100,0.6,10,10,2021-11-6-01
2,9011012065200000,MANY_SEATS_AVAILABLE,MANY_SEATS_AVAILABLE,2021,11,6,1,1,0,0,2.0,0.1,12.4,100,1.0,4,10,2021-11-6-02
11,9011012065200000,MANY_SEATS_AVAILABLE,MANY_SEATS_AVAILABLE,2021,11,0,0,0,1,2,0.4,0.0,22.1,0,1.0,3,10,2021-11-0-11
12,9011012065200000,MANY_SEATS_AVAILABLE,MANY_SEATS_AVAILABLE,2021,11,0,0,0,1,2,0.7,0.0,20.9,2,1.4286,7,10,2021-11-0-12
13,9011012065200000,CROWDED,FEW_SEATS_AVAILABLE,2021,11,0,0,0,1,2,1.7,0.0,19.2,1,1.6667,3,10,2021-11-0-13
14,9011012065200000,MANY_SEATS_AVAILABLE,MANY_SEATS_AVAILABLE,2021,11,0,0,0,1,2,1.5,0.0,16.7,41,1.125,8,10,2021-11-0-14
15,9011012065200000,MANY_SEATS_AVAILABLE,MANY_SEATS_AVAILABLE,2021,11,0,0,0,1,3,1.2,0.0,16.2,33,1.5,4,10,2021-11-0-15
16,9011012065200000,MANY_SEATS_AVAILABLE,MANY_SEATS_AVAILABLE,2021,11,0,0,0,1,3,0.8,0.0,13.7,10,0.8,5,10,2021-11-0-16
17,9011012065200000,EMPTY,EMPTY,2021,11,0,0,0,1,3,0.5,0.0,13.7,10,0.5,4,10,2021-11-0-17
18,9011012065200000,MANY_SEATS_AVAILABLE,MANY_SEATS_AVAILABLE,2021,11,0,0,0,1,3,0.2,0.0,13.3,14,0.5,8,10,2021-11-0-18
19,9011012065200000,EMPTY,EMPTY,2021,11,0,0,0,1,4,0.1,0.0,10.4,100,0.4,10,10,2021-11-0-19
20,9011012065200000,MANY_SEATS_AVAILABLE,MANY_SEATS_AVAILABLE,2021,11,0,0,0,1,4,-0.4,0.0,4.3,100,0.6667,3,10,2021-11-0-20
5,9011012065200000,MANY_SEATS_AVAILABLE,MANY_SEATS_AVAILABLE,2021,11,1,0,0,1,1,3.0,0.5,29.0,100,1.0,6,10,2021-11-1-05
6,9011012065200000,MANY_SEATS_AVAILABLE,MANY_SEATS_AVAILABLE,2021,11,1,0,0,1,1,4.0,0.9,37.7,100,1.5,4,10,2021-11-1-06
7,9011012065200000,MANY_SEATS_AVAILABLE,MANY_SEATS_AVAILABLE,2021,11,1,0,0,1,1,3.2,1.6,40.3,100,1.0,8,10,2021-11-1-07
8,9011012065200000,CROWDED,FEW_SEATS_AVAILABLE,2021,11,1,0,0,1,1,4.2,0.2,36.8,70,1.8,5,10,2021-11-1-08
9,9011012065200000,MANY_SEATS_AVAILABLE,MANY_SEATS_AVAILABLE,2021,11,1,0,0,1,1,4.2,0.0,31.4,93,1.0,6,10,2021-11-1-09
10,9011012065200000,MANY_SEATS_AVAILABLE,MANY_SEATS_AVAILABLE,2021,11,1,0,0,1,2,4.5,0.0,24.8,63,1.0,4,10,2021-11-1-10
11,9011012065200000,MANY_SEATS_AVAILABLE,MANY_SEATS_AVAILABLE,2021,11,1,0,0,1,2,4.5,0.1,28.0,44,0.875,8,10,2021-11-1-11
12,9011012065200000,MANY_SEATS_AVAILABLE,MANY_SEATS_AVAILABLE,2021,11,1,0,0,1,2,4.9,0.1,29.6,35,1.0,3,10,2021-11-1-12
13,9011012065200000,MANY_SEATS_AVAILABLE,MANY_SEATS_AVAILABLE,2021,11,1,0,0,1,2,4.5,0.2,21.1,87,0.75,8,10,2021-11-1-13
14,9011012065200000,MANY_SEATS_AVAILABLE,MANY_SEATS_AVAILABLE,2021,11,1,0,0,1,2,2.6,0.0,24.3,100,1.0,3,10,2021-11-1-14
15,9011012065200000,MANY_SEATS_AVAILABLE,MANY_SEATS_AVAILABLE,2021,11,1,0,0,1,3,1.2,0.0,20.2,99,2.0,6,10,2021-11-1-15
16,9011012065200000,MANY_SEATS_AVAILABLE,MANY_SEATS_AVAILABLE,2021,11,1,0,0,1,3,-0.1,0.0,25.0,100,1.4286,7,10,2021-11-1-16
17,9011012065200000,MANY_SEATS_AVAILABLE,MANY_SEATS_AVAILABLE,2021,11,1,0,0,1,3,-0.6,0.0,22.6,100,0.8824,17,10,2021-11-1-17
18,9011012065200000,MANY_SEATS_AVAILABLE,MANY_SEATS_AVAILABLE,2021,11,1,0,0,1,3,-1.0,0.0,14.1,78,0.7143,7,10,2021-11-1-18
20,9011012065200000,MANY_SEATS_AVAILABLE,MANY_SEATS_AVAILABLE,2021,11,1,0,0,1,4,-1.1,0.0,13.7,81,0.875,8,10,2021-11-1-20
21,9011012065200000,MANY_SEATS_AVAILABLE,MANY_SEATS_AVAILABLE,2021,11,1,0,0,1,4,-0.9,0.0,6.8,73,1.0,3,10,2021-11-1-21
5,9011012065200000,MANY_SEATS_AVAILABLE,MANY_SEATS_AVAILABLE,2021,12,2,0,0,1,1,0.3,0.0,16.9,100,1.0,6,10,2021-12-2-05
6,9011012065200000,MANY_SEATS_AVAILABLE,MANY_SEATS_AVAILABLE,2021,12,2,0,0,1,1,1.0,0.0,17.7,100,1.5,4,10,2021-12-2-06
7,9011012065200000,MANY_SEATS_AVAILABLE,MANY_SEATS_AVAILABLE,2021,12,2,0,0,1,1,1.6,0.1,17.8,100,1.0,8,10,2021-12-2-07
8,9011012065200000,MANY_SEATS_AVAILABLE,MANY_SEATS_AVAILABLE,2021,12,2,0,0,1,1,1.7,0.8,21.6,100,1.4,5,10,2021-12-2-08
9,9011012065200000,MANY_SEATS_AVAILABLE,MANY_SEATS_AVAILABLE,2021,12,2,0,0,1,1,1.7,1.3,24.8,100,1.1429,7,10,2021-12-2-09
10,9011012065200000,MANY_SEATS_AVAILABLE,MANY_SEATS_AVAILABLE,2021,12,2,0,0,1,2,1.6,1.6,28.3,100,1.0,4,10,2021-12-2-10
11,9011012065200000,MANY_SEATS_AVAILABLE,MANY_SEATS_AVAILABLE,2021,12,2,0,0,1,2,1.7,2.1,32.7,100,1.0,7,10,2021-12-2-11
12,9011012065200000,MANY_SEATS_AVAILABLE,MANY_SEATS_AVAILABLE,2021,12,2,0,0,1,2,1.7,2.5,36.5,100,0.8,5,10,2021-12-2-12
13,9011012065200000,MANY_SEATS_AVAILABLE,MANY_SEATS_AVAILABLE,2021,12,2,0,0,1,2,2.7,2.2,40.1,100,1.0,8,10,2021-12-2-13
14,9011012065200000,MANY_SEATS_AVAILABLE,MANY_SEATS_AVAILABLE,2021,12,2,0,0,1,2,3.9,1.5,31.1,100,2.0,4,10,2021-12-2-14
17,9011012065200000,MANY_SEATS_AVAILABLE,MANY_SEATS_AVAILABLE,2021,12,2,0,0,1,3,7.3,0.2,36.4,100,1.0,9,10,2021-12-2-17
18,9011012065200000,MANY_SEATS_AVAILABLE,MANY_SEATS_AVAILABLE,2021,12,2,0,0,1,3,7.3,0.6,34.7,100,1.0,2,10,2021-12-2-18
20,9011012065200000,MANY_SEATS_AVAILABLE,MANY_SEATS_AVAILABLE,2021,12,2,0,0,1,4,6.7,0.9,25.7,100,1.0,8,10,2021-12-2-20
21,9011012065200000,MANY_SEATS_AVAILABLE,MANY_SEATS_AVAILABLE,2021,12,2,0,0,1,4,6.7,1.2,17.5,100,1.0,3,10,2021-12-2-21
7,9011012065200000,MANY_SEATS_AVAILABLE,MANY_SEATS_AVAILABLE,2021,12,3,0,0,1,1,1.1,0.5,46.6,100,1.0,3,10,2021-12-3-07
8,9011012065200000,MANY_SEATS_AVAILABLE,MANY_SEATS_AVAILABLE,2021,12,3,0,0,1,1,1.0,0.5,43.2,100,0.8,10,10,2021-12-3-08
9,9011012065200000,MANY_SEATS_AVAILABLE,MANY_SEATS_AVAILABLE,2021,12,3,0,0,1,1,1.0,0.2,40.2,100,1.3333,3,10,2021-12-3-09
10,9011012065200000,MANY_SEATS_AVAILABLE,MANY_SEATS_AVAILABLE,2021,12,3,0,0,1,2,0.9,0.1,38.6,100,0.875,8,10,2021-12-3-10
11,9011012065200000,MANY_SEATS_AVAILABLE,MANY_SEATS_AVAILABLE,2021,12,3,0,0,1,2,1.2,0.1,37.2,100,1.0,4,10,2021-12-3-11
12,9011012065200000,MANY_SEATS_AVAILABLE,MANY_SEATS_AVAILABLE,2021,12,3,0,0,1,2,1.3,0.0,37.7,100,0.875,8,10,2021-12-3-12
13,9011012065200000,MANY_SEATS_AVAILABLE,MANY_SEATS_AVAILABLE,2021,12,3,0,0,1,2,1.6,0.0,33.8,100,1.0,4,10,2021-12-3-13
14,9011012065200000,MANY_SEATS_AVAILABLE,MANY_SEATS_AVAILABLE,2021,12,3,0,0,1,2,1.8,0.0,34.9,100,1.5,8,10,2021-12-3-14
15,9011012065200000,CROWDED,FEW_SEATS_AVAILABLE,2021,12,3,0,0,1,3,1.4,0.0,27.2,100,2.2,5,10,2021-12-3-15
16,9011012065200000,MANY_SEATS_AVAILABLE,MANY_SEATS_AVAILABLE,2021,12,3,0,0,1,3,1.3,0.0,26.5,100,1.0,16,10,2021-12-3-16
17,9011012065200000,MANY_SEATS_AVAILABLE,MANY_SEATS_AVAILABLE,2021,12,3,0,0,1,3,1.5,0.0,24.5,75,0.8,10,10,2021-12-3-17
18,9011012065200000,MANY_SEATS_AVAILABLE,MANY_SEATS_AVAILABLE,2021,12,3,0,0,1,3,1.5,0.0,21.4,42,0.9333,15,10,2021-12-3-18
19,9011012065200000,MANY_SEATS_AVAILABLE,MANY_SEATS_AVAILABLE,2021,12,3,0,0,1,4,1.6,0.0,16.2,21,1.0,14,10,2021-12-3-19
20,9011012065200000,MANY_SEATS_AVAILABLE,MANY_SEATS_AVAILABLE,2021,12,3,0,0,1,4,1.4,0.0,13.2,16,1.0,3,10,2021-12-3-20
15,9011012065200000,MANY_SEATS_AVAILABLE,MANY_SEATS_AVAILABLE,2021,12,4,0,0,1,3,3.2,0.4,19.4,100,1.25,8,10,2021-12-4-15
16,9011012065200000,MANY_SEATS_AVAILABLE,MANY_SEATS_AVAILABLE,2021,12,4,0,0,1,3,3.7,0.4,27.9,100,0.75,12,10,2021-12-4-16
17,9011012065200000,MANY_SEATS_AVAILABLE,MANY_SEATS_AVAILABLE,2021,12,4,0,0,1,3,3.7,0.1,30.3,100,1.0,7,10,2021-12-4-17
18,9011012065200000,MANY_SEATS_AVAILABLE,MANY_SEATS_AVAILABLE,2021,12,4,0,0,1,3,3.7,0.3,32.1,100,0.9091,11,10,2021-12-4-18
19,9011012065200000,MANY_SEATS_AVAILABLE,MANY_SEATS_AVAILABLE,2021,12,4,0,0,1,4,3.9,0.2,35.4,100,1.0,5,10,2021-12-4-19
20,9011012065200000,MANY_SEATS_AVAILABLE,MANY_SEATS_AVAILABLE,2021,12,4,0,0,1,4,3.2,0.6,35.3,100,1.0,8,10,2021-12-4-20
21,9011012065200000,MANY_SEATS_AVAILABLE,MANY_SEATS_AVAILABLE,2021,12,4,0,0,1,4,2.6,1.3,33.1,100,1.0,3,10,2021-12-4-21
7,9011012065200000,MANY_SEATS_AVAILABLE,MANY_SEATS_AVAILABLE,2021,12,5,1,0,0,1,4.7,0.0,20.1,81,1.0,6,10,2021-12-5-07
8,9011012065200000,MANY_SEATS_AVAILABLE,MANY_SEATS_AVAILABLE,2021,12,5,1,0,0,1,4.6,0.0,17.9,98,1.0,4,10,2021-12-5-08
10,9011012065200000,MANY_SEATS_AVAILABLE,MANY_SEATS_AVAILABLE,2021,12,5,1,0,0,2,4.4,0.0,11.5,100,1.0,6,10,2021-12-5-10
11,9011012065200000,MANY_SEATS_AVAILABLE,MANY_SEATS_AVAILABLE,2021,12,5,1,0,0,2,4.7,0.0,8.7,95,1.2,5,10,2021-12-5-11
12,9011012065200000,MANY_SEATS_AVAILABLE,MANY_SEATS_AVAILABLE,2021,12,5,1,0,0,2,4.8,0.0,6.5,50,1.0,7,10,2021-12-5-12
13,9011012065200000,MANY_SEATS_AVAILABLE,MANY_SEATS_AVAILABLE,2021,12,5,1,0,0,2,4.9,0.0,7.6,100,1.3,10,10,2021-12-5-13
14,9011012065200000,MANY_SEATS_AVAILABLE,MANY_SEATS_AVAILABLE,2021,12,5,1,0,0,2,4.6,0.0,5.6,100,0.6,5,10,2021-12-5-14
16,9011012065200000,MANY_SEATS_AVAILABLE,MANY_SEATS_AVAILABLE,2021,12,5,1,0,0,3,4.2,0.0,7.3,100,1.0,7,10,2021-12-5-16
17,9011012065200000,CROWDED,FEW_SEATS_AVAILABLE,2021,12,5,1,0,0,3,3.7,0.0,15.1,100,1.6,10,10,2021-12-5-17
18,9011012065200000,MANY_SEATS_AVAILABLE,MANY_SEATS_AVAILABLE,2021,12,5,1,0,0,3,2.6,0.0,18.5,100,0.6,10,10,2021-12-5-18
19,9011012065200000,MANY_SEATS_AVAILABLE,MANY_SEATS_AVAILABLE,2021,12,5,1,0,0,4,2.3,0.0,19.8,100,1.2,10,10,2021-12-5-19
20,9011012065200000,MANY_SEATS_AVAILABLE,MANY_SEATS_AVAILABLE,2021,12,5,1,0,0,4,3.4,0.0,22.8,100,1.1429,7,10,2021-12-5-20
0,9011012065200000,MANY_SEATS_AVAILABLE,MANY_SEATS_AVAILABLE,2021,12,6,1,1,0,0,3.5,0.0,27.6,100,1.25,8,10,2021-12-6-00
1,9011012065200000,MANY_SEATS_AVAILABLE,MANY_SEATS_AVAILABLE,2021,12,6,1,1,0,0,3.0,0.0,31.3,100,1.0,4,10,2021-12-6-01
7,9011012065200000,MANY_SEATS_AVAILABLE,MANY_SEATS_AVAILABLE,2021,12,6,1,1,0,1,1.8,0.0,31.2,100,1.0,6,10,2021-12-6-07
8,9011012065200000,MANY_SEATS_AVAILABLE,MANY_SEATS_AVAILABLE,2021,12,6,1,1,0,1,2.0,0.0,32.9,100,1.0,4,10,2021-12-6-08
9,9011012065200000,MANY_SEATS_AVAILABLE,MANY_SEATS_AVAILABLE,2021,12,6,1,1,0,1,2.3,0.0,32.2,100,1.0,6,10,2021-12-6-09
10,9011012065200000,MANY_SEATS_AVAILABLE,MANY_SEATS_AVAILABLE,2021,12,6,1,1,0,2,2.3,0.0,33.4,100,1.0,4,10,2021-12-6-10
12,9011012065200000,MANY_SEATS_AVAILABLE,MANY_SEATS_AVAILABLE,2021,12,6,1,1,0,2,1.8,0.0,30.5,100,1.0,5,10,2021-12-6-12
13,9011012065200000,MANY_SEATS_AVAILABLE,MANY_SEATS_AVAILABLE,2021,12,6,1,1,0,2,1.4,0.0,32.7,100,1.0,5,10,2021-12-6-13
14,9011012065200000,MANY_SEATS_AVAILABLE,MANY_SEATS_AVAILABLE,2021,12,6,1,1,0,2,1.3,0.0,30.6,100,0.8571,7,10,2021-12-6-14
15,9011012065200000,MANY_SEATS_AVAILABLE,MANY_SEATS_AVAILABLE,2021,12,6,1,1,0,3,1.2,0.0,30.8,100,1.0,5,10,2021-12-6-15
17,9011012065200000,MANY_SEATS_AVAILABLE,MANY_SEATS_AVAILABLE,2021,12,6,1,1,0,3,0.9,0.0,29.5,100,1.0,6,10,2021-12-6-17
18,9011012065200000,EMPTY,EMPTY,2021,12,6,1,1,0,3,0.8,0.0,28.5,100,0.5,4,10,2021-12-6-18
4,9011012065200000,MANY_SEATS_AVAILABLE,MANY_SEATS_AVAILABLE,2021,12,0,0,0,1,0,-2.2,0.0,24.8,2,1.0,3,10,2021-12-0-04
5,9011012065200000,MANY_SEATS_AVAILABLE,MANY_SEATS_AVAILABLE,2021,12,0,0,0,1,1,-2.5,0.0,23.4,2,1.0,9,10,2021-12-0-05
6,9011012065200000,MANY_SEATS_AVAILABLE,MANY_SEATS_AVAILABLE,2021,12,0,0,0,1,1,-2.9,0.0,21.9,0,0.8889,9,10,2021-12-0-06
7,9011012065200000,MANY_SEATS_AVAILABLE,MANY_SEATS_AVAILABLE,2021,12,0,0,0,1,1,-3.2,0.0,20.5,7,1.4,5,10,2021-12-0-07
8,9011012065200000,MANY_SEATS_AVAILABLE,MANY_SEATS_AVAILABLE,2021,12,0,0,0,1,1,-3.2,0.0,20.0,0,1.1429,7,10,2021-12-0-08
9,9011012065200000,MANY_SEATS_AVAILABLE,MANY_SEATS_AVAILABLE,2021,12,0,0,0,1,1,-3.0,0.0,21.1,0,1.0,4,10,2021-12-0-09
10,9011012065200000,MANY_SEATS_AVAILABLE,MANY_SEATS_AVAILABLE,2021,12,0,0,0,1,2,-2.4,0.0,20.1,33,1.0,7,10,2021-12-0-10
11,9011012065200000,MANY_SEATS_AVAILABLE,MANY_SEATS_AVAILABLE,2021,12,0,0,0,1,2,-1.7,0.0,20.6,98,1.0,4,10,2021-12-0-11
12,9011012065200000,MANY_SEATS_AVAILABLE,MANY_SEATS_AVAILABLE,2021,12,0,0,0,1,2,-1.2,0.0,18.4,99,1.0,8,10,2021-12-0-12
13,9011012065200000,EMPTY,EMPTY,2021,12,0,0,0,1,2,-1.1,0.0,18.8,100,0.0,2,10,2021-12-0-13
14,9011012065200000,MANY_SEATS_AVAILABLE,MANY_SEATS_AVAILABLE,2021,12,0,0,0,1,2,-1.2,0.0,19.1,100,1.3,10,10,2021-12-0-14
15,9011012065200000,CROWDED,FEW_SEATS_AVAILABLE,2021,12,0,0,0,1,3,-1.6,0.0,20.2,100,2.1667,6,10,2021-12-0-15
16,9011012065200000,MANY_SEATS_AVAILABLE,MANY_SEATS_AVAILABLE,2021,12,0,0,0,1,3,-1.9,0.0,20.2,98,1.4706,17,10,2021-12-0-16
17,9011012065200000,MANY_SEATS_AVAILABLE,MANY_SEATS_AVAILABLE,2021,12,0,0,0,1,3,-1.7,0.0,19.6,97,1.125,8,10,2021-12-0-17
18,9011012065200000,MANY_SEATS_AVAILABLE,MANY_SEATS_AVAILABLE,2021,12,0,0,0,1,3,-1.5,0.0,18.1,99,0.9333,15,10,2021-12-0-18
19,9011012065200000,MANY_SEATS_AVAILABLE,MANY_SEATS_AVAILABLE,2021,12,0,0,0,1,4,-1.1,0.0,17.4,100,1.0,7,10,2021-12-0-19
20,9011012065200000,MANY_SEATS_AVAILABLE,MANY_SEATS_AVAILABLE,2021,12,0,0,0,1,4,-0.5,0.0,14.9,100,0.5,8,10,2021-12-0-20
21,9011012065200000,MANY_SEATS_AVAILABLE,MANY_SEATS_AVAILABLE,2021,12,0,0,0,1,4,-0.1,0.0,16.2,100,1.0,8,10,2021-12-0-21
22,9011012065200000,MANY_SEATS_AVAILABLE,MANY_SEATS_AVAILABLE,2021,12,0,0,0,1,4,0.1,0.0,17.2,100,1.0,2,10,2021-12-0-22
7,9011012065200000,CROWDED,FEW_SEATS_AVAILABLE,2021,12,1,0,0,1,1,0.8,0.0,22.7,100,1.0,6,10,2021-12-1-07
8,9011012065200000,MANY_SEATS_AVAILABLE,MANY_SEATS_AVAILABLE,2021,12,1,0,0,1,1,0.5,0.0,22.4,100,0.875,8,10,2021-12-1-08
9,9011012065200000,CROWDED,FEW_SEATS_AVAILABLE,2021,12,1,0,0,1,1,1.1,0.1,18.3,100,1.5,2,10,2021-12-1-09
10,9011012065200000,MANY_SEATS_AVAILABLE,MANY_SEATS_AVAILABLE,2021,12,1,0,0,1,2,1.4,0.1,16.9,100,0.75,8,10,2021-12-1-10
11,9011012065200000,MANY_SEATS_AVAILABLE,MANY_SEATS_AVAILABLE,2021,12,1,0,0,1,2,1.7,0.0,19.0,100,1.0,6,10,2021-12-1-11
12,9011012065200000,MANY_SEATS_AVAILABLE,MANY_SEATS_AVAILABLE,2021,12,1,0,0,1,2,1.7,0.0,20.8,100,0.9333,15,10,2021-12-1-12
13,9011012065200000,MANY_SEATS_AVAILABLE,MANY_SEATS_AVAILABLE,2021,12,1,0,0,1,2,1.5,0.0,23.3,100,1.0,4,10,2021-12-1-13
14,9011012065200000,MANY_SEATS_AVAILABLE,MANY_SEATS_AVAILABLE,2021,12,1,0,0,1,2,1.3,0.0,23.4,100,1.375,8,10,2021-12-1-14
15,9011012065200000,MANY_SEATS_AVAILABLE,MANY_SEATS_AVAILABLE,2021,12,1,0,0,1,3,1.1,0.0,23.7,100,1.2,5,10,2021-12-1-15
16,9011012065200000,MANY_SEATS_AVAILABLE,MANY_SEATS_AVAILABLE,2021,12,1,0,0,1,3,1.1,0.0,23.2,98,1.0,5,10,2021-12-1-16
17,9011012065200000,MANY_SEATS_AVAILABLE,MANY_SEATS_AVAILABLE,2021,12,1,0,0,1,3,1.1,0.0,22.2,100,1.0,14,10,2021-12-1-17
18,9011012065200000,MANY_SEATS_AVAILABLE,MANY_SEATS_AVAILABLE,2021,12,1,0,0,1,3,1.3,0.0,22.5,100,1.0,10,10,2021-12-1-18
19,9011012065200000,MANY_SEATS_AVAILABLE,MANY_SEATS_AVAILABLE,2021,12,1,0,0,1,4,1.6,0.0,23.2,100,0.5385,13,10,2021-12-1-19
20,9011012065200000,EMPTY,EMPTY,2021,12,1,0,0,1,4,1.7,0.0,26.8,100,0.4,10,10,2021-12-1-20
21,9011012065200000,MANY_SEATS_AVAILABLE,MANY_SEATS_AVAILABLE,2021,12,1,0,0,1,4,1.7,0.0,28.5,100,0.8571,7,10,2021-12-1-21
22,9011012065200000,MANY_SEATS_AVAILABLE,MANY_SEATS_AVAILABLE,2021,12,1,0,0,1,4,1.5,0.0,27.6,100,1.0,3,10,2021-12-1-22
6,9011012065200000,MANY_SEATS_AVAILABLE,MANY_SEATS_AVAILABLE,2021,12,2,0,0,1,1,1.7,0.0,32.6,100,1.0,3,10,2021-12-2-06
7,9011012065200000,MANY_SEATS_AVAILABLE,MANY_SEATS_AVAILABLE,2021,12,2,0,0,1,1,2.0,0.0,32.9,100,1.375,8,10,2021-12-2-07
8,9011012065200000,MANY_SEATS_AVAILABLE,MANY_SEATS_AVAILABLE,2021,12,2,0,0,1,1,1.7,0.0,35.1,100,1.0,3,10,2021-12-2-08
9,9011012065200000,MANY_SEATS_AVAILABLE,MANY_SEATS_AVAILABLE,2021,12,2,0,0,1,1,1.6,0.0,34.1,100,1.125,8,10,2021-12-2-09
10,9011012065200000,MANY_SEATS_AVAILABLE,MANY_SEATS_AVAILABLE,2021,12,2,0,0,1,2,2.0,0.0,36.4,100,1.0,3,10,2021-12-2-10
11,9011012065200000,MANY_SEATS_AVAILABLE,MANY_SEATS_AVAILABLE,2021,12,2,0,0,1,2,1.9,0.0,37.2,100,1.0,7,10,2021-12-2-11
12,9011012065200000,MANY_SEATS_AVAILABLE,MANY_SEATS_AVAILABLE,2021,12,2,0,0,1,2,1.7,0.0,37.2,100,1.0,4,10,2021-12-2-12
13,9011012065200000,MANY_SEATS_AVAILABLE,MANY_SEATS_AVAILABLE,2021,12,2,0,0,1,2,1.6,0.0,36.3,100,0.75,8,10,2021-12-2-13
14,9011012065200000,CROWDED,STANDING_ROOM_ONLY,2021,12,2,0,0,1,2,1.7,0.0,34.5,100,2.5,4,10,2021-12-2-14
15,9011012065200000,MANY_SEATS_AVAILABLE,MANY_SEATS_AVAILABLE,2021,12,2,0,0,1,3,1.6,0.0,30.9,100,1.4,10,10,2021-12-2-15
16,9011012065200000,MANY_SEATS_AVAILABLE,MANY_SEATS_AVAILABLE,2021,12,2,0,0,1,3,1.5,0.0,30.1,100,1.0,5,10,2021-12-2-16
17,9011012065200000,MANY_SEATS_AVAILABLE,MANY_SEATS_AVAILABLE,2021,12,2,0,0,1,3,1.9,0.0,31.7,100,1.0,5,10,2021-12-2-17
18,9011012065200000,MANY_SEATS_AVAILABLE,MANY_SEATS_AVAILABLE,2021,12,2,0,0,1,3,1.9,0.0,30.1,100,1.0,3,10,2021-12-2-18
19,9011012065200000,MANY_SEATS_AVAILABLE,MANY_SEATS_AVAILABLE,2021,12,2,0,0,1,4,1.8,0.0,27.9,100,0.7143,7,10,2021-12-2-19
20,9011012065200000,MANY_SEATS_AVAILABLE,MANY_SEATS_AVAILABLE,2021,12,2,0,0,1,4,1.7,0.0,29.3,100,1.0,3,10,2021-12-2-20
21,9011012065200000,EMPTY,EMPTY,2021,12,2,0,0,1,4,1.5,0.1,26.0,100,0.4286,7,10,2021-12-2-21
22,9011012065200000,MANY_SEATS_AVAILABLE,MANY_SEATS_AVAILABLE,2021,12,2,0,0,1,4,1.1,0.0,25.4,100,0.5714,7,10,2021-12-2-22
23,9011012065200000,EMPTY,EMPTY,2021,12,2,0,0,1,0,0.9,0.0,24.6,100,0.0,3,10,2021-12-2-23
10,9011012065200000,MANY_SEATS_AVAILABLE,MANY_SEATS_AVAILABLE,2021,12,3,0,0,1,2,1.5,0.0,19.3,100,0.625,8,10,2021-12-3-10
11,9011012065200000,MANY_SEATS_AVAILABLE,MANY_SEATS_AVAILABLE,2021,12,3,0,0,1,2,1.6,0.0,20.9,100,1.0,3,10,2021-12-3-11
12,9011012065200000,MANY_SEATS_AVAILABLE,MANY_SEATS_AVAILABLE,2021,12,3,0,0,1,2,1.7,0.0,22.2,100,1.25,8,10,2021-12-3-12
13,9011012065200000,MANY_SEATS_AVAILABLE,MANY_SEATS_AVAILABLE,2021,12,3,0,0,1,2,1.7,0.0,18.1,100,0.75,4,10,2021-12-3-13
14,9011012065200000,MANY_SEATS_AVAILABLE,MANY_SEATS_AVAILABLE,2021,12,3,0,0,1,2,1.5,0.2,15.2,100,1.375,8,10,2021-12-3-14
15,9011012065200000,CROWDED,STANDING_ROOM_ONLY,2021,12,3,0,0,1,3,1.4,0.2,12.3,100,2.25,4,10,2021-12-3-15
16,9011012065200000,MANY_SEATS_AVAILABLE,MANY_SEATS_AVAILABLE,2021,12,3,0,0,1,3,1.4,0.1,12.7,100,1.0,5,10,2021-12-3-16
17,9011012065200000,MANY_SEATS_AVAILABLE,MANY_SEATS_AVAILABLE,2021,12,3,0,0,1,3,1.4,0.1,14.2,100,1.0,4,10,2021-12-3-17
18,9011012065200000,MANY_SEATS_AVAILABLE,MANY_SEATS_AVAILABLE,2021,12,3,0,0,1,3,1.4,0.0,15.4,100,1.0,8,10,2021-12-3-18
19,9011012065200000,MANY_SEATS_AVAILABLE,MANY_SEATS_AVAILABLE,2021,12,3,0,0,1,4,1.1,0.0,13.5,100,0.5455,11,10,2021-12-3-19
20,9011012065200000,MANY_SEATS_AVAILABLE,MANY_SEATS_AVAILABLE,2021,12,3,0,0,1,4,1.5,0.0,15.2,100,0.6667,3,10,2021-12-3-20
9,9011012065200000,MANY_SEATS_AVAILABLE,MANY_SEATS_AVAILABLE,2021,12,4,0,0,1,1,0.8,0.1,11.9,100,1.0,3,10,2021-12-4-09
10,9011012065200000,MANY_SEATS_AVAILABLE,MANY_SEATS_AVAILABLE,2021,12,4,0,0,1,2,1.0,0.1,10.7,100,1.0,7,10,2021-12-4-10
23,9011012065200000,EMPTY,EMPTY,2021,12,4,0,0,1,0,1.2,0.1,9.4,100,0.3333,6,10,2021-12-4-23
0,9011012065200000,MANY_SEATS_AVAILABLE,MANY_SEATS_AVAILABLE,2021,12,5,1,0,0,0,1.1,0.2,7.8,100,1.5,10,10,2021-12-5-00
1,9011012065200000,MANY_SEATS_AVAILABLE,MANY_SEATS_AVAILABLE,2021,12,5,1,0,0,0,0.7,0.1,3.1,100,0.75,4,10,2021-12-5-01
6,9011012065200000,MANY_SEATS_AVAILABLE,MANY_SEATS_AVAILABLE,2021,12,5,1,0,0,1,0.8,0.4,5.8,100,1.0,6,10,2021-12-5-06
7,9011012065200000,EMPTY,EMPTY,2021,12,5,1,0,0,1,0.8,0.4,5.2,100,0.0,4,10,2021-12-5-07
11,9011012065200000,MANY_SEATS_AVAILABLE,MANY_SEATS_AVAILABLE,2021,12,5,1,0,0,2,2.2,0.2,12.0,100,1.1667,6,10,2021-12-5-11
12,9011012065200000,CROWDED,FEW_SEATS_AVAILABLE,2021,12,5,1,0,0,2,2.1,0.2,11.7,100,1.75,4,10,2021-12-5-12
14,9011012065200000,MANY_SEATS_AVAILABLE,MANY_SEATS_AVAILABLE,2021,12,5,1,0,0,2,2.1,0.3,14.5,100,1.1667,6,10,2021-12-5-14
15,9011012065200000,MANY_SEATS_AVAILABLE,MANY_SEATS_AVAILABLE,2021,12,5,1,0,0,3,2.2,0.2,11.4,100,1.0,10,10,2021-12-5-15
16,9011012065200000,MANY_SEATS_AVAILABLE,MANY_SEATS_AVAILABLE,2021,12,5,1,0,0,3,2.2,0.1,11.1,100,1.0,6,10,2021-12-5-16
18,9011012065200000,MANY_SEATS_AVAILABLE,MANY_SEATS_AVAILABLE,2021,12,5,1,0,0,3,2.2,0.0,6.1,99,1.0,6,10,2021-12-5-18
19,9011012065200000,MANY_SEATS_AVAILABLE,MANY_SEATS_AVAILABLE,2021,12,5,1,0,0,4,2.1,0.0,6.3,99,1.0,10,10,2021-12-5-19
20,9011012065200000,MANY_SEATS_AVAILABLE,MANY_SEATS_AVAILABLE,2021,12,5,1,0,0,4,1.9,0.0,7.9,75,1.0,4,10,2021-12-5-20
0,9011012065200000,MANY_SEATS_AVAILABLE,MANY_SEATS_AVAILABLE,2021,12,6,1,1,0,0,1.5,0.0,13.3,64,0.875,8,10,2021-12-6-00
1,9011012065200000,MANY_SEATS_AVAILABLE,MANY_SEATS_AVAILABLE,2021,12,6,1,1,0,0,1.5,0.0,13.7,67,0.6667,3,10,2021-12-6-01
0,9011012065200000,MANY_SEATS_AVAILABLE,MANY_SEATS_AVAILABLE,2022,10,5,1,0,0,0,12.9,0.1,22.1,43,1.2222,9,10,2022-10-5-00
1,9011012065200000,MANY_SEATS_AVAILABLE,MANY_SEATS_AVAILABLE,2022,10,5,1,0,0,0,12.8,0.0,22.6,9,1.0,4,10,2022-10-5-01
5,9011012065200000,EMPTY,EMPTY,2022,10,5,1,0,0,1,12.5,0.0,25.5,100,0.0,6,10,2022-10-5-05
6,9011012065200000,MANY_SEATS_AVAILABLE,MANY_SEATS_AVAILABLE,2022,10,5,1,0,0,1,12.1,0.0,25.8,100,0.9091,11,10,2022-10-5-06
7,9011012065200000,MANY_SEATS_AVAILABLE,MANY_SEATS_AVAILABLE,2022,10,5,1,0,0,1,12.0,0.0,26.3,100,1.0,10,10,2022-10-5-07
8,9011012065200000,MANY_SEATS_AVAILABLE,MANY_SEATS_AVAILABLE,2022,10,5,1,0,0,1,12.2,0.0,26.9,100,1.0,12,10,2022-10-5-08
9,9011012065200000,CROWDED,FEW_SEATS_AVAILABLE,2022,10,5,1,0,0,1,12.5,0.0,28.3,100,1.5,8,10,2022-10-5-09
10,9011012065200000,MANY_SEATS_AVAILABLE,MANY_SEATS_AVAILABLE,2022,10,5,1,0,0,2,12.4,0.7,30.3,100,1.0,10,10,2022-10-5-10
11,9011012065200000,MANY_SEATS_AVAILABLE,MANY_SEATS_AVAILABLE,2022,10,5,1,0,0,2,11.6,1.3,26.7,100,1.2727,11,10,2022-10-5-11
12,9011012065200000,MANY_SEATS_AVAILABLE,MANY_SEATS_AVAILABLE,2022,10,5,1,0,0,2,11.8,0.3,25.9,100,1.0,11,10,2022-10-5-12
13,9011012065200000,MANY_SEATS_AVAILABLE,MANY_SEATS_AVAILABLE,2022,10,5,1,0,0,2,11.4,0.7,28.0,100,1.3,10,10,2022-10-5-13
14,9011012065200000,MANY_SEATS_AVAILABLE,MANY_SEATS_AVAILABLE,2022,10,5,1,0,0,2,11.4,1.0,27.4,100,1.25,12,10,2022-10-5-14
15,9011012065200000,MANY_SEATS_AVAILABLE,MANY_SEATS_AVAILABLE,2022,10,5,1,0,0,3,11.2,1.6,26.0,100,1.2727,11,10,2022-10-5-15
16,9011012065200000,MANY_SEATS_AVAILABLE,MANY_SEATS_AVAILABLE,2022,10,5,1,0,0,3,11.1,1.9,19.8,100,0.8333,12,10,2022-10-5-16
17,9011012065200000,MANY_SEATS_AVAILABLE,MANY_SEATS_AVAILABLE,2022,10,5,1,0,0,3,11.3,1.4,13.3,100,1.3,10,10,2022-10-5-17
18,9011012065200000,MANY_SEATS_AVAILABLE,MANY_SEATS_AVAILABLE,2022,10,5,1,0,0,3,11.3,0.5,14.7,100,1.1,10,10,2022-10-5-18
19,9011012065200000,MANY_SEATS_AVAILABLE,MANY_SEATS_AVAILABLE,2022,10,5,1,0,0,4,11.2,0.2,17.1,100,0.9091,11,10,2022-10-5-19
20,9011012065200000,MANY_SEATS_AVAILABLE,MANY_SEATS_AVAILABLE,2022,10,5,1,0,0,4,11.1,0.0,20.2,100,1.0909,11,10,2022-10-5-20
21,9011012065200000,MANY_SEATS_AVAILABLE,MANY_SEATS_AVAILABLE,2022,10,5,1,0,0,4,11.6,0.0,22.7,100,1.3,10,10,2022-10-5-21
22,9011012065200000,MANY_SEATS_AVAILABLE,MANY_SEATS_AVAILABLE,2022,10,5,1,0,0,4,11.6,0.0,25.6,96,1.75,12,10,2022-10-5-22
23,9011012065200000,CROWDED,FEW_SEATS_AVAILABLE,2022,10,5,1,0,0,0,11.7,0.0,23.8,74,1.5556,9,10,2022-10-5-23
0,9011012065200000,MANY_SEATS_AVAILABLE,MANY_SEATS_AVAILABLE,2022,10,6,1,1,0,0,12.0,0.0,26.8,29,1.3,10,10,2022-10-6-00
1,9011012065200000,MANY_SEATS_AVAILABLE,MANY_SEATS_AVAILABLE,2022,10,6,1,1,0,0,12.1,0.0,25.9,17,1.0,10,10,2022-10-6-01
2,9011012065200000,MANY_SEATS_AVAILABLE,MANY_SEATS_AVAILABLE,2022,10,6,1,1,0,0,12.1,0.0,26.6,10,1.0,4,10,2022-10-6-02
6,9011012065200000,MANY_SEATS_AVAILABLE,MANY_SEATS_AVAILABLE,2022,10,6,1,1,0,1,11.4,0.0,19.9,39,1.0,7,10,2022-10-6-06
7,9011012065200000,MANY_SEATS_AVAILABLE,MANY_SEATS_AVAILABLE,2022,10,6,1,1,0,1,11.6,0.0,20.2,37,1.0,10,10,2022-10-6-07
8,9011012065200000,MANY_SEATS_AVAILABLE,MANY_SEATS_AVAILABLE,2022,10,6,1,1,0,1,12.0,0.0,23.1,17,0.8,10,10,2022-10-6-08
9,9011012065200000,MANY_SEATS_AVAILABLE,MANY_SEATS_AVAILABLE,2022,10,6,1,1,0,1,12.5,0.0,26.6,24,1.0,10,10,2022-10-6-09
10,9011012065200000,MANY_SEATS_AVAILABLE,MANY_SEATS_AVAILABLE,2022,10,6,1,1,0,2,13.1,0.0,26.8,39,1.0,10,10,2022-10-6-10
11,9011012065200000,MANY_SEATS_AVAILABLE,MANY_SEATS_AVAILABLE,2022,10,6,1,1,0,2,13.5,0.0,24.3,26,1.0,10,10,2022-10-6-11
12,9011012065200000,MANY_SEATS_AVAILABLE,MANY_SEATS_AVAILABLE,2022,10,6,1,1,0,2,14.0,0.1,25.3,25,1.3077,13,10,2022-10-6-12
13,9011012065200000,MANY_SEATS_AVAILABLE,MANY_SEATS_AVAILABLE,2022,10,6,1,1,0,2,13.1,0.0,26.9,21,1.0,14,10,2022-10-6-13
14,9011012065200000,MANY_SEATS_AVAILABLE,MANY_SEATS_AVAILABLE,2022,10,6,1,1,0,2,13.1,0.9,27.4,34,0.8182,11,10,2022-10-6-14
15,9011012065200000,MANY_SEATS_AVAILABLE,MANY_SEATS_AVAILABLE,2022,10,6,1,1,0,3,13.1,0.0,27.5,24,1.0,10,10,2022-10-6-15
16,9011012065200000,MANY_SEATS_AVAILABLE,MANY_SEATS_AVAILABLE,2022,10,6,1,1,0,3,13.6,0.0,29.3,38,1.0,11,10,2022-10-6-16
17,9011012065200000,MANY_SEATS_AVAILABLE,MANY_SEATS_AVAILABLE,2022,10,6,1,1,0,3,13.1,0.0,33.0,36,1.2,10,10,2022-10-6-17
18,9011012065200000,MANY_SEATS_AVAILABLE,MANY_SEATS_AVAILABLE,2022,10,6,1,1,0,3,12.8,0.0,28.5,45,1.3636,11,10,2022-10-6-18
19,9011012065200000,MANY_SEATS_AVAILABLE,MANY_SEATS_AVAILABLE,2022,10,6,1,1,0,4,12.7,0.0,29.8,100,1.0,10,10,2022-10-6-19
20,9011012065200000,MANY_SEATS_AVAILABLE,MANY_SEATS_AVAILABLE,2022,10,6,1,1,0,4,12.6,0.0,27.0,25,1.0,10,10,2022-10-6-20
21,9011012065200000,MANY_SEATS_AVAILABLE,MANY_SEATS_AVAILABLE,2022,10,6,1,1,0,4,12.5,0.0,26.1,28,1.3,10,10,2022-10-6-21
22,9011012065200000,MANY_SEATS_AVAILABLE,MANY_SEATS_AVAILABLE,2022,10,6,1,1,0,4,12.5,0.0,25.6,45,1.0,4,10,2022-10-6-22
4,9011012065200000,EMPTY,EMPTY,2022,10,0,0,0,1,0,12.5,0.0,27.3,48,0.0,3,10,2022-10-0-04
5,9011012065200000,MANY_SEATS_AVAILABLE,MANY_SEATS_AVAILABLE,2022,10,0,0,0,1,1,12.4,0.0,26.3,59,0.8125,16,10,2022-10-0-05
6,9011012065200000,MANY_SEATS_AVAILABLE,MANY_SEATS_AVAILABLE,2022,10,0,0,0,1,1,12.2,0.0,23.4,35,0.9259,27,10,2022-10-0-06
7,9011012065200000,MANY_SEATS_AVAILABLE,MANY_SEATS_AVAILABLE,2022,10,0,0,0,1,1,12.1,0.0,23.7,36,1.0606,33,10,2022-10-0-07
8,9011012065200000,MANY_SEATS_AVAILABLE,MANY_SEATS_AVAILABLE,2022,10,0,0,0,1,1,12.5,0.0,24.7,27,1.375,32,10,2022-10-0-08
9,9011012065200000,MANY_SEATS_AVAILABLE,MANY_SEATS_AVAILABLE,2022,10,0,0,0,1,1,13.1,0.1,28.0,72,1.2609,23,10,2022-10-0-09
10,9011012065200000,MANY_SEATS_AVAILABLE,MANY_SEATS_AVAILABLE,2022,10,0,0,0,1,2,13.6,0.1,26.5,61,0.88,25,10,2022-10-0-10
11,9011012065200000,MANY_SEATS_AVAILABLE,MANY_SEATS_AVAILABLE,2022,10,0,0,0,1,2,14.0,0.3,26.5,60,1.125,24,10,2022-10-0-11
12,9011012065200000,MANY_SEATS_AVAILABLE,MANY_SEATS_AVAILABLE,2022,10,0,0,0,1,2,14.1,0.4,27.0,88,0.9091,22,10,2022-10-0-12
13,9011012065200000,MANY_SEATS_AVAILABLE,MANY_SEATS_AVAILABLE,2022,10,0,0,0,1,2,14.1,0.2,24.7,46,1.04,25,10,2022-10-0-13
14,9011012065200000,MANY_SEATS_AVAILABLE,MANY_SEATS_AVAILABLE,2022,10,0,0,0,1,2,14.3,0.1,26.2,56,1.303,33,10,2022-10-0-14
15,9011012065200000,MANY_SEATS_AVAILABLE,MANY_SEATS_AVAILABLE,2022,10,0,0,0,1,3,14.2,0.0,26.5,19,1.2188,32,10,2022-10-0-15
16,9011012065200000,MANY_SEATS_AVAILABLE,MANY_SEATS_AVAILABLE,2022,10,0,0,0,1,3,14.0,0.0,24.2,28,1.303,33,10,2022-10-0-16
17,9011012065200000,MANY_SEATS_AVAILABLE,MANY_SEATS_AVAILABLE,2022,10,0,0,0,1,3,13.6,0.0,24.7,24,1.2963,27,10,2022-10-0-17
18,9011012065200000,MANY_SEATS_AVAILABLE,MANY_SEATS_AVAILABLE,2022,10,0,0,0,1,3,13.1,0.0,21.7,0,0.9545,22,10,2022-10-0-18
19,9011012065200000,MANY_SEATS_AVAILABLE,MANY_SEATS_AVAILABLE,2022,10,0,0,0,1,4,12.8,0.0,21.3,0,0.9565,23,10,2022-10-0-19
20,9011012065200000,MANY_SEATS_AVAILABLE,MANY_SEATS_AVAILABLE,2022,10,0,0,0,1,4,12.5,0.0,21.4,0,0.75,28,10,2022-10-0-20
21,9011012065200000,MANY_SEATS_AVAILABLE,MANY_SEATS_AVAILABLE,2022,10,0,0,0,1,4,12.3,0.0,21.4,0,0.9,20,10,2022-10-0-21
22,9011012065200000,MANY_SEATS_AVAILABLE,MANY_SEATS_AVAILABLE,2022,10,0,0,0,1,4,12.2,0.0,21.1,56,0.9091,11,10,2022-10-0-22
23,9011012065200000,MANY_SEATS_AVAILABLE,MANY_SEATS_AVAILABLE,2022,10,0,0,0,1,0,12.1,0.0,19.1,42,1.0,3,10,2022-10-0-23
4,9011012065200000,EMPTY,EMPTY,2022,10,1,0,0,1,0,11.5,0.0,15.0,26,0.0,2,10,2022-10-1-04
5,9011012065200000,MANY_SEATS_AVAILABLE,MANY_SEATS_AVAILABLE,2022,10,1,0,0,1,1,11.4,0.0,15.2,46,0.75,16,10,2022-10-1-05
6,9011012065200000,MANY_SEATS_AVAILABLE,MANY_SEATS_AVAILABLE,2022,10,1,0,0,1,1,11.3,0.0,14.0,39,0.88,25,10,2022-10-1-06
7,9011012065200000,MANY_SEATS_AVAILABLE,MANY_SEATS_AVAILABLE,2022,10,1,0,0,1,1,11.5,0.0,15.2,44,1.3243,37,10,2022-10-1-07
8,9011012065200000,MANY_SEATS_AVAILABLE,MANY_SEATS_AVAILABLE,2022,10,1,0,0,1,1,12.2,0.0,15.7,76,1.2571,35,10,2022-10-1-08
9,9011012065200000,MANY_SEATS_AVAILABLE,MANY_SEATS_AVAILABLE,2022,10,1,0,0,1,1,12.8,0.0,14.5,99,1.1739,23,10,2022-10-1-09
10,9011012065200000,MANY_SEATS_AVAILABLE,MANY_SEATS_AVAILABLE,2022,10,1,0,0,1,2,13.3,0.0,13.3,100,0.625,24,10,2022-10-1-10
11,9011012065200000,MANY_SEATS_AVAILABLE,MANY_SEATS_AVAILABLE,2022,10,1,0,0,1,2,13.2,0.0,16.1,100,0.7692,26,10,2022-10-1-11
12,9011012065200000,MANY_SEATS_AVAILABLE,MANY_SEATS_AVAILABLE,2022,10,1,0,0,1,2,13.3,0.0,15.6,100,0.9048,21,10,2022-10-1-12
13,9011012065200000,MANY_SEATS_AVAILABLE,MANY_SEATS_AVAILABLE,2022,10,1,0,0,1,2,13.6,0.0,15.0,100,0.9643,28,10,2022-10-1-13
14,9011012065200000,MANY_SEATS_AVAILABLE,MANY_SEATS_AVAILABLE,2022,10,1,0,0,1,2,14.3,0.1,14.0,93,1.4516,31,10,2022-10-1-14
15,9011012065200000,MANY_SEATS_AVAILABLE,MANY_SEATS_AVAILABLE,2022,10,1,0,0,1,3,14.8,0.1,15.9,75,1.3611,36,10,2022-10-1-15
16,9011012065200000,MANY_SEATS_AVAILABLE,MANY_SEATS_AVAILABLE,2022,10,1,0,0,1,3,14.7,0.0,19.2,41,1.0882,34,10,2022-10-1-16
17,9011012065200000,MANY_SEATS_AVAILABLE,MANY_SEATS_AVAILABLE,2022,10,1,0,0,1,3,14.2,0.0,19.4,45,1.1111,27,10,2022-10-1-17
18,9011012065200000,MANY_SEATS_AVAILABLE,MANY_SEATS_AVAILABLE,2022,10,1,0,0,1,3,13.8,0.0,17.4,94,1.2,25,10,2022-10-1-18
19,9011012065200000,MANY_SEATS_AVAILABLE,MANY_SEATS_AVAILABLE,2022,10,1,0,0,1,4,13.8,0.0,18.7,100,0.8846,26,10,2022-10-1-19
20,9011012065200000,MANY_SEATS_AVAILABLE,MANY_SEATS_AVAILABLE,2022,10,1,0,0,1,4,14.0,0.0,22.1,100,0.9167,24,10,2022-10-1-20
21,9011012065200000,MANY_SEATS_AVAILABLE,MANY_SEATS_AVAILABLE,2022,10,1,0,0,1,4,14.1,0.0,24.7,100,1.0,18,10,2022-10-1-21
22,9011012065200000,MANY_SEATS_AVAILABLE,MANY_SEATS_AVAILABLE,2022,10,1,0,0,1,4,14.0,0.0,23.5,100,1.0,10,10,2022-10-1-22
23,9011012065200000,MANY_SEATS_AVAILABLE,MANY_SEATS_AVAILABLE,2022,10,1,0,0,1,0,13.8,0.0,24.2,100,1.0,3,10,2022-10-1-23
4,9011012065200000,MANY_SEATS_AVAILABLE,MANY_SEATS_AVAILABLE,2022,10,2,0,0,1,0,14.0,0.1,22.4,100,1.0,2,10,2022-10-2-04
5,9011012065200000,MANY_SEATS_AVAILABLE,MANY_SEATS_AVAILABLE,2022,10,2,0,0,1,1,13.9,0.0,22.4,100,0.7059,17,10,2022-10-2-05
6,9011012065200000,MANY_SEATS_AVAILABLE,MANY_SEATS_AVAILABLE,2022,10,2,0,0,1,1,14.1,0.1,23.2,100,0.9655,29,10,2022-10-2-06
7,9011012065200000,MANY_SEATS_AVAILABLE,MANY_SEATS_AVAILABLE,2022,10,2,0,0,1,1,14.2,0.0,24.7,100,1.2647,34,10,2022-10-2-07
8,9011012065200000,MANY_SEATS_AVAILABLE,MANY_SEATS_AVAILABLE,2022,10,2,0,0,1,1,14.4,0.0,25.1,100,1.0606,33,10,2022-10-2-08
9,9011012065200000,MANY_SEATS_AVAILABLE,MANY_SEATS_AVAILABLE,2022,10,2,0,0,1,1,14.8,0.0,26.8,100,1.0769,26,10,2022-10-2-09
10,9011012065200000,MANY_SEATS_AVAILABLE,MANY_SEATS_AVAILABLE,2022,10,2,0,0,1,2,14.7,0.0,26.4,100,1.087,23,10,2022-10-2-10
11,9011012065200000,MANY_SEATS_AVAILABLE,MANY_SEATS_AVAILABLE,2022,10,2,0,0,1,2,15.4,0.0,26.8,100,0.9167,24,10,2022-10-2-11
12,9011012065200000,MANY_SEATS_AVAILABLE,MANY_SEATS_AVAILABLE,2022,10,2,0,0,1,2,15.1,0.0,26.7,100,0.9545,22,10,2022-10-2-12
13,9011012065200000,MANY_SEATS_AVAILABLE,MANY_SEATS_AVAILABLE,2022,10,2,0,0,1,2,14.7,0.0,23.9,97,1.2917,24,10,2022-10-2-13
14,9011012065200000,MANY_SEATS_AVAILABLE,MANY_SEATS_AVAILABLE,2022,10,2,0,0,1,2,14.9,0.0,24.0,100,1.1176,34,10,2022-10-2-14
15,9011012065200000,MANY_SEATS_AVAILABLE,MANY_SEATS_AVAILABLE,2022,10,2,0,0,1,3,15.1,0.0,24.8,100,1.1316,38,10,2022-10-2-15
16,9011012065200000,MANY_SEATS_AVAILABLE,MANY_SEATS_AVAILABLE,2022,10,2,0,0,1,3,15.1,0.0,25.0,100,1.3824,34,10,2022-10-2-16
17,9011012065200000,MANY_SEATS_AVAILABLE,MANY_SEATS_AVAILABLE,2022,10,2,0,0,1,3,15.3,0.0,25.6,100,1.3704,27,10,2022-10-2-17
18,9011012065200000,MANY_SEATS_AVAILABLE,MANY_SEATS_AVAILABLE,2022,10,2,0,0,1,3,15.0,0.0,27.4,100,1.04,25,10,2022-10-2-18
19,9011012065200000,MANY_SEATS_AVAILABLE,MANY_SEATS_AVAILABLE,2022,10,2,0,0,1,4,14.9,0.0,28.4,100,0.8571,21,10,2022-10-2-19
20,9011012065200000,MANY_SEATS_AVAILABLE,MANY_SEATS_AVAILABLE,2022,10,2,0,0,1,4,15.0,0.0,29.5,100,0.75,28,10,2022-10-2-20
21,9011012065200000,MANY_SEATS_AVAILABLE,MANY_SEATS_AVAILABLE,2022,10,2,0,0,1,4,15.4,0.0,29.7,100,0.6957,23,10,2022-10-2-21
22,9011012065200000,EMPTY,EMPTY,2022,10,2,0,0,1,4,15.6,0.0,28.6,100,0.3077,13,10,2022-10-2-22
23,9011012065200000,EMPTY,EMPTY,2022,10,2,0,0,1,0,15.8,0.0,31.8,100,0.0,3,10,2022-10-2-23
4,9011012065200000,EMPTY,EMPTY,2022,10,3,0,0,1,0,13.3,0.0,30.6,29,0.0,3,10,2022-10-3-04
5,9011012065200000,MANY_SEATS_AVAILABLE,MANY_SEATS_AVAILABLE,2022,10,3,0,0,1,1,13.2,0.2,32.7,25,1.4667,15,10,2022-10-3-05
6,9011012065200000,MANY_SEATS_AVAILABLE,MANY_SEATS_AVAILABLE,2022,10,3,0,0,1,1,13.1,0.0,38.6,18,0.7143,28,10,2022-10-3-06
7,9011012065200000,MANY_SEATS_AVAILABLE,MANY_SEATS_AVAILABLE,2022,10,3,0,0,1,1,13.0,0.0,35.2,19,1.5312,32,10,2022-10-3-07
8,9011012065200000,MANY_SEATS_AVAILABLE,MANY_SEATS_AVAILABLE,2022,10,3,0,0,1,1,13.1,0.0,36.8,4,1.1818,33,10,2022-10-3-08
9,9011012065200000,MANY_SEATS_AVAILABLE,MANY_SEATS_AVAILABLE,2022,10,3,0,0,1,1,13.4,0.0,34.7,0,1.0435,23,10,2022-10-3-09
10,9011012065200000,MANY_SEATS_AVAILABLE,MANY_SEATS_AVAILABLE,2022,10,3,0,0,1,2,14.2,0.0,32.4,1,0.9545,22,10,2022-10-3-10
11,9011012065200000,MANY_SEATS_AVAILABLE,MANY_SEATS_AVAILABLE,2022,10,3,0,0,1,2,15.1,0.0,34.3,5,1.0,22,10,2022-10-3-11
12,9011012065200000,MANY_SEATS_AVAILABLE,MANY_SEATS_AVAILABLE,2022,10,3,0,0,1,2,15.6,0.0,35.5,41,0.9167,24,10,2022-10-3-12
13,9011012065200000,MANY_SEATS_AVAILABLE,MANY_SEATS_AVAILABLE,2022,10,3,0,0,1,2,15.0,0.1,35.3,40,1.28,25,10,2022-10-3-13
14,9011012065200000,MANY_SEATS_AVAILABLE,MANY_SEATS_AVAILABLE,2022,10,3,0,0,1,2,15.1,0.0,31.9,35,1.1944,36,10,2022-10-3-14
15,9011012065200000,MANY_SEATS_AVAILABLE,MANY_SEATS_AVAILABLE,2022,10,3,0,0,1,3,15.1,0.0,29.9,9,1.3243,37,10,2022-10-3-15
16,9011012065200000,MANY_SEATS_AVAILABLE,MANY_SEATS_AVAILABLE,2022,10,3,0,0,1,3,15.0,0.0,31.0,22,1.2857,35,10,2022-10-3-16
17,9011012065200000,MANY_SEATS_AVAILABLE,MANY_SEATS_AVAILABLE,2022,10,3,0,0,1,3,14.6,0.0,28.7,12,1.1429,28,10,2022-10-3-17
18,9011012065200000,MANY_SEATS_AVAILABLE,MANY_SEATS_AVAILABLE,2022,10,3,0,0,1,3,14.2,0.0,26.9,26,1.0,25,10,2022-10-3-18
19,9011012065200000,MANY_SEATS_AVAILABLE,MANY_SEATS_AVAILABLE,2022,10,3,0,0,1,4,13.9,0.0,29.8,29,0.963,27,10,2022-10-3-19
20,9011012065200000,MANY_SEATS_AVAILABLE,MANY_SEATS_AVAILABLE,2022,10,3,0,0,1,4,13.8,0.0,31.5,26,0.7727,22,10,2022-10-3-20
21,9011012065200000,MANY_SEATS_AVAILABLE,MANY_SEATS_AVAILABLE,2022,10,3,0,0,1,4,13.7,0.0,31.9,96,1.2941,17,10,2022-10-3-21
22,9011012065200000,MANY_SEATS_AVAILABLE,MANY_SEATS_AVAILABLE,2022,10,3,0,0,1,4,13.8,0.0,32.1,99,1.0,11,10,2022-10-3-22
23,9011012065200000,MANY_SEATS_AVAILABLE,MANY_SEATS_AVAILABLE,2022,10,3,0,0,1,0,14.0,0.0,32.4,75,1.0,3,10,2022-10-3-23
4,9011012065200000,EMPTY,EMPTY,2022,10,4,0,0,1,0,13.1,0.0,26.0,16,0.0,3,10,2022-10-4-04
5,9011012065200000,MANY_SEATS_AVAILABLE,MANY_SEATS_AVAILABLE,2022,10,4,0,0,1,1,12.9,0.0,26.7,15,0.8125,16,10,2022-10-4-05
6,9011012065200000,MANY_SEATS_AVAILABLE,MANY_SEATS_AVAILABLE,2022,10,4,0,0,1,1,12.2,0.0,29.0,15,1.04,25,10,2022-10-4-06
7,9011012065200000,MANY_SEATS_AVAILABLE,MANY_SEATS_AVAILABLE,2022,10,4,0,0,1,1,12.0,0.0,26.9,0,1.3939,33,10,2022-10-4-07
8,9011012065200000,MANY_SEATS_AVAILABLE,MANY_SEATS_AVAILABLE,2022,10,4,0,0,1,1,12.3,0.0,27.7,9,1.3226,31,10,2022-10-4-08
9,9011012065200000,MANY_SEATS_AVAILABLE,MANY_SEATS_AVAILABLE,2022,10,4,0,0,1,1,12.7,0.0,29.3,91,1.381,21,10,2022-10-4-09
10,9011012065200000,MANY_SEATS_AVAILABLE,MANY_SEATS_AVAILABLE,2022,10,4,0,0,1,2,13.2,0.0,31.7,82,0.9259,27,10,2022-10-4-10
11,9011012065200000,MANY_SEATS_AVAILABLE,MANY_SEATS_AVAILABLE,2022,10,4,0,0,1,2,13.5,0.0,31.6,88,0.92,25,10,2022-10-4-11
12,9011012065200000,MANY_SEATS_AVAILABLE,MANY_SEATS_AVAILABLE,2022,10,4,0,0,1,2,13.8,0.0,30.6,93,1.5,24,10,2022-10-4-12
13,9011012065200000,MANY_SEATS_AVAILABLE,MANY_SEATS_AVAILABLE,2022,10,4,0,0,1,2,13.9,0.0,30.9,72,1.4643,28,10,2022-10-4-13
14,9011012065200000,MANY_SEATS_AVAILABLE,MANY_SEATS_AVAILABLE,2022,10,4,0,0,1,2,14.5,0.0,30.5,59,1.2051,39,10,2022-10-4-14
15,9011012065200000,MANY_SEATS_AVAILABLE,MANY_SEATS_AVAILABLE,2022,10,4,0,0,1,3,14.5,0.0,27.8,84,1.2432,37,10,2022-10-4-15
16,9011012065200000,MANY_SEATS_AVAILABLE,MANY_SEATS_AVAILABLE,2022,10,4,0,0,1,3,14.6,0.0,26.6,100,1.0588,34,10,2022-10-4-16
17,9011012065200000,MANY_SEATS_AVAILABLE,MANY_SEATS_AVAILABLE,2022,10,4,0,0,1,3,14.1,0.0,26.1,100,1.1786,28,10,2022-10-4-17
18,9011012065200000,MANY_SEATS_AVAILABLE,MANY_SEATS_AVAILABLE,2022,10,4,0,0,1,3,14.1,0.0,28.1,100,1.0,23,10,2022-10-4-18
19,9011012065200000,MANY_SEATS_AVAILABLE,MANY_SEATS_AVAILABLE,2022,10,4,0,0,1,4,14.1,0.0,29.6,97,0.7407,27,10,2022-10-4-19
20,9011012065200000,MANY_SEATS_AVAILABLE,MANY_SEATS_AVAILABLE,2022,10,4,0,0,1,4,14.0,0.0,29.4,100,0.9,30,10,2022-10-4-20
21,9011012065200000,MANY_SEATS_AVAILABLE,MANY_SEATS_AVAILABLE,2022,10,4,0,0,1,4,13.9,0.0,30.8,100,0.9,20,10,2022-10-4-21
22,9011012065200000,MANY_SEATS_AVAILABLE,MANY_SEATS_AVAILABLE,2022,10,4,0,0,1,4,13.9,0.0,30.7,100,1.0909,11,10,2022-10-4-22
23,9011012065200000,MANY_SEATS_AVAILABLE,MANY_SEATS_AVAILABLE,2022,10,4,0,0,1,0,13.7,0.0,30.1,100,0.9091,11,10,2022-10-4-23
0,9011012065200000,MANY_SEATS_AVAILABLE,MANY_SEATS_AVAILABLE,2022,10,5,1,0,0,0,13.6,0.0,30.0,100,1.0,10,10,2022-10-5-00
1,9011012065200000,MANY_SEATS_AVAILABLE,MANY_SEATS_AVAILABLE,2022,10,5,1,0,0,0,13.5,0.0,30.8,97,1.0,4,10,2022-10-5-01
5,9011012065200000,MANY_SEATS_AVAILABLE,MANY_SEATS_AVAILABLE,2022,10,5,1,0,0,1,13.4,0.0,26.3,100,1.0,6,10,2022-10-5-05
6,9011012065200000,MANY_SEATS_AVAILABLE,MANY_SEATS_AVAILABLE,2022,10,5,1,0,0,1,13.0,0.2,24.9,100,0.8571,14,10,2022-10-5-06
7,9011012065200000,MANY_SEATS_AVAILABLE,MANY_SEATS_AVAILABLE,2022,10,5,1,0,0,1,12.7,0.2,23.7,100,0.9,10,10,2022-10-5-07
8,9011012065200000,MANY_SEATS_AVAILABLE,MANY_SEATS_AVAILABLE,2022,10,5,1,0,0,1,12.6,0.1,21.4,10,0.9167,12,10,2022-10-5-08
9,9011012065200000,MANY_SEATS_AVAILABLE,MANY_SEATS_AVAILABLE,2022,10,5,1,0,0,1,12.9,0.0,21.9,74,1.0,11,10,2022-10-5-09
10,9011012065200000,MANY_SEATS_AVAILABLE,MANY_SEATS_AVAILABLE,2022,10,5,1,0,0,2,13.1,0.0,21.0,2,1.25,12,10,2022-10-5-10
11,9011012065200000,MANY_SEATS_AVAILABLE,MANY_SEATS_AVAILABLE,2022,10,5,1,0,0,2,13.6,0.0,23.7,64,1.1,10,10,2022-10-5-11
12,9011012065200000,MANY_SEATS_AVAILABLE,MANY_SEATS_AVAILABLE,2022,10,5,1,0,0,2,13.4,0.8,23.0,13,1.2,10,10,2022-10-5-12
13,9011012065200000,MANY_SEATS_AVAILABLE,MANY_SEATS_AVAILABLE,2022,10,5,1,0,0,2,13.5,1.3,27.5,63,1.1818,11,10,2022-10-5-13
14,9011012065200000,MANY_SEATS_AVAILABLE,MANY_SEATS_AVAILABLE,2022,10,5,1,0,0,2,13.4,0.0,25.6,36,0.9412,17,10,2022-10-5-14
15,9011012065200000,MANY_SEATS_AVAILABLE,MANY_SEATS_AVAILABLE,2022,10,5,1,0,0,3,13.4,0.0,24.5,30,1.0909,11,10,2022-10-5-15
16,9011012065200000,MANY_SEATS_AVAILABLE,MANY_SEATS_AVAILABLE,2022,10,5,1,0,0,3,12.9,0.1,23.0,40,1.0833,12,10,2022-10-5-16
17,9011012065200000,CROWDED,FEW_SEATS_AVAILABLE,2022,10,5,1,0,0,3,12.4,0.0,21.7,58,1.5455,11,10,2022-10-5-17
18,9011012065200000,MANY_SEATS_AVAILABLE,MANY_SEATS_AVAILABLE,2022,10,5,1,0,0,3,11.7,0.0,23.9,26,1.0833,12,10,2022-10-5-18
19,9011012065200000,MANY_SEATS_AVAILABLE,MANY_SEATS_AVAILABLE,2022,10,5,1,0,0,4,11.3,0.0,23.6,23,1.0,10,10,2022-10-5-19
20,9011012065200000,MANY_SEATS_AVAILABLE,MANY_SEATS_AVAILABLE,2022,10,5,1,0,0,4,11.1,0.0,21.5,33,1.0909,11,10,2022-10-5-20
21,9011012065200000,MANY_SEATS_AVAILABLE,MANY_SEATS_AVAILABLE,2022,10,5,1,0,0,4,11.0,0.0,23.7,17,1.0909,11,10,2022-10-5-21
22,9011012065200000,MANY_SEATS_AVAILABLE,MANY_SEATS_AVAILABLE,2022,10,5,1,0,0,4,10.8,0.0,24.3,10,1.0,11,10,2022-10-5-22
23,9011012065200000,MANY_SEATS_AVAILABLE,MANY_SEATS_AVAILABLE,2022,10,5,1,0,0,0,10.6,0.0,23.5,4,1.1111,9,10,2022-10-5-23
0,9011012065200000,MANY_SEATS_AVAILABLE,MANY_SEATS_AVAILABLE,2022,10,6,1,1,0,0,10.5,0.0,23.5,3,1.0,9,10,2022-10-6-00
1,9011012065200000,MANY_SEATS_AVAILABLE,MANY_SEATS_AVAILABLE,2022,10,6,1,1,0,0,10.7,0.0,23.9,0,0.8,10,10,2022-10-6-01
2,9011012065200000,EMPTY,EMPTY,2022,10,6,1,1,0,0,10.5,0.0,23.0,28,0.0,4,10,2022-10-6-02
6,9011012065200000,MANY_SEATS_AVAILABLE,MANY_SEATS_AVAILABLE,2022,10,6,1,1,0,1,9.7,0.0,19.1,77,0.6667,6,10,2022-10-6-06
7,9011012065200000,EMPTY,EMPTY,2022,10,6,1,1,0,1,9.8,0.0,17.6,64,0.0,9,10,2022-10-6-07
8,9011012065200000,MANY_SEATS_AVAILABLE,MANY_SEATS_AVAILABLE,2022,10,6,1,1,0,1,10.4,0.0,16.7,100,0.8,10,10,2022-10-6-08
9,9011012065200000,MANY_SEATS_AVAILABLE,MANY_SEATS_AVAILABLE,2022,10,6,1,1,0,1,11.2,0.0,15.0,100,1.0,10,10,2022-10-6-09
10,9011012065200000,MANY_SEATS_AVAILABLE,MANY_SEATS_AVAILABLE,2022,10,6,1,1,0,2,11.8,0.0,15.0,29,1.0,12,10,2022-10-6-10
11,9011012065200000,MANY_SEATS_AVAILABLE,MANY_SEATS_AVAILABLE,2022,10,6,1,1,0,2,12.6,0.0,15.1,2,1.0,11,10,2022-10-6-11
12,9011012065200000,MANY_SEATS_AVAILABLE,MANY_SEATS_AVAILABLE,2022,10,6,1,1,0,2,13.3,0.0,15.1,13,1.0,11,10,2022-10-6-12
13,9011012065200000,MANY_SEATS_AVAILABLE,MANY_SEATS_AVAILABLE,2022,10,6,1,1,0,2,13.3,0.0,14.5,40,1.2727,11,10,2022-10-6-13
14,9011012065200000,MANY_SEATS_AVAILABLE,MANY_SEATS_AVAILABLE,2022,10,6,1,1,0,2,13.5,0.0,14.8,58,1.4,10,10,2022-10-6-14
15,9011012065200000,MANY_SEATS_AVAILABLE,MANY_SEATS_AVAILABLE,2022,10,6,1,1,0,3,13.8,0.0,15.9,62,1.4,10,10,2022-10-6-15
16,9011012065200000,MANY_SEATS_AVAILABLE,MANY_SEATS_AVAILABLE,2022,10,6,1,1,0,3,13.5,0.0,13.7,64,1.0,11,10,2022-10-6-16
17,9011012065200000,MANY_SEATS_AVAILABLE,MANY_SEATS_AVAILABLE,2022,10,6,1,1,0,3,12.9,0.0,13.7,64,1.0,10,10,2022-10-6-17
18,9011012065200000,MANY_SEATS_AVAILABLE,MANY_SEATS_AVAILABLE,2022,10,6,1,1,0,3,12.3,0.0,12.9,46,1.0,10,10,2022-10-6-18
19,9011012065200000,MANY_SEATS_AVAILABLE,MANY_SEATS_AVAILABLE,2022,10,6,1,1,0,4,12.1,0.0,14.6,43,1.0,10,10,2022-10-6-19
20,9011012065200000,MANY_SEATS_AVAILABLE,MANY_SEATS_AVAILABLE,2022,10,6,1,1,0,4,11.8,0.0,14.0,15,1.0,10,10,2022-10-6-20
21,9011012065200000,MANY_SEATS_AVAILABLE,MANY_SEATS_AVAILABLE,2022,10,6,1,1,0,4,11.6,0.0,13.7,0,1.0,10,10,2022-10-6-21
22,9011012065200000,MANY_SEATS_AVAILABLE,MANY_SEATS_AVAILABLE,2022,10,6,1,1,0,4,11.6,0.0,15.5,3,1.0,4,10,2022-10-6-22
4,9011012065200000,EMPTY,EMPTY,2022,10,0,0,0,1,0,11.2,0.0,24.8,0,0.0,3,10,2022-10-0-04
5,9011012065200000,MANY_SEATS_AVAILABLE,MANY_SEATS_AVAILABLE,2022,10,0,0,0,1,1,11.0,0.0,24.1,15,0.7333,15,10,2022-10-0-05
6,9011012065200000,MANY_SEATS_AVAILABLE,MANY_SEATS_AVAILABLE,2022,10,0,0,0,1,1,10.8,0.0,25.1,43,1.0435,23,10,2022-10-0-06
7,9011012065200000,MANY_SEATS_AVAILABLE,MANY_SEATS_AVAILABLE,2022,10,0,0,0,1,1,10.8,0.0,27.2,8,1.2903,31,10,2022-10-0-07
8,9011012065200000,MANY_SEATS_AVAILABLE,MANY_SEATS_AVAILABLE,2022,10,0,0,0,1,1,11.2,0.0,28.3,51,1.5625,32,10,2022-10-0-08
9,9011012065200000,MANY_SEATS_AVAILABLE,MANY_SEATS_AVAILABLE,2022,10,0,0,0,1,1,11.6,0.0,29.3,86,1.1667,30,10,2022-10-0-09
10,9011012065200000,MANY_SEATS_AVAILABLE,MANY_SEATS_AVAILABLE,2022,10,0,0,0,1,2,11.9,0.0,30.6,76,0.9048,21,10,2022-10-0-10
11,9011012065200000,MANY_SEATS_AVAILABLE,MANY_SEATS_AVAILABLE,2022,10,0,0,0,1,2,12.2,0.0,28.8,34,1.0,23,10,2022-10-0-11
12,9011012065200000,MANY_SEATS_AVAILABLE,MANY_SEATS_AVAILABLE,2022,10,0,0,0,1,2,12.5,0.0,28.1,8,0.96,25,10,2022-10-0-12
13,9011012065200000,MANY_SEATS_AVAILABLE,MANY_SEATS_AVAILABLE,2022,10,0,0,0,1,2,13.0,0.0,23.9,1,1.0385,26,10,2022-10-0-13
14,9011012065200000,MANY_SEATS_AVAILABLE,MANY_SEATS_AVAILABLE,2022,10,0,0,0,1,2,13.0,0.0,24.3,63,1.3056,36,10,2022-10-0-14
15,9011012065200000,MANY_SEATS_AVAILABLE,MANY_SEATS_AVAILABLE,2022,10,0,0,0,1,3,12.8,0.0,23.1,91,1.2703,37,10,2022-10-0-15
16,9011012065200000,MANY_SEATS_AVAILABLE,MANY_SEATS_AVAILABLE,2022,10,0,0,0,1,3,12.3,0.0,22.8,72,1.3429,35,10,2022-10-0-16
17,9011012065200000,MANY_SEATS_AVAILABLE,MANY_SEATS_AVAILABLE,2022,10,0,0,0,1,3,12.3,0.0,22.0,100,1.0357,28,10,2022-10-0-17
18,9011012065200000,MANY_SEATS_AVAILABLE,MANY_SEATS_AVAILABLE,2022,10,0,0,0,1,3,12.5,0.0,22.0,100,1.1364,22,10,2022-10-0-18
19,9011012065200000,MANY_SEATS_AVAILABLE,MANY_SEATS_AVAILABLE,2022,10,0,0,0,1,4,13.3,0.0,22.9,96,0.875,24,10,2022-10-0-19
20,9011012065200000,MANY_SEATS_AVAILABLE,MANY_SEATS_AVAILABLE,2022,10,0,0,0,1,4,13.2,0.2,25.0,100,0.7826,23,10,2022-10-0-20
21,9011012065200000,MANY_SEATS_AVAILABLE,MANY_SEATS_AVAILABLE,2022,10,0,0,0,1,4,12.6,2.1,25.1,100,0.8421,19,10,2022-10-0-21
22,9011012065200000,MANY_SEATS_AVAILABLE,MANY_SEATS_AVAILABLE,2022,10,0,0,0,1,4,12.2,1.6,28.1,100,1.0,11,10,2022-10-0-22
23,9011012065200000,MANY_SEATS_AVAILABLE,MANY_SEATS_AVAILABLE,2022,10,0,0,0,1,0,11.6,0.1,29.1,31,1.0,3,10,2022-10-0-23
4,9011012065200000,EMPTY,EMPTY,2022,10,1,0,0,1,0,9.9,0.0,26.0,4,0.0,2,10,2022-10-1-04
5,9011012065200000,MANY_SEATS_AVAILABLE,MANY_SEATS_AVAILABLE,2022,10,1,0,0,1,1,9.8,0.0,25.9,4,0.5882,17,10,2022-10-1-05
6,9011012065200000,MANY_SEATS_AVAILABLE,MANY_SEATS_AVAILABLE,2022,10,1,0,0,1,1,9.8,0.0,26.7,7,0.9615,26,10,2022-10-1-06
7,9011012065200000,MANY_SEATS_AVAILABLE,MANY_SEATS_AVAILABLE,2022,10,1,0,0,1,1,9.9,0.0,27.2,35,1.6875,32,10,2022-10-1-07
8,9011012065200000,MANY_SEATS_AVAILABLE,MANY_SEATS_AVAILABLE,2022,10,1,0,0,1,1,10.4,0.0,27.9,17,1.2286,35,10,2022-10-1-08
9,9011012065200000,MANY_SEATS_AVAILABLE,MANY_SEATS_AVAILABLE,2022,10,1,0,0,1,1,11.0,0.0,28.6,43,1.0769,26,10,2022-10-1-09
10,9011012065200000,MANY_SEATS_AVAILABLE,MANY_SEATS_AVAILABLE,2022,10,1,0,0,1,2,11.8,0.0,30.6,31,0.9545,22,10,2022-10-1-10
11,9011012065200000,MANY_SEATS_AVAILABLE,MANY_SEATS_AVAILABLE,2022,10,1,0,0,1,2,12.4,0.0,31.3,30,0.9545,22,10,2022-10-1-11
12,9011012065200000,MANY_SEATS_AVAILABLE,MANY_SEATS_AVAILABLE,2022,10,1,0,0,1,2,12.8,0.0,30.4,37,1.0,24,10,2022-10-1-12
13,9011012065200000,MANY_SEATS_AVAILABLE,MANY_SEATS_AVAILABLE,2022,10,1,0,0,1,2,12.5,0.0,29.8,51,1.1786,28,10,2022-10-1-13
14,9011012065200000,MANY_SEATS_AVAILABLE,MANY_SEATS_AVAILABLE,2022,10,1,0,0,1,2,12.5,0.0,29.5,100,1.2857,35,10,2022-10-1-14
15,9011012065200000,MANY_SEATS_AVAILABLE,MANY_SEATS_AVAILABLE,2022,10,1,0,0,1,3,12.4,0.0,25.5,47,1.1026,39,10,2022-10-1-15
16,9011012065200000,MANY_SEATS_AVAILABLE,MANY_SEATS_AVAILABLE,2022,10,1,0,0,1,3,12.5,0.0,25.5,60,1.0303,33,10,2022-10-1-16
17,9011012065200000,MANY_SEATS_AVAILABLE,MANY_SEATS_AVAILABLE,2022,10,1,0,0,1,3,12.1,0.0,23.4,28,0.963,27,10,2022-10-1-17
18,9011012065200000,MANY_SEATS_AVAILABLE,MANY_SEATS_AVAILABLE,2022,10,1,0,0,1,3,11.7,0.0,22.1,51,0.9583,24,10,2022-10-1-18
19,9011012065200000,MANY_SEATS_AVAILABLE,MANY_SEATS_AVAILABLE,2022,10,1,0,0,1,4,11.6,0.0,23.0,42,0.9167,24,10,2022-10-1-19
20,9011012065200000,MANY_SEATS_AVAILABLE,MANY_SEATS_AVAILABLE,2022,10,1,0,0,1,4,11.5,0.0,22.3,67,0.9167,24,10,2022-10-1-20
21,9011012065200000,MANY_SEATS_AVAILABLE,MANY_SEATS_AVAILABLE,2022,10,1,0,0,1,4,11.3,0.0,21.8,43,1.0,18,10,2022-10-1-21
22,9011012065200000,MANY_SEATS_AVAILABLE,MANY_SEATS_AVAILABLE,2022,10,1,0,0,1,4,11.0,0.0,19.5,29,1.0,18,10,2022-10-1-22
23,9011012065200000,MANY_SEATS_AVAILABLE,MANY_SEATS_AVAILABLE,2022,10,1,0,0,1,0,10.8,0.0,18.2,37,1.0,8,10,2022-10-1-23
4,9011012065200000,EMPTY,EMPTY,2022,10,2,0,0,1,0,10.0,0.0,14.8,97,0.0,3,10,2022-10-2-04
5,9011012065200000,MANY_SEATS_AVAILABLE,MANY_SEATS_AVAILABLE,2022,10,2,0,0,1,1,10.2,0.0,11.9,31,0.7647,17,10,2022-10-2-05
6,9011012065200000,MANY_SEATS_AVAILABLE,MANY_SEATS_AVAILABLE,2022,10,2,0,0,1,1,9.9,0.0,11.4,78,1.2083,24,10,2022-10-2-06
7,9011012065200000,MANY_SEATS_AVAILABLE,MANY_SEATS_AVAILABLE,2022,10,2,0,0,1,1,10.1,0.0,11.4,100,1.5,26,10,2022-10-2-07
8,9011012065200000,MANY_SEATS_AVAILABLE,MANY_SEATS_AVAILABLE,2022,10,2,0,0,1,1,10.9,0.0,11.2,40,1.24,25,10,2022-10-2-08
9,9011012065200000,MANY_SEATS_AVAILABLE,MANY_SEATS_AVAILABLE,2022,10,2,0,0,1,1,11.8,0.0,12.0,32,1.2174,23,10,2022-10-2-09
10,9011012065200000,MANY_SEATS_AVAILABLE,MANY_SEATS_AVAILABLE,2022,10,2,0,0,1,2,12.3,0.0,12.5,32,1.1304,23,10,2022-10-2-10
11,9011012065200000,MANY_SEATS_AVAILABLE,MANY_SEATS_AVAILABLE,2022,10,2,0,0,1,2,12.8,0.0,14.8,21,1.0952,21,10,2022-10-2-11
12,9011012065200000,MANY_SEATS_AVAILABLE,MANY_SEATS_AVAILABLE,2022,10,2,0,0,1,2,13.1,0.0,16.4,76,1.0,22,10,2022-10-2-12
13,9011012065200000,MANY_SEATS_AVAILABLE,MANY_SEATS_AVAILABLE,2022,10,2,0,0,1,2,12.7,0.0,17.5,100,1.3913,23,10,2022-10-2-13
14,9011012065200000,MANY_SEATS_AVAILABLE,MANY_SEATS_AVAILABLE,2022,10,2,0,0,1,2,12.8,0.1,18.3,100,0.973,37,10,2022-10-2-14
15,9011012065200000,MANY_SEATS_AVAILABLE,MANY_SEATS_AVAILABLE,2022,10,2,0,0,1,3,12.7,0.0,16.1,80,1.2059,34,10,2022-10-2-15
16,9011012065200000,MANY_SEATS_AVAILABLE,MANY_SEATS_AVAILABLE,2022,10,2,0,0,1,3,12.5,0.0,21.0,38,1.1081,37,10,2022-10-2-16
17,9011012065200000,MANY_SEATS_AVAILABLE,MANY_SEATS_AVAILABLE,2022,10,2,0,0,1,3,12.1,0.0,19.5,18,1.1111,27,10,2022-10-2-17
18,9011012065200000,MANY_SEATS_AVAILABLE,MANY_SEATS_AVAILABLE,2022,10,2,0,0,1,3,11.8,0.0,14.8,52,0.9565,23,10,2022-10-2-18
19,9011012065200000,MANY_SEATS_AVAILABLE,MANY_SEATS_AVAILABLE,2022,10,2,0,0,1,4,11.9,0.0,13.8,100,0.6923,26,10,2022-10-2-19
20,9011012065200000,MANY_SEATS_AVAILABLE,MANY_SEATS_AVAILABLE,2022,10,2,0,0,1,4,11.9,0.0,13.4,100,0.8261,23,10,2022-10-2-20
21,9011012065200000,MANY_SEATS_AVAILABLE,MANY_SEATS_AVAILABLE,2022,10,2,0,0,1,4,12.2,0.0,14.8,100,0.8333,18,10,2022-10-2-21
22,9011012065200000,MANY_SEATS_AVAILABLE,MANY_SEATS_AVAILABLE,2022,10,2,0,0,1,4,12.3,0.0,16.6,100,1.0,11,10,2022-10-2-22
23,9011012065200000,MANY_SEATS_AVAILABLE,MANY_SEATS_AVAILABLE,2022,10,2,0,0,1,0,12.3,0.0,16.9,14,1.0,3,10,2022-10-2-23
4,9011012065200000,EMPTY,EMPTY,2022,10,3,0,0,1,0,10.7,0.0,15.7,35,0.0,3,10,2022-10-3-04
5,9011012065200000,MANY_SEATS_AVAILABLE,MANY_SEATS_AVAILABLE,2022,10,3,0,0,1,1,10.5,0.0,15.8,24,1.0588,17,10,2022-10-3-05
6,9011012065200000,MANY_SEATS_AVAILABLE,MANY_SEATS_AVAILABLE,2022,10,3,0,0,1,1,10.4,0.0,17.6,100,1.2917,24,10,2022-10-3-06
7,9011012065200000,MANY_SEATS_AVAILABLE,MANY_SEATS_AVAILABLE,2022,10,3,0,0,1,1,10.9,0.0,17.6,100,1.697,33,10,2022-10-3-07
8,9011012065200000,MANY_SEATS_AVAILABLE,MANY_SEATS_AVAILABLE,2022,10,3,0,0,1,1,11.1,0.0,18.7,100,1.0571,35,10,2022-10-3-08
9,9011012065200000,MANY_SEATS_AVAILABLE,MANY_SEATS_AVAILABLE,2022,10,3,0,0,1,1,11.6,0.0,20.5,100,1.6452,31,10,2022-10-3-09
10,9011012065200000,MANY_SEATS_AVAILABLE,MANY_SEATS_AVAILABLE,2022,10,3,0,0,1,2,11.6,0.0,19.4,100,1.0,25,10,2022-10-3-10
11,9011012065200000,MANY_SEATS_AVAILABLE,MANY_SEATS_AVAILABLE,2022,10,3,0,0,1,2,11.5,0.1,18.1,100,1.2174,23,10,2022-10-3-11
12,9011012065200000,MANY_SEATS_AVAILABLE,MANY_SEATS_AVAILABLE,2022,10,3,0,0,1,2,11.6,0.0,18.4,100,1.3043,23,10,2022-10-3-12
13,9011012065200000,MANY_SEATS_AVAILABLE,MANY_SEATS_AVAILABLE,2022,10,3,0,0,1,2,12.2,0.0,18.6,100,0.8261,23,10,2022-10-3-13
14,9011012065200000,MANY_SEATS_AVAILABLE,MANY_SEATS_AVAILABLE,2022,10,3,0,0,1,2,12.4,0.0,17.2,100,1.0645,31,10,2022-10-3-14
15,9011012065200000,MANY_SEATS_AVAILABLE,MANY_SEATS_AVAILABLE,2022,10,3,0,0,1,3,12.4,0.0,18.3,100,1.2051,39,10,2022-10-3-15
16,9011012065200000,MANY_SEATS_AVAILABLE,MANY_SEATS_AVAILABLE,2022,10,3,0,0,1,3,12.3,0.3,16.0,100,1.4444,36,10,2022-10-3-16
17,9011012065200000,MANY_SEATS_AVAILABLE,MANY_SEATS_AVAILABLE,2022,10,3,0,0,1,3,12.2,0.1,16.5,100,1.0,28,10,2022-10-3-17
18,9011012065200000,MANY_SEATS_AVAILABLE,MANY_SEATS_AVAILABLE,2022,10,3,0,0,1,3,12.1,0.2,18.5,100,1.0,25,10,2022-10-3-18
19,9011012065200000,MANY_SEATS_AVAILABLE,MANY_SEATS_AVAILABLE,2022,10,3,0,0,1,4,12.1,0.2,19.1,100,1.125,24,10,2022-10-3-19
20,9011012065200000,MANY_SEATS_AVAILABLE,MANY_SEATS_AVAILABLE,2022,10,3,0,0,1,4,12.2,0.0,18.4,100,0.9565,23,10,2022-10-3-20
21,9011012065200000,MANY_SEATS_AVAILABLE,MANY_SEATS_AVAILABLE,2022,10,3,0,0,1,4,12.2,0.1,16.3,100,1.0,21,10,2022-10-3-21
22,9011012065200000,MANY_SEATS_AVAILABLE,MANY_SEATS_AVAILABLE,2022,10,3,0,0,1,4,12.0,0.2,10.2,100,0.9167,12,10,2022-10-3-22
23,9011012065200000,MANY_SEATS_AVAILABLE,MANY_SEATS_AVAILABLE,2022,10,3,0,0,1,0,12.1,0.6,11.5,100,1.0,4,10,2022-10-3-23
4,9011012065200000,EMPTY,EMPTY,2022,10,4,0,0,1,0,11.4,0.0,11.2,54,0.0,3,10,2022-10-4-04
5,9011012065200000,MANY_SEATS_AVAILABLE,MANY_SEATS_AVAILABLE,2022,10,4,0,0,1,1,11.4,0.0,11.9,50,0.75,16,10,2022-10-4-05
6,9011012065200000,MANY_SEATS_AVAILABLE,MANY_SEATS_AVAILABLE,2022,10,4,0,0,1,1,11.5,0.0,12.7,70,0.9583,24,10,2022-10-4-06
7,9011012065200000,MANY_SEATS_AVAILABLE,MANY_SEATS_AVAILABLE,2022,10,4,0,0,1,1,11.3,0.0,11.5,39,1.4375,32,10,2022-10-4-07
8,9011012065200000,MANY_SEATS_AVAILABLE,MANY_SEATS_AVAILABLE,2022,10,4,0,0,1,1,11.8,0.0,13.2,64,1.0,30,10,2022-10-4-08
9,9011012065200000,MANY_SEATS_AVAILABLE,MANY_SEATS_AVAILABLE,2022,10,4,0,0,1,1,12.3,0.0,15.8,49,1.3077,26,10,2022-10-4-09
10,9011012065200000,MANY_SEATS_AVAILABLE,MANY_SEATS_AVAILABLE,2022,10,4,0,0,1,2,12.9,0.0,17.1,96,1.0,23,10,2022-10-4-10
11,9011012065200000,MANY_SEATS_AVAILABLE,MANY_SEATS_AVAILABLE,2022,10,4,0,0,1,2,13.1,0.0,17.1,67,1.0,23,10,2022-10-4-11
12,9011012065200000,MANY_SEATS_AVAILABLE,MANY_SEATS_AVAILABLE,2022,10,4,0,0,1,2,13.4,0.0,16.3,80,1.0833,24,10,2022-10-4-12
13,9011012065200000,MANY_SEATS_AVAILABLE,MANY_SEATS_AVAILABLE,2022,10,4,0,0,1,2,13.4,0.0,11.1,68,1.2692,26,10,2022-10-4-13
14,9011012065200000,MANY_SEATS_AVAILABLE,MANY_SEATS_AVAILABLE,2022,10,4,0,0,1,2,13.4,0.0,10.2,76,1.4062,32,10,2022-10-4-14
15,9011012065200000,MANY_SEATS_AVAILABLE,MANY_SEATS_AVAILABLE,2022,10,4,0,0,1,3,13.0,0.0,10.9,64,1.2105,38,10,2022-10-4-15
16,9011012065200000,MANY_SEATS_AVAILABLE,MANY_SEATS_AVAILABLE,2022,10,4,0,0,1,3,12.7,0.0,13.0,100,1.2121,33,10,2022-10-4-16
17,9011012065200000,MANY_SEATS_AVAILABLE,MANY_SEATS_AVAILABLE,2022,10,4,0,0,1,3,12.2,0.0,12.7,100,1.0769,26,10,2022-10-4-17
18,9011012065200000,MANY_SEATS_AVAILABLE,MANY_SEATS_AVAILABLE,2022,10,4,0,0,1,3,12.1,0.0,14.5,99,1.08,25,10,2022-10-4-18
19,9011012065200000,MANY_SEATS_AVAILABLE,MANY_SEATS_AVAILABLE,2022,10,4,0,0,1,4,11.8,0.0,16.4,97,0.8462,26,10,2022-10-4-19
20,9011012065200000,MANY_SEATS_AVAILABLE,MANY_SEATS_AVAILABLE,2022,10,4,0,0,1,4,11.7,0.2,15.5,74,1.0,25,10,2022-10-4-20
21,9011012065200000,MANY_SEATS_AVAILABLE,MANY_SEATS_AVAILABLE,2022,10,4,0,0,1,4,11.9,0.0,15.7,96,0.9615,26,10,2022-10-4-21
22,9011012065200000,MANY_SEATS_AVAILABLE,MANY_SEATS_AVAILABLE,2022,10,4,0,0,1,4,12.3,0.0,13.4,83,1.0,20,10,2022-10-4-22
23,9011012065200000,MANY_SEATS_AVAILABLE,MANY_SEATS_AVAILABLE,2022,10,4,0,0,1,0,12.1,0.0,13.5,25,1.0,14,10,2022-10-4-23
0,9011012065200000,MANY_SEATS_AVAILABLE,MANY_SEATS_AVAILABLE,2022,10,5,1,0,0,0,12.0,0.0,16.7,69,1.2,10,10,2022-10-5-00
1,9011012065200000,MANY_SEATS_AVAILABLE,MANY_SEATS_AVAILABLE,2022,10,5,1,0,0,0,12.5,0.0,18.2,100,1.0,4,10,2022-10-5-01
5,9011012065200000,MANY_SEATS_AVAILABLE,MANY_SEATS_AVAILABLE,2022,10,5,1,0,0,1,12.5,0.0,20.2,53,0.8571,7,10,2022-10-5-05
6,9011012065200000,MANY_SEATS_AVAILABLE,MANY_SEATS_AVAILABLE,2022,10,5,1,0,0,1,12.7,0.0,19.4,44,1.0,10,10,2022-10-5-06
7,9011012065200000,MANY_SEATS_AVAILABLE,MANY_SEATS_AVAILABLE,2022,10,5,1,0,0,1,12.7,0.0,18.6,100,0.6,10,10,2022-10-5-07
8,9011012065200000,MANY_SEATS_AVAILABLE,MANY_SEATS_AVAILABLE,2022,10,5,1,0,0,1,13.2,0.0,16.6,100,0.8667,15,10,2022-10-5-08
9,9011012065200000,MANY_SEATS_AVAILABLE,MANY_SEATS_AVAILABLE,2022,10,5,1,0,0,1,13.2,0.1,16.3,100,0.9091,11,10,2022-10-5-09
10,9011012065200000,MANY_SEATS_AVAILABLE,MANY_SEATS_AVAILABLE,2022,10,5,1,0,0,2,13.5,0.1,14.8,100,1.2727,11,10,2022-10-5-10
11,9011012065200000,MANY_SEATS_AVAILABLE,MANY_SEATS_AVAILABLE,2022,10,5,1,0,0,2,13.9,0.0,12.3,35,1.3,10,10,2022-10-5-11
12,9011012065200000,MANY_SEATS_AVAILABLE,MANY_SEATS_AVAILABLE,2022,10,5,1,0,0,2,14.2,0.1,14.8,52,1.0,10,10,2022-10-5-12
13,9011012065200000,MANY_SEATS_AVAILABLE,MANY_SEATS_AVAILABLE,2022,10,5,1,0,0,2,13.8,0.0,16.5,83,1.4545,11,10,2022-10-5-13
14,9011012065200000,MANY_SEATS_AVAILABLE,MANY_SEATS_AVAILABLE,2022,10,5,1,0,0,2,14.0,0.0,15.4,89,1.3333,12,10,2022-10-5-14
15,9011012065200000,MANY_SEATS_AVAILABLE,MANY_SEATS_AVAILABLE,2022,10,5,1,0,0,3,13.9,0.0,16.3,55,1.1,10,10,2022-10-5-15
16,9011012065200000,CROWDED,FEW_SEATS_AVAILABLE,2022,10,5,1,0,0,3,13.7,0.0,17.2,55,1.8182,11,10,2022-10-5-16
17,9011012065200000,CROWDED,STANDING_ROOM_ONLY,2022,10,5,1,0,0,3,13.2,0.0,19.5,100,2.2,10,10,2022-10-5-17
18,9011012065200000,MANY_SEATS_AVAILABLE,MANY_SEATS_AVAILABLE,2022,10,5,1,0,0,3,13.0,0.0,19.1,100,1.1818,11,10,2022-10-5-18
19,9011012065200000,MANY_SEATS_AVAILABLE,MANY_SEATS_AVAILABLE,2022,10,5,1,0,0,4,13.0,0.0,18.8,100,1.3636,11,10,2022-10-5-19
20,9011012065200000,CROWDED,FEW_SEATS_AVAILABLE,2022,10,5,1,0,0,4,13.1,0.0,24.0,100,1.5455,11,10,2022-10-5-20
21,9011012065200000,MANY_SEATS_AVAILABLE,MANY_SEATS_AVAILABLE,2022,10,5,1,0,0,4,13.1,0.0,23.3,100,1.1818,11,10,2022-10-5-21
22,9011012065200000,MANY_SEATS_AVAILABLE,MANY_SEATS_AVAILABLE,2022,10,5,1,0,0,4,13.8,0.4,25.2,100,1.0,11,10,2022-10-5-22
23,9011012065200000,MANY_SEATS_AVAILABLE,MANY_SEATS_AVAILABLE,2022,10,5,1,0,0,0,13.5,1.6,26.0,100,2.0,4,10,2022-10-5-23
0,9011012065200000,CROWDED,FEW_SEATS_AVAILABLE,2022,10,6,1,1,0,0,13.8,0.0,24.2,100,1.4286,7,10,2022-10-6-00
1,9011012065200000,CROWDED,FEW_SEATS_AVAILABLE,2022,10,6,1,1,0,0,13.8,0.0,22.5,32,1.7,10,10,2022-10-6-01
2,9011012065200000,MANY_SEATS_AVAILABLE,MANY_SEATS_AVAILABLE,2022,10,6,1,1,0,0,13.3,0.0,19.4,100,1.25,4,10,2022-10-6-02
6,9011012065200000,MANY_SEATS_AVAILABLE,MANY_SEATS_AVAILABLE,2022,10,6,1,1,0,1,12.8,0.0,23.3,4,1.0,5,10,2022-10-6-06
7,9011012065200000,MANY_SEATS_AVAILABLE,MANY_SEATS_AVAILABLE,2022,10,6,1,1,0,1,12.8,0.0,24.6,10,1.0,10,10,2022-10-6-07
8,9011012065200000,MANY_SEATS_AVAILABLE,MANY_SEATS_AVAILABLE,2022,10,6,1,1,0,1,13.3,0.0,27.2,18,0.6,10,10,2022-10-6-08
9,9011012065200000,MANY_SEATS_AVAILABLE,MANY_SEATS_AVAILABLE,2022,10,6,1,1,0,1,13.8,0.0,29.0,20,0.9,10,10,2022-10-6-09
10,9011012065200000,MANY_SEATS_AVAILABLE,MANY_SEATS_AVAILABLE,2022,10,6,1,1,0,2,14.1,0.0,28.2,28,1.0,10,10,2022-10-6-10
11,9011012065200000,MANY_SEATS_AVAILABLE,MANY_SEATS_AVAILABLE,2022,10,6,1,1,0,2,14.6,0.0,28.4,25,0.6,10,10,2022-10-6-11
12,9011012065200000,MANY_SEATS_AVAILABLE,MANY_SEATS_AVAILABLE,2022,10,6,1,1,0,2,15.0,0.1,31.3,46,1.0714,14,10,2022-10-6-12
13,9011012065200000,MANY_SEATS_AVAILABLE,MANY_SEATS_AVAILABLE,2022,10,6,1,1,0,2,15.7,0.1,31.6,23,1.3,10,10,2022-10-6-13
14,9011012065200000,MANY_SEATS_AVAILABLE,MANY_SEATS_AVAILABLE,2022,10,6,1,1,0,2,15.4,0.0,33.2,64,0.8333,12,10,2022-10-6-14
15,9011012065200000,MANY_SEATS_AVAILABLE,MANY_SEATS_AVAILABLE,2022,10,6,1,1,0,3,14.1,0.4,34.5,33,1.0,10,10,2022-10-6-15
16,9011012065200000,MANY_SEATS_AVAILABLE,MANY_SEATS_AVAILABLE,2022,10,6,1,1,0,3,14.0,0.0,32.6,3,1.0,10,10,2022-10-6-16
17,9011012065200000,MANY_SEATS_AVAILABLE,MANY_SEATS_AVAILABLE,2022,10,6,1,1,0,3,13.5,0.0,30.9,0,1.0,8,10,2022-10-6-17
18,9011012065200000,MANY_SEATS_AVAILABLE,MANY_SEATS_AVAILABLE,2022,10,6,1,1,0,3,13.3,0.0,30.0,2,1.0,11,10,2022-10-6-18
19,9011012065200000,MANY_SEATS_AVAILABLE,MANY_SEATS_AVAILABLE,2022,10,6,1,1,0,4,13.1,0.0,30.3,0,1.1,10,10,2022-10-6-19
20,9011012065200000,MANY_SEATS_AVAILABLE,MANY_SEATS_AVAILABLE,2022,10,6,1,1,0,4,12.8,0.0,27.5,26,1.0,11,10,2022-10-6-20
21,9011012065200000,MANY_SEATS_AVAILABLE,MANY_SEATS_AVAILABLE,2022,10,6,1,1,0,4,12.5,0.0,26.0,39,0.9,10,10,2022-10-6-21
22,9011012065200000,MANY_SEATS_AVAILABLE,MANY_SEATS_AVAILABLE,2022,10,6,1,1,0,4,12.2,0.0,22.7,100,1.0,4,10,2022-10-6-22
4,9011012065200000,EMPTY,EMPTY,2022,10,0,0,0,1,0,10.5,0.0,8.2,98,0.0,3,10,2022-10-0-04
5,9011012065200000,MANY_SEATS_AVAILABLE,MANY_SEATS_AVAILABLE,2022,10,0,0,0,1,1,10.4,0.0,6.2,93,0.8824,17,10,2022-10-0-05
6,9011012065200000,MANY_SEATS_AVAILABLE,MANY_SEATS_AVAILABLE,2022,10,0,0,0,1,1,9.6,0.0,5.6,98,1.0,26,10,2022-10-0-06
7,9011012065200000,MANY_SEATS_AVAILABLE,MANY_SEATS_AVAILABLE,2022,10,0,0,0,1,1,10.3,0.0,11.3,100,1.5,30,10,2022-10-0-07
8,9011012065200000,MANY_SEATS_AVAILABLE,MANY_SEATS_AVAILABLE,2022,10,0,0,0,1,1,11.2,0.0,14.8,100,1.4643,28,10,2022-10-0-08
9,9011012065200000,MANY_SEATS_AVAILABLE,MANY_SEATS_AVAILABLE,2022,10,0,0,0,1,1,12.4,0.0,17.4,100,1.2083,24,10,2022-10-0-09
10,9011012065200000,MANY_SEATS_AVAILABLE,MANY_SEATS_AVAILABLE,2022,10,0,0,0,1,2,13.9,0.0,19.1,100,0.8696,23,10,2022-10-0-10
11,9011012065200000,MANY_SEATS_AVAILABLE,MANY_SEATS_AVAILABLE,2022,10,0,0,0,1,2,14.9,0.0,22.3,100,0.9583,24,10,2022-10-0-11
12,9011012065200000,MANY_SEATS_AVAILABLE,MANY_SEATS_AVAILABLE,2022,10,0,0,0,1,2,15.0,0.0,23.6,100,0.9167,24,10,2022-10-0-12
13,9011012065200000,MANY_SEATS_AVAILABLE,MANY_SEATS_AVAILABLE,2022,10,0,0,0,1,2,15.4,0.0,23.0,100,0.8571,28,10,2022-10-0-13
14,9011012065200000,MANY_SEATS_AVAILABLE,MANY_SEATS_AVAILABLE,2022,10,0,0,0,1,2,15.6,0.0,21.8,100,1.1562,32,10,2022-10-0-14
15,9011012065200000,MANY_SEATS_AVAILABLE,MANY_SEATS_AVAILABLE,2022,10,0,0,0,1,3,15.2,0.0,19.2,100,1.2632,38,10,2022-10-0-15
16,9011012065200000,MANY_SEATS_AVAILABLE,MANY_SEATS_AVAILABLE,2022,10,0,0,0,1,3,15.2,0.0,20.0,100,1.3889,36,10,2022-10-0-16
17,9011012065200000,MANY_SEATS_AVAILABLE,MANY_SEATS_AVAILABLE,2022,10,0,0,0,1,3,15.6,0.3,18.5,100,1.2593,27,10,2022-10-0-17
18,9011012065200000,MANY_SEATS_AVAILABLE,MANY_SEATS_AVAILABLE,2022,10,0,0,0,1,3,15.7,0.3,22.2,100,1.08,25,10,2022-10-0-18
19,9011012065200000,MANY_SEATS_AVAILABLE,MANY_SEATS_AVAILABLE,2022,10,0,0,0,1,4,15.4,0.2,25.1,100,0.9565,23,10,2022-10-0-19
20,9011012065200000,MANY_SEATS_AVAILABLE,MANY_SEATS_AVAILABLE,2022,10,0,0,0,1,4,15.0,0.1,25.0,100,0.8696,23,10,2022-10-0-20
21,9011012065200000,MANY_SEATS_AVAILABLE,MANY_SEATS_AVAILABLE,2022,10,0,0,0,1,4,14.6,0.0,26.2,100,1.0,20,10,2022-10-0-21
22,9011012065200000,MANY_SEATS_AVAILABLE,MANY_SEATS_AVAILABLE,2022,10,0,0,0,1,4,14.2,0.0,24.8,100,1.0,11,10,2022-10-0-22
23,9011012065200000,MANY_SEATS_AVAILABLE,MANY_SEATS_AVAILABLE,2022,10,0,0,0,1,0,13.9,0.0,24.6,100,1.0,4,10,2022-10-0-23
4,9011012065200000,MANY_SEATS_AVAILABLE,MANY_SEATS_AVAILABLE,2022,10,1,0,0,1,0,12.7,0.0,19.0,100,1.0,3,10,2022-10-1-04
5,9011012065200000,MANY_SEATS_AVAILABLE,MANY_SEATS_AVAILABLE,2022,10,1,0,0,1,1,12.4,0.0,19.2,100,1.0,16,10,2022-10-1-05
6,9011012065200000,MANY_SEATS_AVAILABLE,MANY_SEATS_AVAILABLE,2022,10,1,0,0,1,1,12.4,0.0,21.3,97,1.1304,23,10,2022-10-1-06
7,9011012065200000,MANY_SEATS_AVAILABLE,MANY_SEATS_AVAILABLE,2022,10,1,0,0,1,1,12.3,0.0,22.3,100,1.3636,33,10,2022-10-1-07
8,9011012065200000,MANY_SEATS_AVAILABLE,MANY_SEATS_AVAILABLE,2022,10,1,0,0,1,1,12.8,0.0,23.4,100,1.0625,32,10,2022-10-1-08
9,9011012065200000,MANY_SEATS_AVAILABLE,MANY_SEATS_AVAILABLE,2022,10,1,0,0,1,1,13.3,0.0,23.0,99,0.8846,26,10,2022-10-1-09
10,9011012065200000,MANY_SEATS_AVAILABLE,MANY_SEATS_AVAILABLE,2022,10,1,0,0,1,2,13.7,0.0,22.9,95,0.9524,21,10,2022-10-1-10
11,9011012065200000,MANY_SEATS_AVAILABLE,MANY_SEATS_AVAILABLE,2022,10,1,0,0,1,2,14.3,0.0,24.6,39,0.8095,21,10,2022-10-1-11
12,9011012065200000,MANY_SEATS_AVAILABLE,MANY_SEATS_AVAILABLE,2022,10,1,0,0,1,2,14.5,0.1,26.4,24,0.9583,24,10,2022-10-1-12
13,9011012065200000,MANY_SEATS_AVAILABLE,MANY_SEATS_AVAILABLE,2022,10,1,0,0,1,2,14.1,0.1,24.9,76,1.08,25,10,2022-10-1-13
14,9011012065200000,MANY_SEATS_AVAILABLE,MANY_SEATS_AVAILABLE,2022,10,1,0,0,1,2,14.1,0.0,25.9,62,1.0303,33,10,2022-10-1-14
15,9011012065200000,MANY_SEATS_AVAILABLE,MANY_SEATS_AVAILABLE,2022,10,1,0,0,1,3,14.0,0.0,25.9,100,1.2432,37,10,2022-10-1-15
16,9011012065200000,MANY_SEATS_AVAILABLE,MANY_SEATS_AVAILABLE,2022,10,1,0,0,1,3,13.7,0.0,25.2,34,1.2424,33,10,2022-10-1-16
17,9011012065200000,MANY_SEATS_AVAILABLE,MANY_SEATS_AVAILABLE,2022,10,1,0,0,1,3,13.0,0.1,26.5,10,1.1071,28,10,2022-10-1-17
18,9011012065200000,MANY_SEATS_AVAILABLE,MANY_SEATS_AVAILABLE,2022,10,1,0,0,1,3,12.4,0.0,25.1,19,0.9565,23,10,2022-10-1-18
19,9011012065200000,MANY_SEATS_AVAILABLE,MANY_SEATS_AVAILABLE,2022,10,1,0,0,1,4,12.1,0.0,25.3,97,0.9565,23,10,2022-10-1-19
20,9011012065200000,MANY_SEATS_AVAILABLE,MANY_SEATS_AVAILABLE,2022,10,1,0,0,1,4,11.9,0.0,27.6,100,0.92,25,10,2022-10-1-20
21,9011012065200000,MANY_SEATS_AVAILABLE,MANY_SEATS_AVAILABLE,2022,10,1,0,0,1,4,11.9,0.1,27.9,100,0.8182,22,10,2022-10-1-21
22,9011012065200000,MANY_SEATS_AVAILABLE,MANY_SEATS_AVAILABLE,2022,10,1,0,0,1,4,11.9,0.1,26.2,94,0.9231,13,10,2022-10-1-22
23,9011012065200000,MANY_SEATS_AVAILABLE,MANY_SEATS_AVAILABLE,2022,10,1,0,0,1,0,11.4,0.1,24.9,91,1.0,3,10,2022-10-1-23
5,9011012065200000,MANY_SEATS_AVAILABLE,MANY_SEATS_AVAILABLE,2022,10,2,0,0,1,1,8.5,0.0,19.1,0,1.0,7,10,2022-10-2-05
6,9011012065200000,MANY_SEATS_AVAILABLE,MANY_SEATS_AVAILABLE,2022,10,2,0,0,1,1,8.1,0.0,16.9,0,1.0625,16,10,2022-10-2-06
7,9011012065200000,MANY_SEATS_AVAILABLE,MANY_SEATS_AVAILABLE,2022,10,2,0,0,1,1,7.8,0.0,16.6,0,1.1923,26,10,2022-10-2-07
8,9011012065200000,MANY_SEATS_AVAILABLE,MANY_SEATS_AVAILABLE,2022,10,2,0,0,1,1,7.7,0.0,15.9,0,1.2,25,10,2022-10-2-08
9,9011012065200000,MANY_SEATS_AVAILABLE,MANY_SEATS_AVAILABLE,2022,10,2,0,0,1,1,7.9,0.0,14.2,0,1.0588,17,10,2022-10-2-09
10,9011012065200000,MANY_SEATS_AVAILABLE,MANY_SEATS_AVAILABLE,2022,10,2,0,0,1,2,8.3,0.0,12.6,0,1.0,24,10,2022-10-2-10
11,9011012065200000,MANY_SEATS_AVAILABLE,MANY_SEATS_AVAILABLE,2022,10,2,0,0,1,2,8.9,0.0,11.9,0,1.04,25,10,2022-10-2-11
12,9011012065200000,MANY_SEATS_AVAILABLE,MANY_SEATS_AVAILABLE,2022,10,2,0,0,1,2,9.5,0.0,11.7,0,1.0,23,10,2022-10-2-12
13,9011012065200000,MANY_SEATS_AVAILABLE,MANY_SEATS_AVAILABLE,2022,10,2,0,0,1,2,9.2,0.0,13.1,0,1.04,25,10,2022-10-2-13
14,9011012065200000,MANY_SEATS_AVAILABLE,MANY_SEATS_AVAILABLE,2022,10,2,0,0,1,2,9.3,0.0,12.9,0,1.2188,32,10,2022-10-2-14
15,9011012065200000,MANY_SEATS_AVAILABLE,MANY_SEATS_AVAILABLE,2022,10,2,0,0,1,3,9.3,0.0,13.4,0,1.2632,38,10,2022-10-2-15
16,9011012065200000,MANY_SEATS_AVAILABLE,MANY_SEATS_AVAILABLE,2022,10,2,0,0,1,3,9.0,0.0,12.3,0,1.1143,35,10,2022-10-2-16
17,9011012065200000,MANY_SEATS_AVAILABLE,MANY_SEATS_AVAILABLE,2022,10,2,0,0,1,3,8.3,0.0,9.4,0,1.0,26,10,2022-10-2-17
18,9011012065200000,MANY_SEATS_AVAILABLE,MANY_SEATS_AVAILABLE,2022,10,2,0,0,1,3,8.1,0.0,8.7,0,0.9565,23,10,2022-10-2-18
19,9011012065200000,MANY_SEATS_AVAILABLE,MANY_SEATS_AVAILABLE,2022,10,2,0,0,1,4,7.8,0.0,9.3,0,0.6818,22,10,2022-10-2-19
20,9011012065200000,MANY_SEATS_AVAILABLE,MANY_SEATS_AVAILABLE,2022,10,2,0,0,1,4,7.0,0.0,8.6,0,0.72,25,10,2022-10-2-20
21,9011012065200000,MANY_SEATS_AVAILABLE,MANY_SEATS_AVAILABLE,2022,10,2,0,0,1,4,6.1,0.0,5.2,0,0.7222,18,10,2022-10-2-21
22,9011012065200000,MANY_SEATS_AVAILABLE,MANY_SEATS_AVAILABLE,2022,10,2,0,0,1,4,5.0,0.0,5.8,0,0.7273,11,10,2022-10-2-22
23,9011012065200000,MANY_SEATS_AVAILABLE,MANY_SEATS_AVAILABLE,2022,10,2,0,0,1,0,5.7,0.0,7.1,6,1.0,3,10,2022-10-2-23
4,9011012065200000,EMPTY,EMPTY,2022,10,3,0,0,1,0,4.3,0.0,8.4,63,0.0,2,10,2022-10-3-04
5,9011012065200000,MANY_SEATS_AVAILABLE,MANY_SEATS_AVAILABLE,2022,10,3,0,0,1,1,4.5,0.0,10.6,63,0.8125,16,10,2022-10-3-05
6,9011012065200000,MANY_SEATS_AVAILABLE,MANY_SEATS_AVAILABLE,2022,10,3,0,0,1,1,5.0,0.0,11.3,64,0.96,25,10,2022-10-3-06
7,9011012065200000,MANY_SEATS_AVAILABLE,MANY_SEATS_AVAILABLE,2022,10,3,0,0,1,1,5.4,0.0,9.5,99,1.7667,30,10,2022-10-3-07
8,9011012065200000,MANY_SEATS_AVAILABLE,MANY_SEATS_AVAILABLE,2022,10,3,0,0,1,1,6.4,0.0,11.1,83,0.9375,32,10,2022-10-3-08
9,9011012065200000,MANY_SEATS_AVAILABLE,MANY_SEATS_AVAILABLE,2022,10,3,0,0,1,1,8.2,0.0,12.0,67,1.1739,23,10,2022-10-3-09
10,9011012065200000,MANY_SEATS_AVAILABLE,MANY_SEATS_AVAILABLE,2022,10,3,0,0,1,2,9.7,0.0,14.2,44,0.8696,23,10,2022-10-3-10
11,9011012065200000,MANY_SEATS_AVAILABLE,MANY_SEATS_AVAILABLE,2022,10,3,0,0,1,2,10.4,0.0,20.1,17,0.9167,24,10,2022-10-3-11
12,9011012065200000,MANY_SEATS_AVAILABLE,MANY_SEATS_AVAILABLE,2022,10,3,0,0,1,2,10.4,0.0,20.9,11,1.0417,24,10,2022-10-3-12
13,9011012065200000,MANY_SEATS_AVAILABLE,MANY_SEATS_AVAILABLE,2022,10,3,0,0,1,2,10.7,0.0,21.4,37,1.3636,22,10,2022-10-3-13
14,9011012065200000,MANY_SEATS_AVAILABLE,MANY_SEATS_AVAILABLE,2022,10,3,0,0,1,2,10.6,0.0,21.8,99,0.7917,24,10,2022-10-3-14
15,9011012065200000,MANY_SEATS_AVAILABLE,MANY_SEATS_AVAILABLE,2022,10,3,0,0,1,3,10.1,0.0,22.8,100,1.1351,37,10,2022-10-3-15
16,9011012065200000,MANY_SEATS_AVAILABLE,MANY_SEATS_AVAILABLE,2022,10,3,0,0,1,3,9.4,0.0,23.0,92,1.3529,34,10,2022-10-3-16
17,9011012065200000,MANY_SEATS_AVAILABLE,MANY_SEATS_AVAILABLE,2022,10,3,0,0,1,3,8.7,0.0,22.6,96,1.1481,27,10,2022-10-3-17
18,9011012065200000,MANY_SEATS_AVAILABLE,MANY_SEATS_AVAILABLE,2022,10,3,0,0,1,3,8.5,0.0,23.4,100,1.16,25,10,2022-10-3-18
19,9011012065200000,MANY_SEATS_AVAILABLE,MANY_SEATS_AVAILABLE,2022,10,3,0,0,1,4,9.0,0.0,23.8,100,1.0435,23,10,2022-10-3-19
20,9011012065200000,MANY_SEATS_AVAILABLE,MANY_SEATS_AVAILABLE,2022,10,3,0,0,1,4,9.6,0.0,24.4,100,0.8333,24,10,2022-10-3-20
21,9011012065200000,MANY_SEATS_AVAILABLE,MANY_SEATS_AVAILABLE,2022,10,3,0,0,1,4,9.9,0.0,24.7,100,0.75,28,10,2022-10-3-21
22,9011012065200000,MANY_SEATS_AVAILABLE,MANY_SEATS_AVAILABLE,2022,10,3,0,0,1,4,10.0,0.0,24.2,100,1.0,16,10,2022-10-3-22
23,9011012065200000,MANY_SEATS_AVAILABLE,MANY_SEATS_AVAILABLE,2022,10,3,0,0,1,0,10.0,0.0,25.7,100,1.0,9,10,2022-10-3-23
0,9011012065200000,MANY_SEATS_AVAILABLE,MANY_SEATS_AVAILABLE,2022,10,4,0,0,1,0,10.0,0.0,22.2,100,1.0,10,10,2022-10-4-00
1,9011012065200000,MANY_SEATS_AVAILABLE,MANY_SEATS_AVAILABLE,2022,10,4,0,0,1,0,9.8,0.0,20.9,100,1.0,10,10,2022-10-4-01
2,9011012065200000,MANY_SEATS_AVAILABLE,MANY_SEATS_AVAILABLE,2022,10,4,0,0,1,0,9.6,0.0,22.5,100,1.0,10,10,2022-10-4-02
3,9011012065200000,MANY_SEATS_AVAILABLE,MANY_SEATS_AVAILABLE,2022,10,4,0,0,1,0,9.8,0.0,20.8,100,1.0,6,10,2022-10-4-03
4,9011012065200000,EMPTY,EMPTY,2022,10,4,0,0,1,0,9.5,1.5,19.7,100,0.0,2,10,2022-10-4-04
5,9011012065200000,MANY_SEATS_AVAILABLE,MANY_SEATS_AVAILABLE,2022,10,4,0,0,1,1,9.3,1.8,18.4,94,0.8235,17,10,2022-10-4-05
6,9011012065200000,MANY_SEATS_AVAILABLE,MANY_SEATS_AVAILABLE,2022,10,4,0,0,1,1,9.5,0.1,17.7,100,1.2222,27,10,2022-10-4-06
7,9011012065200000,MANY_SEATS_AVAILABLE,MANY_SEATS_AVAILABLE,2022,10,4,0,0,1,1,9.7,0.0,17.4,100,1.4412,34,10,2022-10-4-07
8,9011012065200000,MANY_SEATS_AVAILABLE,MANY_SEATS_AVAILABLE,2022,10,4,0,0,1,1,10.3,0.0,16.3,96,1.125,32,10,2022-10-4-08
9,9011012065200000,MANY_SEATS_AVAILABLE,MANY_SEATS_AVAILABLE,2022,10,4,0,0,1,1,10.9,0.0,14.5,100,1.3478,23,10,2022-10-4-09
10,9011012065200000,MANY_SEATS_AVAILABLE,MANY_SEATS_AVAILABLE,2022,10,4,0,0,1,2,11.6,0.0,16.6,58,1.087,23,10,2022-10-4-10
11,9011012065200000,MANY_SEATS_AVAILABLE,MANY_SEATS_AVAILABLE,2022,10,4,0,0,1,2,12.1,0.0,16.5,95,1.125,24,10,2022-10-4-11
12,9011012065200000,MANY_SEATS_AVAILABLE,MANY_SEATS_AVAILABLE,2022,10,4,0,0,1,2,12.5,0.0,14.5,51,1.4167,24,10,2022-10-4-12
13,9011012065200000,MANY_SEATS_AVAILABLE,MANY_SEATS_AVAILABLE,2022,10,4,0,0,1,2,11.9,0.0,13.1,18,1.6522,23,10,2022-10-4-13
14,9011012065200000,MANY_SEATS_AVAILABLE,MANY_SEATS_AVAILABLE,2022,10,4,0,0,1,2,12.6,0.2,13.0,100,1.2812,32,10,2022-10-4-14
15,9011012065200000,MANY_SEATS_AVAILABLE,MANY_SEATS_AVAILABLE,2022,10,4,0,0,1,3,12.4,0.0,12.8,100,1.0857,35,10,2022-10-4-15
16,9011012065200000,MANY_SEATS_AVAILABLE,MANY_SEATS_AVAILABLE,2022,10,4,0,0,1,3,11.8,0.3,13.8,100,1.1111,36,10,2022-10-4-16
17,9011012065200000,MANY_SEATS_AVAILABLE,MANY_SEATS_AVAILABLE,2022,10,4,0,0,1,3,11.3,0.0,14.4,100,1.1481,27,10,2022-10-4-17
18,9011012065200000,MANY_SEATS_AVAILABLE,MANY_SEATS_AVAILABLE,2022,10,4,0,0,1,3,11.2,0.0,12.9,100,1.1739,23,10,2022-10-4-18
19,9011012065200000,MANY_SEATS_AVAILABLE,MANY_SEATS_AVAILABLE,2022,10,4,0,0,1,4,11.0,0.0,12.1,100,1.0909,22,10,2022-10-4-19
20,9011012065200000,MANY_SEATS_AVAILABLE,MANY_SEATS_AVAILABLE,2022,10,4,0,0,1,4,10.9,0.0,10.6,100,1.0952,21,10,2022-10-4-20
21,9011012065200000,MANY_SEATS_AVAILABLE,MANY_SEATS_AVAILABLE,2022,10,4,0,0,1,4,10.6,0.0,10.0,100,1.0,25,10,2022-10-4-21
22,9011012065200000,MANY_SEATS_AVAILABLE,MANY_SEATS_AVAILABLE,2022,10,4,0,0,1,4,10.9,0.0,10.5,100,1.1538,13,10,2022-10-4-22
23,9011012065200000,MANY_SEATS_AVAILABLE,MANY_SEATS_AVAILABLE,2022,10,4,0,0,1,0,11.4,0.1,8.7,100,0.9,10,10,2022-10-4-23
0,9011012065200000,MANY_SEATS_AVAILABLE,MANY_SEATS_AVAILABLE,2022,10,5,1,0,0,0,11.8,0.0,7.0,100,1.0,10,10,2022-10-5-00
1,9011012065200000,MANY_SEATS_AVAILABLE,MANY_SEATS_AVAILABLE,2022,10,5,1,0,0,0,11.3,0.0,8.3,100,1.0,4,10,2022-10-5-01
5,9011012065200000,MANY_SEATS_AVAILABLE,MANY_SEATS_AVAILABLE,2022,10,5,1,0,0,1,11.2,0.0,4.9,87,0.6667,6,10,2022-10-5-05
6,9011012065200000,MANY_SEATS_AVAILABLE,MANY_SEATS_AVAILABLE,2022,10,5,1,0,0,1,10.9,0.0,5.8,100,1.0,10,10,2022-10-5-06
7,9011012065200000,MANY_SEATS_AVAILABLE,MANY_SEATS_AVAILABLE,2022,10,5,1,0,0,1,11.5,0.0,5.2,100,0.9,10,10,2022-10-5-07
8,9011012065200000,MANY_SEATS_AVAILABLE,MANY_SEATS_AVAILABLE,2022,10,5,1,0,0,1,12.2,0.0,4.6,100,1.0,12,10,2022-10-5-08
9,9011012065200000,MANY_SEATS_AVAILABLE,MANY_SEATS_AVAILABLE,2022,10,5,1,0,0,1,13.2,0.0,5.1,100,0.5455,11,10,2022-10-5-09
10,9011012065200000,MANY_SEATS_AVAILABLE,MANY_SEATS_AVAILABLE,2022,10,5,1,0,0,2,13.4,0.1,4.3,100,1.0,11,10,2022-10-5-10
11,9011012065200000,MANY_SEATS_AVAILABLE,MANY_SEATS_AVAILABLE,2022,10,5,1,0,0,2,13.7,0.0,7.6,100,0.9091,11,10,2022-10-5-11
12,9011012065200000,MANY_SEATS_AVAILABLE,MANY_SEATS_AVAILABLE,2022,10,5,1,0,0,2,13.5,0.0,9.1,96,1.25,16,10,2022-10-5-12
13,9011012065200000,MANY_SEATS_AVAILABLE,MANY_SEATS_AVAILABLE,2022,10,5,1,0,0,2,13.6,0.0,14.7,100,1.0,11,10,2022-10-5-13
14,9011012065200000,CROWDED,FEW_SEATS_AVAILABLE,2022,10,5,1,0,0,2,13.7,0.0,13.0,100,1.4167,12,10,2022-10-5-14
15,9011012065200000,MANY_SEATS_AVAILABLE,MANY_SEATS_AVAILABLE,2022,10,5,1,0,0,3,13.7,0.1,10.6,86,1.0,10,10,2022-10-5-15
16,9011012065200000,MANY_SEATS_AVAILABLE,MANY_SEATS_AVAILABLE,2022,10,5,1,0,0,3,13.1,0.0,8.2,100,0.8182,11,10,2022-10-5-16
17,9011012065200000,CROWDED,FEW_SEATS_AVAILABLE,2022,10,5,1,0,0,3,12.3,0.0,4.3,100,1.6,10,10,2022-10-5-17
18,9011012065200000,MANY_SEATS_AVAILABLE,MANY_SEATS_AVAILABLE,2022,10,5,1,0,0,3,12.6,0.0,3.4,100,1.2,10,10,2022-10-5-18
19,9011012065200000,MANY_SEATS_AVAILABLE,MANY_SEATS_AVAILABLE,2022,10,5,1,0,0,4,12.9,0.0,1.5,100,1.25,12,10,2022-10-5-19
20,9011012065200000,MANY_SEATS_AVAILABLE,MANY_SEATS_AVAILABLE,2022,10,5,1,0,0,4,12.8,0.0,6.3,100,1.0,12,10,2022-10-5-20
21,9011012065200000,MANY_SEATS_AVAILABLE,MANY_SEATS_AVAILABLE,2022,10,5,1,0,0,4,12.7,0.0,10.5,100,1.8,10,10,2022-10-5-21
22,9011012065200000,MANY_SEATS_AVAILABLE,MANY_SEATS_AVAILABLE,2022,10,5,1,0,0,4,12.4,0.0,13.0,100,1.0,10,10,2022-10-5-22
23,9011012065200000,MANY_SEATS_AVAILABLE,MANY_SEATS_AVAILABLE,2022,10,5,1,0,0,0,12.4,0.0,14.3,100,1.0,4,10,2022-10-5-23
0,9011012065200000,MANY_SEATS_AVAILABLE,MANY_SEATS_AVAILABLE,2022,10,6,1,1,0,0,12.6,0.0,13.8,100,1.0,8,10,2022-10-6-00
1,9011012065200000,MANY_SEATS_AVAILABLE,MANY_SEATS_AVAILABLE,2022,10,6,1,1,0,0,12.6,0.1,16.3,100,1.0,10,10,2022-10-6-01
2,9011012065200000,MANY_SEATS_AVAILABLE,MANY_SEATS_AVAILABLE,2022,10,6,1,1,0,0,12.9,0.0,14.6,100,1.0,4,10,2022-10-6-02
5,9011012065200000,MANY_SEATS_AVAILABLE,MANY_SEATS_AVAILABLE,2022,10,6,1,1,0,1,12.0,0.0,2.3,100,1.0,2,10,2022-10-6-05
12,9011012065200000,MANY_SEATS_AVAILABLE,MANY_SEATS_AVAILABLE,2022,10,0,0,0,1,2,12.8,0.0,6.9,100,1.0,2,10,2022-10-0-12
14,9011012065200000,EMPTY,EMPTY,2022,10,0,0,0,1,2,13.6,0.1,5.6,81,0.0,1,10,2022-10-0-14
4,9011012065200000,EMPTY,EMPTY,2022,11,1,0,0,1,0,11.8,0.0,18.8,100,0.0,3,10,2022-11-1-04
5,9011012065200000,MANY_SEATS_AVAILABLE,MANY_SEATS_AVAILABLE,2022,11,1,0,0,1,1,11.8,0.0,17.1,100,0.8,15,10,2022-11-1-05
6,9011012065200000,MANY_SEATS_AVAILABLE,MANY_SEATS_AVAILABLE,2022,11,1,0,0,1,1,11.7,0.0,23.7,100,1.0,26,10,2022-11-1-06
7,9011012065200000,MANY_SEATS_AVAILABLE,MANY_SEATS_AVAILABLE,2022,11,1,0,0,1,1,11.7,0.0,25.0,100,1.0,33,10,2022-11-1-07
8,9011012065200000,MANY_SEATS_AVAILABLE,MANY_SEATS_AVAILABLE,2022,11,1,0,0,1,1,11.7,0.0,26.0,100,0.8788,33,10,2022-11-1-08
9,9011012065200000,MANY_SEATS_AVAILABLE,MANY_SEATS_AVAILABLE,2022,11,1,0,0,1,1,12.1,0.0,27.2,100,0.8621,29,10,2022-11-1-09
10,9011012065200000,MANY_SEATS_AVAILABLE,MANY_SEATS_AVAILABLE,2022,11,1,0,0,1,2,12.5,0.0,26.4,100,0.9231,26,10,2022-11-1-10
11,9011012065200000,MANY_SEATS_AVAILABLE,MANY_SEATS_AVAILABLE,2022,11,1,0,0,1,2,12.8,0.0,28.3,100,1.087,23,10,2022-11-1-11
12,9011012065200000,MANY_SEATS_AVAILABLE,MANY_SEATS_AVAILABLE,2022,11,1,0,0,1,2,12.6,0.0,26.1,100,1.0,24,10,2022-11-1-12
13,9011012065200000,MANY_SEATS_AVAILABLE,MANY_SEATS_AVAILABLE,2022,11,1,0,0,1,2,12.7,0.4,22.6,100,0.8,25,10,2022-11-1-13
14,9011012065200000,MANY_SEATS_AVAILABLE,MANY_SEATS_AVAILABLE,2022,11,1,0,0,1,2,12.6,0.2,18.4,100,0.9667,30,10,2022-11-1-14
15,9011012065200000,MANY_SEATS_AVAILABLE,MANY_SEATS_AVAILABLE,2022,11,1,0,0,1,3,13.0,0.0,15.8,100,1.0,36,10,2022-11-1-15
16,9011012065200000,MANY_SEATS_AVAILABLE,MANY_SEATS_AVAILABLE,2022,11,1,0,0,1,3,13.2,0.0,15.4,22,1.0303,33,10,2022-11-1-16
17,9011012065200000,MANY_SEATS_AVAILABLE,MANY_SEATS_AVAILABLE,2022,11,1,0,0,1,3,13.5,0.0,18.0,0,1.1154,26,10,2022-11-1-17
18,9011012065200000,MANY_SEATS_AVAILABLE,MANY_SEATS_AVAILABLE,2022,11,1,0,0,1,3,12.7,0.0,16.0,1,1.08,25,10,2022-11-1-18
19,9011012065200000,MANY_SEATS_AVAILABLE,MANY_SEATS_AVAILABLE,2022,11,1,0,0,1,4,12.6,0.0,19.4,7,0.8,25,10,2022-11-1-19
20,9011012065200000,MANY_SEATS_AVAILABLE,MANY_SEATS_AVAILABLE,2022,11,1,0,0,1,4,12.6,0.0,19.5,64,0.7727,22,10,2022-11-1-20
21,9011012065200000,MANY_SEATS_AVAILABLE,MANY_SEATS_AVAILABLE,2022,11,1,0,0,1,4,12.6,0.0,20.4,2,0.8889,18,10,2022-11-1-21
22,9011012065200000,MANY_SEATS_AVAILABLE,MANY_SEATS_AVAILABLE,2022,11,1,0,0,1,4,12.5,0.0,19.7,39,1.0,5,10,2022-11-1-22
23,9011012065200000,EMPTY,EMPTY,2022,11,1,0,0,1,0,12.4,0.0,19.6,5,0.3333,9,10,2022-11-1-23
0,9011012065200000,EMPTY,EMPTY,2022,11,2,0,0,1,0,12.2,0.0,20.9,0,0.0,10,10,2022-11-2-00
1,9011012065200000,EMPTY,EMPTY,2022,11,2,0,0,1,0,12.3,0.0,20.7,1,0.0,10,10,2022-11-2-01
2,9011012065200000,EMPTY,EMPTY,2022,11,2,0,0,1,0,11.9,0.0,17.7,43,0.0,6,10,2022-11-2-02
4,9011012065200000,EMPTY,EMPTY,2022,11,2,0,0,1,0,11.7,0.0,20.8,82,0.0,2,10,2022-11-2-04
5,9011012065200000,MANY_SEATS_AVAILABLE,MANY_SEATS_AVAILABLE,2022,11,2,0,0,1,1,11.7,0.0,21.8,98,0.7222,18,10,2022-11-2-05
6,9011012065200000,MANY_SEATS_AVAILABLE,MANY_SEATS_AVAILABLE,2022,11,2,0,0,1,1,11.5,0.1,25.1,100,0.8462,26,10,2022-11-2-06
7,9011012065200000,MANY_SEATS_AVAILABLE,MANY_SEATS_AVAILABLE,2022,11,2,0,0,1,1,11.2,0.6,24.3,100,0.9697,33,10,2022-11-2-07
8,9011012065200000,MANY_SEATS_AVAILABLE,MANY_SEATS_AVAILABLE,2022,11,2,0,0,1,1,11.3,0.0,23.5,63,0.9444,36,10,2022-11-2-08
9,9011012065200000,MANY_SEATS_AVAILABLE,MANY_SEATS_AVAILABLE,2022,11,2,0,0,1,1,11.3,0.1,25.1,100,1.5,30,10,2022-11-2-09
10,9011012065200000,MANY_SEATS_AVAILABLE,MANY_SEATS_AVAILABLE,2022,11,2,0,0,1,2,12.0,0.1,26.0,68,1.28,25,10,2022-11-2-10
11,9011012065200000,MANY_SEATS_AVAILABLE,MANY_SEATS_AVAILABLE,2022,11,2,0,0,1,2,12.4,0.5,27.1,19,1.0,17,10,2022-11-2-11
12,9011012065200000,MANY_SEATS_AVAILABLE,MANY_SEATS_AVAILABLE,2022,11,2,0,0,1,2,12.1,0.6,31.3,64,0.5556,18,10,2022-11-2-12
13,9011012065200000,MANY_SEATS_AVAILABLE,MANY_SEATS_AVAILABLE,2022,11,2,0,0,1,2,12.4,0.1,29.3,27,0.9524,21,10,2022-11-2-13
14,9011012065200000,CROWDED,FEW_SEATS_AVAILABLE,2022,11,2,0,0,1,2,12.0,0.0,33.2,87,2.0,20,10,2022-11-2-14
15,9011012065200000,CROWDED,FEW_SEATS_AVAILABLE,2022,11,2,0,0,1,3,11.3,0.0,34.5,86,2.037,27,10,2022-11-2-15
16,9011012065200000,MANY_SEATS_AVAILABLE,MANY_SEATS_AVAILABLE,2022,11,2,0,0,1,3,10.8,0.0,30.6,100,1.9286,28,10,2022-11-2-16
17,9011012065200000,MANY_SEATS_AVAILABLE,MANY_SEATS_AVAILABLE,2022,11,2,0,0,1,3,10.7,0.2,28.1,99,1.4706,17,10,2022-11-2-17
18,9011012065200000,MANY_SEATS_AVAILABLE,MANY_SEATS_AVAILABLE,2022,11,2,0,0,1,3,11.1,0.0,25.6,16,0.5,16,10,2022-11-2-18
19,9011012065200000,CROWDED,FEW_SEATS_AVAILABLE,2022,11,2,0,0,1,4,10.7,0.0,27.5,27,1.0667,15,10,2022-11-2-19
20,9011012065200000,CROWDED,FEW_SEATS_AVAILABLE,2022,11,2,0,0,1,4,11.1,0.0,25.6,22,1.1765,17,10,2022-11-2-20
21,9011012065200000,EMPTY,EMPTY,2022,11,2,0,0,1,4,11.1,0.0,24.9,13,0.9333,15,10,2022-11-2-21
22,9011012065200000,CROWDED,FEW_SEATS_AVAILABLE,2022,11,2,0,0,1,4,11.0,0.0,22.8,31,1.4545,11,10,2022-11-2-22
23,9011012065200000,CROWDED,FEW_SEATS_AVAILABLE,2022,11,2,0,0,1,0,11.2,0.0,22.6,26,2.0,3,10,2022-11-2-23
4,9011012065200000,CROWDED,STANDING_ROOM_ONLY,2022,11,3,0,0,1,0,10.7,0.0,19.8,99,3.0,3,10,2022-11-3-04
5,9011012065200000,CROWDED,STANDING_ROOM_ONLY,2022,11,3,0,0,1,1,10.7,0.0,24.5,100,2.1765,17,10,2022-11-3-05
6,9011012065200000,MANY_SEATS_AVAILABLE,MANY_SEATS_AVAILABLE,2022,11,3,0,0,1,1,10.7,0.0,25.6,90,1.5926,27,10,2022-11-3-06
7,9011012065200000,MANY_SEATS_AVAILABLE,MANY_SEATS_AVAILABLE,2022,11,3,0,0,1,1,10.6,0.0,29.2,95,1.75,24,10,2022-11-3-07
8,9011012065200000,CROWDED,FEW_SEATS_AVAILABLE,2022,11,3,0,0,1,1,10.5,0.0,27.7,76,2.0345,29,10,2022-11-3-08
9,9011012065200000,CROWDED,FEW_SEATS_AVAILABLE,2022,11,3,0,0,1,1,10.9,0.0,27.7,100,2.04,25,10,2022-11-3-09
10,9011012065200000,CROWDED,FEW_SEATS_AVAILABLE,2022,11,3,0,0,1,2,11.1,0.0,27.0,99,1.5556,18,10,2022-11-3-10
11,9011012065200000,MANY_SEATS_AVAILABLE,MANY_SEATS_AVAILABLE,2022,11,3,0,0,1,2,11.4,0.0,27.0,100,1.4375,16,10,2022-11-3-11
12,9011012065200000,MANY_SEATS_AVAILABLE,MANY_SEATS_AVAILABLE,2022,11,3,0,0,1,2,11.6,0.0,27.7,100,1.4286,14,10,2022-11-3-12
13,9011012065200000,MANY_SEATS_AVAILABLE,MANY_SEATS_AVAILABLE,2022,11,3,0,0,1,2,11.6,0.0,24.8,100,1.0,18,10,2022-11-3-13
14,9011012065200000,MANY_SEATS_AVAILABLE,MANY_SEATS_AVAILABLE,2022,11,3,0,0,1,2,11.6,0.0,24.5,100,1.2222,18,10,2022-11-3-14
15,9011012065200000,MANY_SEATS_AVAILABLE,MANY_SEATS_AVAILABLE,2022,11,3,0,0,1,3,11.6,0.0,23.7,100,1.3571,28,10,2022-11-3-15
16,9011012065200000,MANY_SEATS_AVAILABLE,MANY_SEATS_AVAILABLE,2022,11,3,0,0,1,3,11.2,0.0,22.6,100,1.3704,27,10,2022-11-3-16
17,9011012065200000,MANY_SEATS_AVAILABLE,MANY_SEATS_AVAILABLE,2022,11,3,0,0,1,3,11.1,0.0,23.7,100,1.3704,27,10,2022-11-3-17
18,9011012065200000,MANY_SEATS_AVAILABLE,MANY_SEATS_AVAILABLE,2022,11,3,0,0,1,3,11.3,0.0,25.2,100,1.4667,15,10,2022-11-3-18
19,9011012065200000,CROWDED,FEW_SEATS_AVAILABLE,2022,11,3,0,0,1,4,11.3,0.0,26.2,100,1.0,16,10,2022-11-3-19
20,9011012065200000,CROWDED,FEW_SEATS_AVAILABLE,2022,11,3,0,0,1,4,11.2,0.0,25.8,100,1.0667,15,10,2022-11-3-20
21,9011012065200000,EMPTY,EMPTY,2022,11,3,0,0,1,4,11.1,0.0,26.3,100,0.4615,13,10,2022-11-3-21
22,9011012065200000,EMPTY,EMPTY,2022,11,3,0,0,1,4,11.0,0.0,25.4,100,0.0,10,10,2022-11-3-22
23,9011012065200000,EMPTY,EMPTY,2022,11,3,0,0,1,0,10.7,0.0,25.2,100,0.0,3,10,2022-11-3-23
5,9011012065200000,MANY_SEATS_AVAILABLE,MANY_SEATS_AVAILABLE,2022,11,4,0,0,1,1,10.5,0.0,26.2,94,1.0,6,10,2022-11-4-05
6,9011012065200000,MANY_SEATS_AVAILABLE,MANY_SEATS_AVAILABLE,2022,11,4,0,0,1,1,10.4,0.0,27.0,85,1.0,17,10,2022-11-4-06
7,9011012065200000,MANY_SEATS_AVAILABLE,MANY_SEATS_AVAILABLE,2022,11,4,0,0,1,1,10.3,0.0,26.5,49,0.5789,19,10,2022-11-4-07
8,9011012065200000,MANY_SEATS_AVAILABLE,MANY_SEATS_AVAILABLE,2022,11,4,0,0,1,1,10.5,0.0,26.1,100,0.75,12,10,2022-11-4-08
9,9011012065200000,MANY_SEATS_AVAILABLE,MANY_SEATS_AVAILABLE,2022,11,4,0,0,1,1,11.0,0.0,24.9,100,1.0,15,10,2022-11-4-09
10,9011012065200000,MANY_SEATS_AVAILABLE,MANY_SEATS_AVAILABLE,2022,11,4,0,0,1,2,11.3,0.3,21.4,100,0.6522,23,10,2022-11-4-10
11,9011012065200000,MANY_SEATS_AVAILABLE,MANY_SEATS_AVAILABLE,2022,11,4,0,0,1,2,11.1,0.4,20.5,100,0.6154,26,10,2022-11-4-11
12,9011012065200000,EMPTY,EMPTY,2022,11,4,0,0,1,2,11.3,0.3,18.6,100,0.75,16,10,2022-11-4-12
13,9011012065200000,MANY_SEATS_AVAILABLE,MANY_SEATS_AVAILABLE,2022,11,4,0,0,1,2,11.4,0.4,11.9,100,1.4118,17,10,2022-11-4-13
14,9011012065200000,MANY_SEATS_AVAILABLE,MANY_SEATS_AVAILABLE,2022,11,4,0,0,1,2,11.7,0.1,13.9,100,1.1176,17,10,2022-11-4-14
15,9011012065200000,MANY_SEATS_AVAILABLE,MANY_SEATS_AVAILABLE,2022,11,4,0,0,1,3,11.3,0.1,12.3,100,1.0312,32,10,2022-11-4-15
16,9011012065200000,MANY_SEATS_AVAILABLE,MANY_SEATS_AVAILABLE,2022,11,4,0,0,1,3,11.0,0.0,10.5,100,1.0435,23,10,2022-11-4-16
17,9011012065200000,MANY_SEATS_AVAILABLE,MANY_SEATS_AVAILABLE,2022,11,4,0,0,1,3,11.0,0.0,10.5,100,1.5,20,10,2022-11-4-17
18,9011012065200000,MANY_SEATS_AVAILABLE,MANY_SEATS_AVAILABLE,2022,11,4,0,0,1,3,10.8,0.0,8.2,100,1.3636,22,10,2022-11-4-18
19,9011012065200000,MANY_SEATS_AVAILABLE,MANY_SEATS_AVAILABLE,2022,11,4,0,0,1,4,10.9,0.0,12.2,100,1.7273,22,10,2022-11-4-19
20,9011012065200000,CROWDED,STANDING_ROOM_ONLY,2022,11,4,0,0,1,4,10.9,0.0,13.3,100,2.08,25,10,2022-11-4-20
21,9011012065200000,MANY_SEATS_AVAILABLE,MANY_SEATS_AVAILABLE,2022,11,4,0,0,1,4,10.7,0.0,15.5,100,2.0,28,10,2022-11-4-21
22,9011012065200000,MANY_SEATS_AVAILABLE,MANY_SEATS_AVAILABLE,2022,11,4,0,0,1,4,10.4,0.0,13.0,100,1.65,20,10,2022-11-4-22
23,9011012065200000,MANY_SEATS_AVAILABLE,MANY_SEATS_AVAILABLE,2022,11,4,0,0,1,0,10.2,0.0,13.6,100,1.25,12,10,2022-11-4-23
0,9011012065200000,MANY_SEATS_AVAILABLE,MANY_SEATS_AVAILABLE,2022,11,5,1,1,0,0,9.8,0.0,13.0,100,1.0,10,10,2022-11-5-00
1,9011012065200000,MANY_SEATS_AVAILABLE,MANY_SEATS_AVAILABLE,2022,11,5,1,1,0,0,9.4,0.0,12.4,100,1.0,4,10,2022-11-5-01
6,9011012065200000,CROWDED,FEW_SEATS_AVAILABLE,2022,11,5,1,1,0,1,9.1,0.0,16.5,96,2.0,7,10,2022-11-5-06
7,9011012065200000,CROWDED,FEW_SEATS_AVAILABLE,2022,11,5,1,1,0,1,9.2,0.0,16.4,68,2.0,8,10,2022-11-5-07
8,9011012065200000,CROWDED,FEW_SEATS_AVAILABLE,2022,11,5,1,1,0,1,9.4,0.0,17.8,82,1.0667,15,10,2022-11-5-08
9,9011012065200000,EMPTY,EMPTY,2022,11,5,1,1,0,1,9.7,0.0,19.2,0,0.0,10,10,2022-11-5-09
10,9011012065200000,EMPTY,EMPTY,2022,11,5,1,1,0,2,10.1,0.0,19.0,7,0.8571,14,10,2022-11-5-10
11,9011012065200000,CROWDED,FEW_SEATS_AVAILABLE,2022,11,5,1,1,0,2,10.7,0.0,19.5,15,1.5333,15,10,2022-11-5-11
12,9011012065200000,CROWDED,STANDING_ROOM_ONLY,2022,11,5,1,1,0,2,11.3,0.0,21.3,10,2.2727,11,10,2022-11-5-12
13,9011012065200000,CROWDED,FEW_SEATS_AVAILABLE,2022,11,5,1,1,0,2,11.4,0.1,22.5,30,2.4167,12,10,2022-11-5-13
14,9011012065200000,MANY_SEATS_AVAILABLE,MANY_SEATS_AVAILABLE,2022,11,5,1,1,0,2,11.6,0.0,20.5,30,1.3636,11,10,2022-11-5-14
15,9011012065200000,MANY_SEATS_AVAILABLE,MANY_SEATS_AVAILABLE,2022,11,5,1,1,0,3,11.0,0.6,19.4,65,1.0,10,10,2022-11-5-15
16,9011012065200000,MANY_SEATS_AVAILABLE,MANY_SEATS_AVAILABLE,2022,11,5,1,1,0,3,10.7,0.0,19.4,14,1.4118,17,10,2022-11-5-16
17,9011012065200000,MANY_SEATS_AVAILABLE,MANY_SEATS_AVAILABLE,2022,11,5,1,1,0,3,10.4,0.0,21.3,12,1.5,20,10,2022-11-5-17
18,9011012065200000,MANY_SEATS_AVAILABLE,MANY_SEATS_AVAILABLE,2022,11,5,1,1,0,3,10.4,0.0,23.7,13,1.2857,14,10,2022-11-5-18
19,9011012065200000,MANY_SEATS_AVAILABLE,MANY_SEATS_AVAILABLE,2022,11,5,1,1,0,4,10.1,0.0,25.3,16,1.0,10,10,2022-11-5-19
20,9011012065200000,MANY_SEATS_AVAILABLE,MANY_SEATS_AVAILABLE,2022,11,5,1,1,0,4,9.9,0.0,24.0,27,1.8235,17,10,2022-11-5-20
21,9011012065200000,MANY_SEATS_AVAILABLE,MANY_SEATS_AVAILABLE,2022,11,5,1,1,0,4,9.9,0.0,22.7,99,1.8889,18,10,2022-11-5-21
22,9011012065200000,MANY_SEATS_AVAILABLE,MANY_SEATS_AVAILABLE,2022,11,5,1,1,0,4,9.9,0.0,25.7,100,1.0,11,10,2022-11-5-22
23,9011012065200000,EMPTY,EMPTY,2022,11,5,1,1,0,0,9.9,0.0,26.0,100,0.0,5,10,2022-11-5-23
6,9011012065200000,MANY_SEATS_AVAILABLE,MANY_SEATS_AVAILABLE,2022,11,6,1,1,0,1,9.9,0.0,32.9,100,1.0,6,10,2022-11-6-06
7,9011012065200000,EMPTY,EMPTY,2022,11,6,1,1,0,1,9.6,0.9,31.8,100,0.1,10,10,2022-11-6-07
8,9011012065200000,MANY_SEATS_AVAILABLE,MANY_SEATS_AVAILABLE,2022,11,6,1,1,0,1,9.9,0.2,34.5,100,0.6,10,10,2022-11-6-08
9,9011012065200000,MANY_SEATS_AVAILABLE,MANY_SEATS_AVAILABLE,2022,11,6,1,1,0,1,10.2,0.0,36.0,100,0.9,10,10,2022-11-6-09
10,9011012065200000,MANY_SEATS_AVAILABLE,MANY_SEATS_AVAILABLE,2022,11,6,1,1,0,2,10.3,0.0,35.1,94,0.5714,14,10,2022-11-6-10
11,9011012065200000,MANY_SEATS_AVAILABLE,MANY_SEATS_AVAILABLE,2022,11,6,1,1,0,2,10.5,0.0,35.1,100,1.0,14,10,2022-11-6-11
12,9011012065200000,MANY_SEATS_AVAILABLE,MANY_SEATS_AVAILABLE,2022,11,6,1,1,0,2,10.7,0.0,32.5,100,0.5,14,10,2022-11-6-12
13,9011012065200000,MANY_SEATS_AVAILABLE,MANY_SEATS_AVAILABLE,2022,11,6,1,1,0,2,10.7,0.0,26.9,100,0.9,10,10,2022-11-6-13
14,9011012065200000,MANY_SEATS_AVAILABLE,MANY_SEATS_AVAILABLE,2022,11,6,1,1,0,2,10.7,0.1,25.3,100,1.0,12,10,2022-11-6-14
15,9011012065200000,MANY_SEATS_AVAILABLE,MANY_SEATS_AVAILABLE,2022,11,6,1,1,0,3,10.8,0.0,24.0,100,1.0,10,10,2022-11-6-15
16,9011012065200000,MANY_SEATS_AVAILABLE,MANY_SEATS_AVAILABLE,2022,11,6,1,1,0,3,10.8,0.0,20.9,100,1.0,11,10,2022-11-6-16
17,9011012065200000,MANY_SEATS_AVAILABLE,MANY_SEATS_AVAILABLE,2022,11,6,1,1,0,3,11.0,0.1,23.3,100,0.8,10,10,2022-11-6-17
18,9011012065200000,MANY_SEATS_AVAILABLE,MANY_SEATS_AVAILABLE,2022,11,6,1,1,0,3,11.3,0.0,26.8,100,0.625,16,10,2022-11-6-18
19,9011012065200000,MANY_SEATS_AVAILABLE,MANY_SEATS_AVAILABLE,2022,11,6,1,1,0,4,11.4,0.0,24.5,100,0.7692,13,10,2022-11-6-19
20,9011012065200000,CROWDED,FEW_SEATS_AVAILABLE,2022,11,6,1,1,0,4,11.1,0.0,29.7,100,1.2,10,10,2022-11-6-20
21,9011012065200000,MANY_SEATS_AVAILABLE,MANY_SEATS_AVAILABLE,2022,11,6,1,1,0,4,10.7,0.0,28.4,100,1.0,10,10,2022-11-6-21
22,9011012065200000,MANY_SEATS_AVAILABLE,MANY_SEATS_AVAILABLE,2022,11,6,1,1,0,4,10.1,0.0,28.1,100,1.0,4,10,2022-11-6-22
4,9011012065200000,EMPTY,EMPTY,2022,11,0,0,0,1,0,10.2,0.0,33.8,100,0.0,3,10,2022-11-0-04
5,9011012065200000,MANY_SEATS_AVAILABLE,MANY_SEATS_AVAILABLE,2022,11,0,0,0,1,1,10.4,0.0,36.1,100,1.0,17,10,2022-11-0-05
6,9011012065200000,MANY_SEATS_AVAILABLE,MANY_SEATS_AVAILABLE,2022,11,0,0,0,1,1,10.6,0.1,33.6,100,1.48,25,10,2022-11-0-06
7,9011012065200000,MANY_SEATS_AVAILABLE,MANY_SEATS_AVAILABLE,2022,11,0,0,0,1,1,10.9,0.0,32.6,61,1.4667,30,10,2022-11-0-07
8,9011012065200000,MANY_SEATS_AVAILABLE,MANY_SEATS_AVAILABLE,2022,11,0,0,0,1,1,11.0,0.0,32.9,100,1.4242,33,10,2022-11-0-08
9,9011012065200000,MANY_SEATS_AVAILABLE,MANY_SEATS_AVAILABLE,2022,11,0,0,0,1,1,11.2,0.0,34.4,95,1.1852,27,10,2022-11-0-09
10,9011012065200000,MANY_SEATS_AVAILABLE,MANY_SEATS_AVAILABLE,2022,11,0,0,0,1,2,11.5,0.1,35.4,82,0.9545,22,10,2022-11-0-10
11,9011012065200000,MANY_SEATS_AVAILABLE,MANY_SEATS_AVAILABLE,2022,11,0,0,0,1,2,11.7,0.2,36.8,100,1.0417,24,10,2022-11-0-11
12,9011012065200000,MANY_SEATS_AVAILABLE,MANY_SEATS_AVAILABLE,2022,11,0,0,0,1,2,11.8,0.1,36.6,96,0.84,25,10,2022-11-0-12
13,9011012065200000,MANY_SEATS_AVAILABLE,MANY_SEATS_AVAILABLE,2022,11,0,0,0,1,2,11.9,0.0,33.6,79,1.0,27,10,2022-11-0-13
14,9011012065200000,MANY_SEATS_AVAILABLE,MANY_SEATS_AVAILABLE,2022,11,0,0,0,1,2,11.3,0.1,31.4,78,1.3871,31,10,2022-11-0-14
15,9011012065200000,MANY_SEATS_AVAILABLE,MANY_SEATS_AVAILABLE,2022,11,0,0,0,1,3,11.5,0.0,30.1,72,1.3714,35,10,2022-11-0-15
16,9011012065200000,MANY_SEATS_AVAILABLE,MANY_SEATS_AVAILABLE,2022,11,0,0,0,1,3,11.3,0.0,28.7,24,1.2,35,10,2022-11-0-16
17,9011012065200000,MANY_SEATS_AVAILABLE,MANY_SEATS_AVAILABLE,2022,11,0,0,0,1,3,11.1,0.1,28.3,60,1.0741,27,10,2022-11-0-17
18,9011012065200000,MANY_SEATS_AVAILABLE,MANY_SEATS_AVAILABLE,2022,11,0,0,0,1,3,11.5,0.0,29.8,58,0.7826,23,10,2022-11-0-18
19,9011012065200000,MANY_SEATS_AVAILABLE,MANY_SEATS_AVAILABLE,2022,11,0,0,0,1,4,11.5,0.0,27.6,41,0.7,20,10,2022-11-0-19
20,9011012065200000,MANY_SEATS_AVAILABLE,MANY_SEATS_AVAILABLE,2022,11,0,0,0,1,4,11.4,0.0,27.3,31,0.9091,22,10,2022-11-0-20
21,9011012065200000,MANY_SEATS_AVAILABLE,MANY_SEATS_AVAILABLE,2022,11,0,0,0,1,4,11.4,0.0,27.7,39,1.0,18,10,2022-11-0-21
22,9011012065200000,MANY_SEATS_AVAILABLE,MANY_SEATS_AVAILABLE,2022,11,0,0,0,1,4,11.5,0.0,28.3,91,0.7273,11,10,2022-11-0-22
23,9011012065200000,EMPTY,EMPTY,2022,11,0,0,0,1,0,11.9,0.0,27.0,100,0.0,3,10,2022-11-0-23
4,9011012065200000,MANY_SEATS_AVAILABLE,MANY_SEATS_AVAILABLE,2022,11,1,0,0,1,0,12.2,0.0,20.6,100,1.0,2,10,2022-11-1-04
5,9011012065200000,MANY_SEATS_AVAILABLE,MANY_SEATS_AVAILABLE,2022,11,1,0,0,1,1,12.2,0.1,20.8,100,1.0,17,10,2022-11-1-05
6,9011012065200000,MANY_SEATS_AVAILABLE,MANY_SEATS_AVAILABLE,2022,11,1,0,0,1,1,12.5,0.2,23.0,100,1.04,25,10,2022-11-1-06
7,9011012065200000,MANY_SEATS_AVAILABLE,MANY_SEATS_AVAILABLE,2022,11,1,0,0,1,1,12.4,0.2,22.9,100,1.5,32,10,2022-11-1-07
8,9011012065200000,MANY_SEATS_AVAILABLE,MANY_SEATS_AVAILABLE,2022,11,1,0,0,1,1,12.2,0.0,22.9,100,1.3125,32,10,2022-11-1-08
9,9011012065200000,MANY_SEATS_AVAILABLE,MANY_SEATS_AVAILABLE,2022,11,1,0,0,1,1,12.4,0.0,23.7,100,1.3043,23,10,2022-11-1-09
10,9011012065200000,MANY_SEATS_AVAILABLE,MANY_SEATS_AVAILABLE,2022,11,1,0,0,1,2,12.4,0.0,24.3,100,0.9167,24,10,2022-11-1-10
11,9011012065200000,MANY_SEATS_AVAILABLE,MANY_SEATS_AVAILABLE,2022,11,1,0,0,1,2,12.5,0.0,24.2,100,0.9524,21,10,2022-11-1-11
12,9011012065200000,MANY_SEATS_AVAILABLE,MANY_SEATS_AVAILABLE,2022,11,1,0,0,1,2,12.5,0.0,24.8,100,1.0,23,10,2022-11-1-12
13,9011012065200000,MANY_SEATS_AVAILABLE,MANY_SEATS_AVAILABLE,2022,11,1,0,0,1,2,12.7,0.0,22.3,100,1.32,25,10,2022-11-1-13
14,9011012065200000,MANY_SEATS_AVAILABLE,MANY_SEATS_AVAILABLE,2022,11,1,0,0,1,2,12.6,0.0,21.7,100,1.1562,32,10,2022-11-1-14
15,9011012065200000,MANY_SEATS_AVAILABLE,MANY_SEATS_AVAILABLE,2022,11,1,0,0,1,3,12.3,0.0,23.2,100,1.1795,39,10,2022-11-1-15
16,9011012065200000,MANY_SEATS_AVAILABLE,MANY_SEATS_AVAILABLE,2022,11,1,0,0,1,3,12.2,0.0,23.0,100,1.0833,36,10,2022-11-1-16
17,9011012065200000,MANY_SEATS_AVAILABLE,MANY_SEATS_AVAILABLE,2022,11,1,0,0,1,3,12.4,0.0,25.2,100,1.0741,27,10,2022-11-1-17
18,9011012065200000,MANY_SEATS_AVAILABLE,MANY_SEATS_AVAILABLE,2022,11,1,0,0,1,3,12.9,0.0,27.4,100,0.9286,28,10,2022-11-1-18
19,9011012065200000,MANY_SEATS_AVAILABLE,MANY_SEATS_AVAILABLE,2022,11,1,0,0,1,4,13.1,0.0,28.7,100,1.0,24,10,2022-11-1-19
20,9011012065200000,MANY_SEATS_AVAILABLE,MANY_SEATS_AVAILABLE,2022,11,1,0,0,1,4,13.2,0.0,28.9,100,0.9091,22,10,2022-11-1-20
21,9011012065200000,MANY_SEATS_AVAILABLE,MANY_SEATS_AVAILABLE,2022,11,1,0,0,1,4,13.2,0.0,26.9,100,1.0,19,10,2022-11-1-21
22,9011012065200000,MANY_SEATS_AVAILABLE,MANY_SEATS_AVAILABLE,2022,11,1,0,0,1,4,13.1,0.0,26.7,100,1.0,11,10,2022-11-1-22
23,9011012065200000,MANY_SEATS_AVAILABLE,MANY_SEATS_AVAILABLE,2022,11,1,0,0,1,0,12.9,0.0,26.5,100,1.0,3,10,2022-11-1-23
4,9011012065200000,MANY_SEATS_AVAILABLE,MANY_SEATS_AVAILABLE,2022,11,2,0,0,1,0,12.4,0.0,23.7,48,1.0,3,10,2022-11-2-04
5,9011012065200000,MANY_SEATS_AVAILABLE,MANY_SEATS_AVAILABLE,2022,11,2,0,0,1,1,12.4,0.0,26.0,98,1.0,16,10,2022-11-2-05
6,9011012065200000,MANY_SEATS_AVAILABLE,MANY_SEATS_AVAILABLE,2022,11,2,0,0,1,1,12.4,0.0,27.5,99,1.037,27,10,2022-11-2-06
7,9011012065200000,CROWDED,FEW_SEATS_AVAILABLE,2022,11,2,0,0,1,1,12.5,0.0,28.6,100,1.6471,34,10,2022-11-2-07
8,9011012065200000,MANY_SEATS_AVAILABLE,MANY_SEATS_AVAILABLE,2022,11,2,0,0,1,1,12.7,0.0,27.6,100,1.3438,32,10,2022-11-2-08
9,9011012065200000,MANY_SEATS_AVAILABLE,MANY_SEATS_AVAILABLE,2022,11,2,0,0,1,1,12.8,0.0,25.5,100,1.5417,24,10,2022-11-2-09
10,9011012065200000,MANY_SEATS_AVAILABLE,MANY_SEATS_AVAILABLE,2022,11,2,0,0,1,2,13.0,0.0,24.8,98,1.0909,22,10,2022-11-2-10
11,9011012065200000,MANY_SEATS_AVAILABLE,MANY_SEATS_AVAILABLE,2022,11,2,0,0,1,2,13.4,0.0,26.6,43,0.92,25,10,2022-11-2-11
12,9011012065200000,MANY_SEATS_AVAILABLE,MANY_SEATS_AVAILABLE,2022,11,2,0,0,1,2,13.5,0.0,23.7,16,1.0,23,10,2022-11-2-12
13,9011012065200000,MANY_SEATS_AVAILABLE,MANY_SEATS_AVAILABLE,2022,11,2,0,0,1,2,13.2,0.0,22.8,8,1.0769,26,10,2022-11-2-13
14,9011012065200000,MANY_SEATS_AVAILABLE,MANY_SEATS_AVAILABLE,2022,11,2,0,0,1,2,13.1,0.1,23.4,34,1.1282,39,10,2022-11-2-14
15,9011012065200000,MANY_SEATS_AVAILABLE,MANY_SEATS_AVAILABLE,2022,11,2,0,0,1,3,12.6,0.0,21.1,49,1.4054,37,10,2022-11-2-15
16,9011012065200000,CROWDED,FEW_SEATS_AVAILABLE,2022,11,2,0,0,1,3,12.3,0.0,21.0,36,1.4857,35,10,2022-11-2-16
17,9011012065200000,MANY_SEATS_AVAILABLE,MANY_SEATS_AVAILABLE,2022,11,2,0,0,1,3,12.0,0.0,21.0,45,1.1154,26,10,2022-11-2-17
18,9011012065200000,MANY_SEATS_AVAILABLE,MANY_SEATS_AVAILABLE,2022,11,2,0,0,1,3,12.0,0.0,22.7,66,1.087,23,10,2022-11-2-18
19,9011012065200000,MANY_SEATS_AVAILABLE,MANY_SEATS_AVAILABLE,2022,11,2,0,0,1,4,11.7,0.2,17.8,73,1.0,22,10,2022-11-2-19
20,9011012065200000,MANY_SEATS_AVAILABLE,MANY_SEATS_AVAILABLE,2022,11,2,0,0,1,4,11.4,0.0,14.3,93,0.9583,24,10,2022-11-2-20
21,9011012065200000,MANY_SEATS_AVAILABLE,MANY_SEATS_AVAILABLE,2022,11,2,0,0,1,4,11.3,0.0,19.1,34,0.8636,22,10,2022-11-2-21
22,9011012065200000,MANY_SEATS_AVAILABLE,MANY_SEATS_AVAILABLE,2022,11,2,0,0,1,4,11.2,0.0,21.4,50,0.7692,13,10,2022-11-2-22
23,9011012065200000,MANY_SEATS_AVAILABLE,MANY_SEATS_AVAILABLE,2022,11,2,0,0,1,0,11.2,0.0,26.3,100,1.0,9,10,2022-11-2-23
0,9011012065200000,MANY_SEATS_AVAILABLE,MANY_SEATS_AVAILABLE,2022,11,3,0,0,1,0,11.1,0.0,27.2,64,1.0,10,10,2022-11-3-00
1,9011012065200000,MANY_SEATS_AVAILABLE,MANY_SEATS_AVAILABLE,2022,11,3,0,0,1,0,10.7,0.0,25.5,96,1.0,10,10,2022-11-3-01
2,9011012065200000,MANY_SEATS_AVAILABLE,MANY_SEATS_AVAILABLE,2022,11,3,0,0,1,0,10.6,0.0,21.5,93,1.0,6,10,2022-11-3-02
4,9011012065200000,EMPTY,EMPTY,2022,11,3,0,0,1,0,10.7,0.0,23.8,96,0.0,3,10,2022-11-3-04
5,9011012065200000,MANY_SEATS_AVAILABLE,MANY_SEATS_AVAILABLE,2022,11,3,0,0,1,1,10.7,0.0,23.1,26,1.0,16,10,2022-11-3-05
6,9011012065200000,MANY_SEATS_AVAILABLE,MANY_SEATS_AVAILABLE,2022,11,3,0,0,1,1,10.6,0.0,25.2,5,1.3704,27,10,2022-11-3-06
7,9011012065200000,MANY_SEATS_AVAILABLE,MANY_SEATS_AVAILABLE,2022,11,3,0,0,1,1,10.4,0.0,23.4,4,1.9355,31,10,2022-11-3-07
8,9011012065200000,MANY_SEATS_AVAILABLE,MANY_SEATS_AVAILABLE,2022,11,3,0,0,1,1,10.0,0.0,19.5,94,1.3636,33,10,2022-11-3-08
9,9011012065200000,MANY_SEATS_AVAILABLE,MANY_SEATS_AVAILABLE,2022,11,3,0,0,1,1,10.4,0.0,20.4,97,1.6154,26,10,2022-11-3-09
10,9011012065200000,MANY_SEATS_AVAILABLE,MANY_SEATS_AVAILABLE,2022,11,3,0,0,1,2,10.9,0.0,17.6,100,1.0833,24,10,2022-11-3-10
11,9011012065200000,MANY_SEATS_AVAILABLE,MANY_SEATS_AVAILABLE,2022,11,3,0,0,1,2,11.4,0.0,21.8,100,1.0455,22,10,2022-11-3-11
12,9011012065200000,MANY_SEATS_AVAILABLE,MANY_SEATS_AVAILABLE,2022,11,3,0,0,1,2,11.8,0.0,24.0,100,1.0435,23,10,2022-11-3-12
13,9011012065200000,MANY_SEATS_AVAILABLE,MANY_SEATS_AVAILABLE,2022,11,3,0,0,1,2,11.8,0.0,21.9,99,1.2609,23,10,2022-11-3-13
14,9011012065200000,MANY_SEATS_AVAILABLE,MANY_SEATS_AVAILABLE,2022,11,3,0,0,1,2,11.9,0.0,24.1,100,1.0857,35,10,2022-11-3-14
15,9011012065200000,MANY_SEATS_AVAILABLE,MANY_SEATS_AVAILABLE,2022,11,3,0,0,1,3,11.9,0.0,24.7,100,1.5135,37,10,2022-11-3-15
16,9011012065200000,MANY_SEATS_AVAILABLE,MANY_SEATS_AVAILABLE,2022,11,3,0,0,1,3,11.8,0.1,25.0,100,1.5789,38,10,2022-11-3-16
17,9011012065200000,MANY_SEATS_AVAILABLE,MANY_SEATS_AVAILABLE,2022,11,3,0,0,1,3,11.9,0.3,27.2,100,1.1852,27,10,2022-11-3-17
18,9011012065200000,MANY_SEATS_AVAILABLE,MANY_SEATS_AVAILABLE,2022,11,3,0,0,1,3,12.2,0.1,29.8,100,1.2273,22,10,2022-11-3-18
19,9011012065200000,MANY_SEATS_AVAILABLE,MANY_SEATS_AVAILABLE,2022,11,3,0,0,1,4,12.5,0.0,31.2,100,1.1364,22,10,2022-11-3-19
20,9011012065200000,MANY_SEATS_AVAILABLE,MANY_SEATS_AVAILABLE,2022,11,3,0,0,1,4,12.5,0.0,29.4,100,1.1364,22,10,2022-11-3-20
21,9011012065200000,MANY_SEATS_AVAILABLE,MANY_SEATS_AVAILABLE,2022,11,3,0,0,1,4,12.5,0.0,29.9,100,0.9444,18,10,2022-11-3-21
22,9011012065200000,MANY_SEATS_AVAILABLE,MANY_SEATS_AVAILABLE,2022,11,3,0,0,1,4,12.5,0.0,29.6,100,1.0,11,10,2022-11-3-22
23,9011012065200000,MANY_SEATS_AVAILABLE,MANY_SEATS_AVAILABLE,2022,11,3,0,0,1,0,12.6,0.1,31.2,100,1.3333,3,10,2022-11-3-23
4,9011012065200000,EMPTY,EMPTY,2022,11,4,0,0,1,0,12.6,0.0,30.1,100,0.0,2,10,2022-11-4-04
5,9011012065200000,MANY_SEATS_AVAILABLE,MANY_SEATS_AVAILABLE,2022,11,4,0,0,1,1,12.7,0.0,28.5,100,0.8235,17,10,2022-11-4-05
6,9011012065200000,MANY_SEATS_AVAILABLE,MANY_SEATS_AVAILABLE,2022,11,4,0,0,1,1,12.8,0.0,28.7,100,0.9615,26,10,2022-11-4-06
7,9011012065200000,CROWDED,STANDING_ROOM_ONLY,2022,11,4,0,0,1,1,12.6,0.2,28.6,100,1.7941,34,10,2022-11-4-07
8,9011012065200000,MANY_SEATS_AVAILABLE,MANY_SEATS_AVAILABLE,2022,11,4,0,0,1,1,12.8,0.2,29.0,100,1.1212,33,10,2022-11-4-08
9,9011012065200000,MANY_SEATS_AVAILABLE,MANY_SEATS_AVAILABLE,2022,11,4,0,0,1,1,13.1,0.0,29.8,100,1.1538,26,10,2022-11-4-09
10,9011012065200000,MANY_SEATS_AVAILABLE,MANY_SEATS_AVAILABLE,2022,11,4,0,0,1,2,13.3,0.0,29.6,100,0.8696,23,10,2022-11-4-10
11,9011012065200000,MANY_SEATS_AVAILABLE,MANY_SEATS_AVAILABLE,2022,11,4,0,0,1,2,13.5,0.0,31.2,100,1.4167,24,10,2022-11-4-11
12,9011012065200000,MANY_SEATS_AVAILABLE,MANY_SEATS_AVAILABLE,2022,11,4,0,0,1,2,13.8,0.0,32.4,100,1.2609,23,10,2022-11-4-12
13,9011012065200000,MANY_SEATS_AVAILABLE,MANY_SEATS_AVAILABLE,2022,11,4,0,0,1,2,13.0,0.0,28.1,100,1.5833,24,10,2022-11-4-13
14,9011012065200000,MANY_SEATS_AVAILABLE,MANY_SEATS_AVAILABLE,2022,11,4,0,0,1,2,13.3,0.0,25.7,100,1.3784,37,10,2022-11-4-14
15,9011012065200000,MANY_SEATS_AVAILABLE,MANY_SEATS_AVAILABLE,2022,11,4,0,0,1,3,13.2,0.1,24.5,100,1.1316,38,10,2022-11-4-15
16,9011012065200000,MANY_SEATS_AVAILABLE,MANY_SEATS_AVAILABLE,2022,11,4,0,0,1,3,13.1,0.0,23.5,100,1.2353,34,10,2022-11-4-16
17,9011012065200000,MANY_SEATS_AVAILABLE,MANY_SEATS_AVAILABLE,2022,11,4,0,0,1,3,13.0,0.1,25.5,100,1.0741,27,10,2022-11-4-17
18,9011012065200000,MANY_SEATS_AVAILABLE,MANY_SEATS_AVAILABLE,2022,11,4,0,0,1,3,12.7,0.1,27.6,100,0.75,24,10,2022-11-4-18
19,9011012065200000,MANY_SEATS_AVAILABLE,MANY_SEATS_AVAILABLE,2022,11,4,0,0,1,4,12.5,0.0,28.1,100,0.6818,22,10,2022-11-4-19
20,9011012065200000,MANY_SEATS_AVAILABLE,MANY_SEATS_AVAILABLE,2022,11,4,0,0,1,4,12.6,0.0,27.5,100,1.0,23,10,2022-11-4-20
21,9011012065200000,MANY_SEATS_AVAILABLE,MANY_SEATS_AVAILABLE,2022,11,4,0,0,1,4,12.7,0.0,27.4,100,0.8889,18,10,2022-11-4-21
22,9011012065200000,MANY_SEATS_AVAILABLE,MANY_SEATS_AVAILABLE,2022,11,4,0,0,1,4,12.6,0.0,27.3,100,1.0833,12,10,2022-11-4-22
23,9011012065200000,MANY_SEATS_AVAILABLE,MANY_SEATS_AVAILABLE,2022,11,4,0,0,1,0,12.5,0.0,27.7,100,0.75,4,10,2022-11-4-23
4,9011012065200000,EMPTY,EMPTY,2023,5,0,0,0,1,0,5.2,0.0,15.1,0,0.0,2,10,2023-05-0-04
5,9011012065200000,MANY_SEATS_AVAILABLE,MANY_SEATS_AVAILABLE,2023,5,0,0,0,1,1,5.3,0.0,15.0,0,0.6667,15,10,2023-05-0-05
6,9011012065200000,MANY_SEATS_AVAILABLE,MANY_SEATS_AVAILABLE,2023,5,0,0,0,1,1,6.5,0.0,15.3,0,0.96,25,10,2023-05-0-06
7,9011012065200000,MANY_SEATS_AVAILABLE,MANY_SEATS_AVAILABLE,2023,5,0,0,0,1,1,8.6,0.0,14.2,0,1.6,30,10,2023-05-0-07
8,9011012065200000,MANY_SEATS_AVAILABLE,MANY_SEATS_AVAILABLE,2023,5,0,0,0,1,1,11.1,0.0,11.3,0,1.2647,34,10,2023-05-0-08
9,9011012065200000,MANY_SEATS_AVAILABLE,MANY_SEATS_AVAILABLE,2023,5,0,0,0,1,1,12.3,0.0,14.8,0,1.3478,23,10,2023-05-0-09
10,9011012065200000,MANY_SEATS_AVAILABLE,MANY_SEATS_AVAILABLE,2023,5,0,0,0,1,2,12.9,0.0,17.0,0,0.9091,22,10,2023-05-0-10
11,9011012065200000,MANY_SEATS_AVAILABLE,MANY_SEATS_AVAILABLE,2023,5,0,0,0,1,2,13.5,0.0,18.3,0,0.9583,24,10,2023-05-0-11
12,9011012065200000,MANY_SEATS_AVAILABLE,MANY_SEATS_AVAILABLE,2023,5,0,0,0,1,2,13.9,0.0,20.3,0,1.0,24,10,2023-05-0-12
13,9011012065200000,MANY_SEATS_AVAILABLE,MANY_SEATS_AVAILABLE,2023,5,0,0,0,1,2,14.6,0.0,21.1,0,1.0,25,10,2023-05-0-13
14,9011012065200000,MANY_SEATS_AVAILABLE,MANY_SEATS_AVAILABLE,2023,5,0,0,0,1,2,14.7,0.0,22.7,0,1.1515,33,10,2023-05-0-14
15,9011012065200000,MANY_SEATS_AVAILABLE,MANY_SEATS_AVAILABLE,2023,5,0,0,0,1,3,14.5,0.0,23.6,0,1.1081,37,10,2023-05-0-15
16,9011012065200000,MANY_SEATS_AVAILABLE,MANY_SEATS_AVAILABLE,2023,5,0,0,0,1,3,14.3,0.0,23.9,0,1.2571,35,10,2023-05-0-16
17,9011012065200000,MANY_SEATS_AVAILABLE,MANY_SEATS_AVAILABLE,2023,5,0,0,0,1,3,13.8,0.0,23.0,0,1.4167,24,10,2023-05-0-17
18,9011012065200000,MANY_SEATS_AVAILABLE,MANY_SEATS_AVAILABLE,2023,5,0,0,0,1,3,13.0,0.0,22.0,0,1.25,16,10,2023-05-0-18
19,9011012065200000,MANY_SEATS_AVAILABLE,MANY_SEATS_AVAILABLE,2023,5,0,0,0,1,4,11.8,0.0,22.8,0,0.7727,22,10,2023-05-0-19
20,9011012065200000,MANY_SEATS_AVAILABLE,MANY_SEATS_AVAILABLE,2023,5,0,0,0,1,4,10.3,0.0,23.1,0,0.8261,23,10,2023-05-0-20
21,9011012065200000,MANY_SEATS_AVAILABLE,MANY_SEATS_AVAILABLE,2023,5,0,0,0,1,4,9.5,0.0,23.2,0,0.9444,18,10,2023-05-0-21
22,9011012065200000,MANY_SEATS_AVAILABLE,MANY_SEATS_AVAILABLE,2023,5,0,0,0,1,4,9.1,0.0,22.4,0,0.6364,11,10,2023-05-0-22
23,9011012065200000,EMPTY,EMPTY,2023,5,0,0,0,1,0,8.8,0.0,22.8,0,0.0,3,10,2023-05-0-23
0,9011012065200000,MANY_SEATS_AVAILABLE,MANY_SEATS_AVAILABLE,2023,8,6,1,1,0,0,17.7,1.5,22.3,100,1.0,8,10,2023-08-6-00
1,9011012065200000,MANY_SEATS_AVAILABLE,MANY_SEATS_AVAILABLE,2023,8,6,1,1,0,0,17.3,2.5,17.7,100,1.0,10,10,2023-08-6-01
2,9011012065200000,MANY_SEATS_AVAILABLE,MANY_SEATS_AVAILABLE,2023,8,6,1,1,0,0,17.3,2.6,17.1,100,1.0,4,10,2023-08-6-02
6,9011012065200000,MANY_SEATS_AVAILABLE,MANY_SEATS_AVAILABLE,2023,8,6,1,1,0,1,17.4,0.0,8.6,100,1.0,5,10,2023-08-6-06
7,9011012065200000,MANY_SEATS_AVAILABLE,MANY_SEATS_AVAILABLE,2023,8,6,1,1,0,1,18.2,0.0,9.4,86,0.9091,11,10,2023-08-6-07
8,9011012065200000,MANY_SEATS_AVAILABLE,MANY_SEATS_AVAILABLE,2023,8,6,1,1,0,1,18.8,0.0,10.5,100,0.7,10,10,2023-08-6-08
9,9011012065200000,MANY_SEATS_AVAILABLE,MANY_SEATS_AVAILABLE,2023,8,6,1,1,0,1,19.2,0.0,10.4,100,0.8,10,10,2023-08-6-09
10,9011012065200000,MANY_SEATS_AVAILABLE,MANY_SEATS_AVAILABLE,2023,8,6,1,1,0,2,19.5,0.0,11.0,100,0.7273,11,10,2023-08-6-10
11,9011012065200000,MANY_SEATS_AVAILABLE,MANY_SEATS_AVAILABLE,2023,8,6,1,1,0,2,20.2,0.2,11.8,59,1.0,11,10,2023-08-6-11
12,9011012065200000,MANY_SEATS_AVAILABLE,MANY_SEATS_AVAILABLE,2023,8,6,1,1,0,2,20.6,0.1,13.6,33,0.8182,11,10,2023-08-6-12
13,9011012065200000,MANY_SEATS_AVAILABLE,MANY_SEATS_AVAILABLE,2023,8,6,1,1,0,2,19.9,0.0,8.9,27,1.2222,9,10,2023-08-6-13
14,9011012065200000,MANY_SEATS_AVAILABLE,MANY_SEATS_AVAILABLE,2023,8,6,1,1,0,2,20.1,0.0,8.2,19,1.0,12,10,2023-08-6-14
15,9011012065200000,MANY_SEATS_AVAILABLE,MANY_SEATS_AVAILABLE,2023,8,6,1,1,0,3,20.5,0.0,7.7,53,0.8,10,10,2023-08-6-15
16,9011012065200000,MANY_SEATS_AVAILABLE,MANY_SEATS_AVAILABLE,2023,8,6,1,1,0,3,20.3,0.0,9.3,42,1.1,10,10,2023-08-6-16
17,9011012065200000,MANY_SEATS_AVAILABLE,MANY_SEATS_AVAILABLE,2023,8,6,1,1,0,3,19.7,0.0,3.8,19,1.3,10,10,2023-08-6-17
18,9011012065200000,MANY_SEATS_AVAILABLE,MANY_SEATS_AVAILABLE,2023,8,6,1,1,0,3,19.0,0.0,3.6,13,1.0,11,10,2023-08-6-18
19,9011012065200000,MANY_SEATS_AVAILABLE,MANY_SEATS_AVAILABLE,2023,8,6,1,1,0,4,18.3,0.0,6.1,10,0.8,10,10,2023-08-6-19
20,9011012065200000,MANY_SEATS_AVAILABLE,MANY_SEATS_AVAILABLE,2023,8,6,1,1,0,4,16.5,0.0,6.5,34,0.5455,11,10,2023-08-6-20
21,9011012065200000,MANY_SEATS_AVAILABLE,MANY_SEATS_AVAILABLE,2023,8,6,1,1,0,4,16.3,0.0,6.1,14,1.0,9,10,2023-08-6-21
22,9011012065200000,MANY_SEATS_AVAILABLE,MANY_SEATS_AVAILABLE,2023,8,6,1,1,0,4,16.7,0.0,6.3,3,1.0,5,10,2023-08-6-22
0,9011012065200000,CROWDED,FEW_SEATS_AVAILABLE,2023,10,6,1,1,0,0,14.2,0.0,23.1,100,1.5714,7,10,2023-10-6-00
1,9011012065200000,MANY_SEATS_AVAILABLE,MANY_SEATS_AVAILABLE,2023,10,6,1,1,0,0,14.0,0.0,23.8,98,1.0,10,10,2023-10-6-01
2,9011012065200000,MANY_SEATS_AVAILABLE,MANY_SEATS_AVAILABLE,2023,10,6,1,1,0,0,13.7,0.0,21.6,84,1.0,4,10,2023-10-6-02
6,9011012065200000,MANY_SEATS_AVAILABLE,MANY_SEATS_AVAILABLE,2023,10,6,1,1,0,1,13.4,0.0,19.4,14,0.7143,7,10,2023-10-6-06
7,9011012065200000,EMPTY,EMPTY,2023,10,6,1,1,0,1,13.8,0.0,20.2,42,0.4,10,10,2023-10-6-07
8,9011012065200000,EMPTY,EMPTY,2023,10,6,1,1,0,1,14.6,0.0,20.9,100,0.2,10,10,2023-10-6-08
9,9011012065200000,MANY_SEATS_AVAILABLE,MANY_SEATS_AVAILABLE,2023,10,6,1,1,0,1,15.0,0.1,20.0,100,0.8,10,10,2023-10-6-09
10,9011012065200000,MANY_SEATS_AVAILABLE,MANY_SEATS_AVAILABLE,2023,10,6,1,1,0,2,15.5,0.0,17.8,100,1.0,11,10,2023-10-6-10
11,9011012065200000,MANY_SEATS_AVAILABLE,MANY_SEATS_AVAILABLE,2023,10,6,1,1,0,2,15.9,0.1,15.9,100,0.7273,11,10,2023-10-6-11
12,9011012065200000,MANY_SEATS_AVAILABLE,MANY_SEATS_AVAILABLE,2023,10,6,1,1,0,2,16.2,0.0,15.9,100,1.0909,11,10,2023-10-6-12
13,9011012065200000,MANY_SEATS_AVAILABLE,MANY_SEATS_AVAILABLE,2023,10,6,1,1,0,2,16.3,0.0,13.1,99,1.0,10,10,2023-10-6-13
14,9011012065200000,MANY_SEATS_AVAILABLE,MANY_SEATS_AVAILABLE,2023,10,6,1,1,0,2,16.5,0.1,11.4,100,0.9,10,10,2023-10-6-14
15,9011012065200000,MANY_SEATS_AVAILABLE,MANY_SEATS_AVAILABLE,2023,10,6,1,1,0,3,16.3,0.1,12.9,100,1.0,10,10,2023-10-6-15
16,9011012065200000,MANY_SEATS_AVAILABLE,MANY_SEATS_AVAILABLE,2023,10,6,1,1,0,3,16.1,0.0,11.9,40,1.1,10,10,2023-10-6-16
17,9011012065200000,MANY_SEATS_AVAILABLE,MANY_SEATS_AVAILABLE,2023,10,6,1,1,0,3,15.9,0.0,13.4,100,1.0,10,10,2023-10-6-17
18,9011012065200000,MANY_SEATS_AVAILABLE,MANY_SEATS_AVAILABLE,2023,10,6,1,1,0,3,15.8,0.0,13.6,100,1.0,9,10,2023-10-6-18
19,9011012065200000,MANY_SEATS_AVAILABLE,MANY_SEATS_AVAILABLE,2023,10,6,1,1,0,4,15.6,0.0,12.4,100,1.0,10,10,2023-10-6-19
20,9011012065200000,MANY_SEATS_AVAILABLE,MANY_SEATS_AVAILABLE,2023,10,6,1,1,0,4,15.6,0.0,14.1,100,1.0,11,10,2023-10-6-20
21,9011012065200000,MANY_SEATS_AVAILABLE,MANY_SEATS_AVAILABLE,2023,10,6,1,1,0,4,15.6,0.0,16.3,100,1.0,10,10,2023-10-6-21
22,9011012065200000,MANY_SEATS_AVAILABLE,MANY_SEATS_AVAILABLE,2023,10,6,1,1,0,4,15.8,0.0,16.2,100,1.0,4,10,2023-10-6-22
4,9011012065200000,MANY_SEATS_AVAILABLE,MANY_SEATS_AVAILABLE,2023,10,0,0,0,1,0,16.3,0.0,11.8,100,1.0,3,10,2023-10-0-04
5,9011012065200000,MANY_SEATS_AVAILABLE,MANY_SEATS_AVAILABLE,2023,10,0,0,0,1,1,16.2,0.0,13.4,100,0.875,16,10,2023-10-0-05
6,9011012065200000,MANY_SEATS_AVAILABLE,MANY_SEATS_AVAILABLE,2023,10,0,0,0,1,1,16.2,0.2,16.6,100,1.2609,23,10,2023-10-0-06
7,9011012065200000,MANY_SEATS_AVAILABLE,MANY_SEATS_AVAILABLE,2023,10,0,0,0,1,1,16.4,1.2,17.1,100,1.3939,33,10,2023-10-0-07
8,9011012065200000,MANY_SEATS_AVAILABLE,MANY_SEATS_AVAILABLE,2023,10,0,0,0,1,1,16.6,0.0,18.9,100,1.3235,34,10,2023-10-0-08
9,9011012065200000,MANY_SEATS_AVAILABLE,MANY_SEATS_AVAILABLE,2023,10,0,0,0,1,1,16.9,0.0,19.9,98,1.0,23,10,2023-10-0-09
10,9011012065200000,MANY_SEATS_AVAILABLE,MANY_SEATS_AVAILABLE,2023,10,0,0,0,1,2,17.3,0.0,19.7,100,0.913,23,10,2023-10-0-10
11,9011012065200000,MANY_SEATS_AVAILABLE,MANY_SEATS_AVAILABLE,2023,10,0,0,0,1,2,18.1,0.0,18.3,100,1.0909,22,10,2023-10-0-11
12,9011012065200000,MANY_SEATS_AVAILABLE,MANY_SEATS_AVAILABLE,2023,10,0,0,0,1,2,18.1,0.0,18.4,100,1.0435,23,10,2023-10-0-12
13,9011012065200000,MANY_SEATS_AVAILABLE,MANY_SEATS_AVAILABLE,2023,10,0,0,0,1,2,17.6,0.0,17.3,100,0.9231,26,10,2023-10-0-13
14,9011012065200000,MANY_SEATS_AVAILABLE,MANY_SEATS_AVAILABLE,2023,10,0,0,0,1,2,18.0,0.0,16.3,100,1.4333,30,10,2023-10-0-14
15,9011012065200000,MANY_SEATS_AVAILABLE,MANY_SEATS_AVAILABLE,2023,10,0,0,0,1,3,18.1,0.2,17.1,100,1.4722,36,10,2023-10-0-15
16,9011012065200000,MANY_SEATS_AVAILABLE,MANY_SEATS_AVAILABLE,2023,10,0,0,0,1,3,17.9,0.3,20.3,100,1.3333,33,10,2023-10-0-16
17,9011012065200000,MANY_SEATS_AVAILABLE,MANY_SEATS_AVAILABLE,2023,10,0,0,0,1,3,18.0,0.1,20.6,100,1.1724,29,10,2023-10-0-17
18,9011012065200000,MANY_SEATS_AVAILABLE,MANY_SEATS_AVAILABLE,2023,10,0,0,0,1,3,17.6,0.0,19.8,100,1.0,21,10,2023-10-0-18
19,9011012065200000,MANY_SEATS_AVAILABLE,MANY_SEATS_AVAILABLE,2023,10,0,0,0,1,4,17.3,0.0,18.8,100,1.0,21,10,2023-10-0-19
20,9011012065200000,MANY_SEATS_AVAILABLE,MANY_SEATS_AVAILABLE,2023,10,0,0,0,1,4,17.1,0.0,16.9,100,0.8636,22,10,2023-10-0-20
21,9011012065200000,MANY_SEATS_AVAILABLE,MANY_SEATS_AVAILABLE,2023,10,0,0,0,1,4,16.8,0.0,15.1,100,0.9444,18,10,2023-10-0-21
22,9011012065200000,MANY_SEATS_AVAILABLE,MANY_SEATS_AVAILABLE,2023,10,0,0,0,1,4,16.4,0.1,12.4,93,1.0,11,10,2023-10-0-22
23,9011012065200000,MANY_SEATS_AVAILABLE,MANY_SEATS_AVAILABLE,2023,10,0,0,0,1,0,16.0,0.0,9.8,88,1.0,3,10,2023-10-0-23
4,9011012065200000,MANY_SEATS_AVAILABLE,MANY_SEATS_AVAILABLE,2023,10,1,0,0,1,0,16.2,0.2,18.7,100,0.6667,3,10,2023-10-1-04
5,9011012065200000,MANY_SEATS_AVAILABLE,MANY_SEATS_AVAILABLE,2023,10,1,0,0,1,1,16.4,0.0,17.9,100,1.0,16,10,2023-10-1-05
6,9011012065200000,MANY_SEATS_AVAILABLE,MANY_SEATS_AVAILABLE,2023,10,1,0,0,1,1,16.3,0.0,19.6,100,1.2917,24,10,2023-10-1-06
7,9011012065200000,MANY_SEATS_AVAILABLE,MANY_SEATS_AVAILABLE,2023,10,1,0,0,1,1,16.4,0.0,19.0,100,1.5926,27,10,2023-10-1-07
8,9011012065200000,MANY_SEATS_AVAILABLE,MANY_SEATS_AVAILABLE,2023,10,1,0,0,1,1,16.8,0.0,18.5,100,1.6111,36,10,2023-10-1-08
9,9011012065200000,MANY_SEATS_AVAILABLE,MANY_SEATS_AVAILABLE,2023,10,1,0,0,1,1,17.2,0.1,29.6,100,1.5238,21,10,2023-10-1-09
10,9011012065200000,MANY_SEATS_AVAILABLE,MANY_SEATS_AVAILABLE,2023,10,1,0,0,1,2,17.7,0.0,33.6,100,1.0417,24,10,2023-10-1-10
11,9011012065200000,MANY_SEATS_AVAILABLE,MANY_SEATS_AVAILABLE,2023,10,1,0,0,1,2,18.4,0.0,37.8,100,1.087,23,10,2023-10-1-11
12,9011012065200000,MANY_SEATS_AVAILABLE,MANY_SEATS_AVAILABLE,2023,10,1,0,0,1,2,19.1,0.0,35.5,100,0.9565,23,10,2023-10-1-12
13,9011012065200000,MANY_SEATS_AVAILABLE,MANY_SEATS_AVAILABLE,2023,10,1,0,0,1,2,18.5,0.0,35.9,100,0.8889,18,10,2023-10-1-13
14,9011012065200000,MANY_SEATS_AVAILABLE,MANY_SEATS_AVAILABLE,2023,10,1,0,0,1,2,18.4,0.2,35.8,100,1.7778,18,10,2023-10-1-14
15,9011012065200000,MANY_SEATS_AVAILABLE,MANY_SEATS_AVAILABLE,2023,10,1,0,0,1,3,17.7,0.3,37.8,100,1.5926,27,10,2023-10-1-15
16,9011012065200000,MANY_SEATS_AVAILABLE,MANY_SEATS_AVAILABLE,2023,10,1,0,0,1,3,14.8,0.1,42.5,100,1.0667,30,10,2023-10-1-16
17,9011012065200000,MANY_SEATS_AVAILABLE,MANY_SEATS_AVAILABLE,2023,10,1,0,0,1,3,13.9,0.1,40.9,100,1.1923,26,10,2023-10-1-17
18,9011012065200000,MANY_SEATS_AVAILABLE,MANY_SEATS_AVAILABLE,2023,10,1,0,0,1,3,13.8,0.1,31.3,75,0.7826,23,10,2023-10-1-18
19,9011012065200000,MANY_SEATS_AVAILABLE,MANY_SEATS_AVAILABLE,2023,10,1,0,0,1,4,13.5,0.0,29.5,19,0.8421,19,10,2023-10-1-19
20,9011012065200000,MANY_SEATS_AVAILABLE,MANY_SEATS_AVAILABLE,2023,10,1,0,0,1,4,13.6,0.0,27.9,19,1.0,22,10,2023-10-1-20
21,9011012065200000,MANY_SEATS_AVAILABLE,MANY_SEATS_AVAILABLE,2023,10,1,0,0,1,4,13.6,0.0,32.4,14,0.9412,17,10,2023-10-1-21
22,9011012065200000,MANY_SEATS_AVAILABLE,MANY_SEATS_AVAILABLE,2023,10,1,0,0,1,4,13.6,0.0,31.7,33,1.0,12,10,2023-10-1-22
23,9011012065200000,MANY_SEATS_AVAILABLE,MANY_SEATS_AVAILABLE,2023,10,1,0,0,1,0,13.4,0.0,31.7,39,1.0,3,10,2023-10-1-23
4,9011012065200000,MANY_SEATS_AVAILABLE,MANY_SEATS_AVAILABLE,2023,10,2,0,0,1,0,13.0,0.0,33.0,99,1.0,3,10,2023-10-2-04
5,9011012065200000,MANY_SEATS_AVAILABLE,MANY_SEATS_AVAILABLE,2023,10,2,0,0,1,1,13.1,0.0,32.1,63,1.0588,17,10,2023-10-2-05
6,9011012065200000,MANY_SEATS_AVAILABLE,MANY_SEATS_AVAILABLE,2023,10,2,0,0,1,1,12.9,0.0,31.4,33,1.3478,23,10,2023-10-2-06
7,9011012065200000,MANY_SEATS_AVAILABLE,MANY_SEATS_AVAILABLE,2023,10,2,0,0,1,1,12.9,0.0,33.9,56,1.3636,33,10,2023-10-2-07
8,9011012065200000,MANY_SEATS_AVAILABLE,MANY_SEATS_AVAILABLE,2023,10,2,0,0,1,1,13.2,0.0,31.3,89,1.0909,33,10,2023-10-2-08
9,9011012065200000,MANY_SEATS_AVAILABLE,MANY_SEATS_AVAILABLE,2023,10,2,0,0,1,1,13.9,0.0,33.8,100,1.3478,23,10,2023-10-2-09
10,9011012065200000,MANY_SEATS_AVAILABLE,MANY_SEATS_AVAILABLE,2023,10,2,0,0,1,2,14.4,0.0,37.3,18,1.25,24,10,2023-10-2-10
11,9011012065200000,MANY_SEATS_AVAILABLE,MANY_SEATS_AVAILABLE,2023,10,2,0,0,1,2,15.1,0.0,36.9,21,1.1429,21,10,2023-10-2-11
12,9011012065200000,MANY_SEATS_AVAILABLE,MANY_SEATS_AVAILABLE,2023,10,2,0,0,1,2,15.4,0.1,37.4,14,1.0909,22,10,2023-10-2-12
13,9011012065200000,MANY_SEATS_AVAILABLE,MANY_SEATS_AVAILABLE,2023,10,2,0,0,1,2,15.5,0.2,34.9,44,1.2308,26,10,2023-10-2-13
14,9011012065200000,MANY_SEATS_AVAILABLE,MANY_SEATS_AVAILABLE,2023,10,2,0,0,1,2,15.5,0.0,35.3,95,1.1875,32,10,2023-10-2-14
15,9011012065200000,MANY_SEATS_AVAILABLE,MANY_SEATS_AVAILABLE,2023,10,2,0,0,1,3,15.3,0.0,27.6,100,1.2778,36,10,2023-10-2-15
16,9011012065200000,MANY_SEATS_AVAILABLE,MANY_SEATS_AVAILABLE,2023,10,2,0,0,1,3,14.8,0.0,24.6,100,1.5294,34,10,2023-10-2-16
17,9011012065200000,MANY_SEATS_AVAILABLE,MANY_SEATS_AVAILABLE,2023,10,2,0,0,1,3,14.6,0.1,24.8,100,1.1154,26,10,2023-10-2-17
18,9011012065200000,MANY_SEATS_AVAILABLE,MANY_SEATS_AVAILABLE,2023,10,2,0,0,1,3,13.9,0.3,26.4,99,1.125,24,10,2023-10-2-18
19,9011012065200000,MANY_SEATS_AVAILABLE,MANY_SEATS_AVAILABLE,2023,10,2,0,0,1,4,14.6,0.1,27.9,100,0.9545,22,10,2023-10-2-19
20,9011012065200000,MANY_SEATS_AVAILABLE,MANY_SEATS_AVAILABLE,2023,10,2,0,0,1,4,14.9,0.0,31.2,100,1.2381,21,10,2023-10-2-20
21,9011012065200000,MANY_SEATS_AVAILABLE,MANY_SEATS_AVAILABLE,2023,10,2,0,0,1,4,15.0,0.0,32.4,99,0.95,20,10,2023-10-2-21
22,9011012065200000,MANY_SEATS_AVAILABLE,MANY_SEATS_AVAILABLE,2023,10,2,0,0,1,4,15.0,0.0,33.4,100,1.0,10,10,2023-10-2-22
23,9011012065200000,MANY_SEATS_AVAILABLE,MANY_SEATS_AVAILABLE,2023,10,2,0,0,1,0,14.9,0.0,34.0,100,1.0,4,10,2023-10-2-23
5,9011012065200000,MANY_SEATS_AVAILABLE,MANY_SEATS_AVAILABLE,2023,10,3,0,0,1,1,13.1,0.5,31.0,100,1.125,16,10,2023-10-3-05
6,9011012065200000,MANY_SEATS_AVAILABLE,MANY_SEATS_AVAILABLE,2023,10,3,0,0,1,1,12.9,0.0,31.7,8,1.625,24,10,2023-10-3-06
7,9011012065200000,MANY_SEATS_AVAILABLE,MANY_SEATS_AVAILABLE,2023,10,3,0,0,1,1,12.7,0.0,30.5,14,1.4333,30,10,2023-10-3-07
8,9011012065200000,MANY_SEATS_AVAILABLE,MANY_SEATS_AVAILABLE,2023,10,3,0,0,1,1,13.0,0.0,31.7,21,1.0909,33,10,2023-10-3-08
9,9011012065200000,MANY_SEATS_AVAILABLE,MANY_SEATS_AVAILABLE,2023,10,3,0,0,1,1,13.6,0.0,33.0,21,1.3636,22,10,2023-10-3-09
10,9011012065200000,MANY_SEATS_AVAILABLE,MANY_SEATS_AVAILABLE,2023,10,3,0,0,1,2,14.2,0.0,35.7,12,1.125,24,10,2023-10-3-10
11,9011012065200000,MANY_SEATS_AVAILABLE,MANY_SEATS_AVAILABLE,2023,10,3,0,0,1,2,14.6,0.0,35.4,17,0.8636,22,10,2023-10-3-11
12,9011012065200000,MANY_SEATS_AVAILABLE,MANY_SEATS_AVAILABLE,2023,10,3,0,0,1,2,14.8,0.2,34.5,14,1.0435,23,10,2023-10-3-12
13,9011012065200000,MANY_SEATS_AVAILABLE,MANY_SEATS_AVAILABLE,2023,10,3,0,0,1,2,15.1,0.2,35.5,27,1.04,25,10,2023-10-3-13
14,9011012065200000,MANY_SEATS_AVAILABLE,MANY_SEATS_AVAILABLE,2023,10,3,0,0,1,2,14.4,0.1,32.3,55,1.375,32,10,2023-10-3-14
15,9011012065200000,MANY_SEATS_AVAILABLE,MANY_SEATS_AVAILABLE,2023,10,3,0,0,1,3,14.4,0.0,27.9,30,1.4706,34,10,2023-10-3-15
16,9011012065200000,MANY_SEATS_AVAILABLE,MANY_SEATS_AVAILABLE,2023,10,3,0,0,1,3,14.2,0.0,26.8,20,1.4412,34,10,2023-10-3-16
17,9011012065200000,MANY_SEATS_AVAILABLE,MANY_SEATS_AVAILABLE,2023,10,3,0,0,1,3,14.0,0.0,19.9,16,1.24,25,10,2023-10-3-17
18,9011012065200000,MANY_SEATS_AVAILABLE,MANY_SEATS_AVAILABLE,2023,10,3,0,0,1,3,13.6,0.0,16.8,42,1.1481,27,10,2023-10-3-18
19,9011012065200000,MANY_SEATS_AVAILABLE,MANY_SEATS_AVAILABLE,2023,10,3,0,0,1,4,13.8,0.0,18.3,24,0.95,20,10,2023-10-3-19
20,9011012065200000,MANY_SEATS_AVAILABLE,MANY_SEATS_AVAILABLE,2023,10,3,0,0,1,4,13.6,0.0,15.8,90,0.913,23,10,2023-10-3-20
21,9011012065200000,MANY_SEATS_AVAILABLE,MANY_SEATS_AVAILABLE,2023,10,3,0,0,1,4,12.9,0.0,15.5,100,0.8421,19,10,2023-10-3-21
22,9011012065200000,MANY_SEATS_AVAILABLE,MANY_SEATS_AVAILABLE,2023,10,3,0,0,1,4,12.8,0.0,16.3,100,0.6364,11,10,2023-10-3-22
23,9011012065200000,EMPTY,EMPTY,2023,10,3,0,0,1,0,12.8,0.0,15.8,100,0.0,3,10,2023-10-3-23
4,9011012065200000,MANY_SEATS_AVAILABLE,MANY_SEATS_AVAILABLE,2023,10,4,0,0,1,0,13.0,0.6,18.2,100,1.0,3,10,2023-10-4-04
5,9011012065200000,MANY_SEATS_AVAILABLE,MANY_SEATS_AVAILABLE,2023,10,4,0,0,1,1,12.8,1.1,22.4,100,0.8667,15,10,2023-10-4-05
6,9011012065200000,MANY_SEATS_AVAILABLE,MANY_SEATS_AVAILABLE,2023,10,4,0,0,1,1,13.5,0.1,23.4,100,1.0,25,10,2023-10-4-06
7,9011012065200000,MANY_SEATS_AVAILABLE,MANY_SEATS_AVAILABLE,2023,10,4,0,0,1,1,14.0,1.9,29.0,100,1.4545,33,10,2023-10-4-07
8,9011012065200000,MANY_SEATS_AVAILABLE,MANY_SEATS_AVAILABLE,2023,10,4,0,0,1,1,14.5,1.5,31.3,100,1.3226,31,10,2023-10-4-08
9,9011012065200000,MANY_SEATS_AVAILABLE,MANY_SEATS_AVAILABLE,2023,10,4,0,0,1,1,14.8,0.0,34.2,100,1.3913,23,10,2023-10-4-09
10,9011012065200000,MANY_SEATS_AVAILABLE,MANY_SEATS_AVAILABLE,2023,10,4,0,0,1,2,14.7,0.1,38.5,100,1.0,24,10,2023-10-4-10
11,9011012065200000,MANY_SEATS_AVAILABLE,MANY_SEATS_AVAILABLE,2023,10,4,0,0,1,2,14.8,0.1,37.7,100,1.2174,23,10,2023-10-4-11
12,9011012065200000,MANY_SEATS_AVAILABLE,MANY_SEATS_AVAILABLE,2023,10,4,0,0,1,2,15.9,0.0,37.9,100,1.0769,26,10,2023-10-4-12
13,9011012065200000,MANY_SEATS_AVAILABLE,MANY_SEATS_AVAILABLE,2023,10,4,0,0,1,2,15.3,0.0,36.6,100,1.1905,21,10,2023-10-4-13
14,9011012065200000,MANY_SEATS_AVAILABLE,MANY_SEATS_AVAILABLE,2023,10,4,0,0,1,2,15.4,0.1,37.0,100,1.3429,35,10,2023-10-4-14
15,9011012065200000,MANY_SEATS_AVAILABLE,MANY_SEATS_AVAILABLE,2023,10,4,0,0,1,3,15.7,0.1,38.8,100,1.2188,32,10,2023-10-4-15
16,9011012065200000,MANY_SEATS_AVAILABLE,MANY_SEATS_AVAILABLE,2023,10,4,0,0,1,3,16.1,0.0,37.8,98,1.1389,36,10,2023-10-4-16
17,9011012065200000,MANY_SEATS_AVAILABLE,MANY_SEATS_AVAILABLE,2023,10,4,0,0,1,3,16.5,0.0,36.8,100,1.08,25,10,2023-10-4-17
18,9011012065200000,MANY_SEATS_AVAILABLE,MANY_SEATS_AVAILABLE,2023,10,4,0,0,1,3,16.4,0.0,37.8,100,1.125,24,10,2023-10-4-18
19,9011012065200000,MANY_SEATS_AVAILABLE,MANY_SEATS_AVAILABLE,2023,10,4,0,0,1,4,16.4,0.1,38.9,100,1.2609,23,10,2023-10-4-19
20,9011012065200000,MANY_SEATS_AVAILABLE,MANY_SEATS_AVAILABLE,2023,10,4,0,0,1,4,16.3,0.0,40.0,100,0.8182,22,10,2023-10-4-20
21,9011012065200000,MANY_SEATS_AVAILABLE,MANY_SEATS_AVAILABLE,2023,10,4,0,0,1,4,16.4,0.1,40.3,100,1.0588,17,10,2023-10-4-21
22,9011012065200000,MANY_SEATS_AVAILABLE,MANY_SEATS_AVAILABLE,2023,10,4,0,0,1,4,16.7,0.1,40.0,100,1.2727,11,10,2023-10-4-22
23,9011012065200000,MANY_SEATS_AVAILABLE,MANY_SEATS_AVAILABLE,2023,10,4,0,0,1,0,16.6,0.0,41.5,99,1.0,9,10,2023-10-4-23
0,9011012065200000,MANY_SEATS_AVAILABLE,MANY_SEATS_AVAILABLE,2023,10,5,1,0,0,0,16.0,0.0,43.5,100,1.0,10,10,2023-10-5-00
1,9011012065200000,MANY_SEATS_AVAILABLE,MANY_SEATS_AVAILABLE,2023,10,5,1,0,0,0,15.4,0.0,48.3,86,1.0,4,10,2023-10-5-01
5,9011012065200000,EMPTY,EMPTY,2023,10,5,1,0,0,1,13.6,0.0,40.1,79,0.3333,6,10,2023-10-5-05
6,9011012065200000,EMPTY,EMPTY,2023,10,5,1,0,0,1,13.4,0.0,38.5,70,0.4444,9,10,2023-10-5-06
7,9011012065200000,EMPTY,EMPTY,2023,10,5,1,0,0,1,12.8,0.0,35.1,81,0.3636,11,10,2023-10-5-07
8,9011012065200000,MANY_SEATS_AVAILABLE,MANY_SEATS_AVAILABLE,2023,10,5,1,0,0,1,12.7,0.2,29.5,60,0.9091,11,10,2023-10-5-08
9,9011012065200000,MANY_SEATS_AVAILABLE,MANY_SEATS_AVAILABLE,2023,10,5,1,0,0,1,12.8,0.2,27.1,99,1.0,10,10,2023-10-5-09
10,9011012065200000,MANY_SEATS_AVAILABLE,MANY_SEATS_AVAILABLE,2023,10,5,1,0,0,2,12.9,0.1,25.0,100,1.3,10,10,2023-10-5-10
11,9011012065200000,MANY_SEATS_AVAILABLE,MANY_SEATS_AVAILABLE,2023,10,5,1,0,0,2,12.9,0.1,22.7,100,1.2,10,10,2023-10-5-11
12,9011012065200000,MANY_SEATS_AVAILABLE,MANY_SEATS_AVAILABLE,2023,10,5,1,0,0,2,13.0,0.0,22.1,100,1.0,10,10,2023-10-5-12
13,9011012065200000,MANY_SEATS_AVAILABLE,MANY_SEATS_AVAILABLE,2023,10,5,1,0,0,2,13.1,0.0,16.4,100,1.3,10,10,2023-10-5-13
14,9011012065200000,MANY_SEATS_AVAILABLE,MANY_SEATS_AVAILABLE,2023,10,5,1,0,0,2,12.7,0.0,15.3,99,1.0769,13,10,2023-10-5-14
15,9011012065200000,MANY_SEATS_AVAILABLE,MANY_SEATS_AVAILABLE,2023,10,5,1,0,0,3,13.0,0.0,12.9,76,1.0,11,10,2023-10-5-15
16,9011012065200000,MANY_SEATS_AVAILABLE,MANY_SEATS_AVAILABLE,2023,10,5,1,0,0,3,12.8,0.0,12.1,57,1.6364,11,10,2023-10-5-16
17,9011012065200000,MANY_SEATS_AVAILABLE,MANY_SEATS_AVAILABLE,2023,10,5,1,0,0,3,12.4,0.0,13.8,100,1.0909,11,10,2023-10-5-17
18,9011012065200000,MANY_SEATS_AVAILABLE,MANY_SEATS_AVAILABLE,2023,10,5,1,0,0,3,12.1,0.0,16.3,100,0.8889,9,10,2023-10-5-18
19,9011012065200000,CROWDED,FEW_SEATS_AVAILABLE,2023,10,5,1,0,0,4,11.8,0.0,17.1,100,1.5455,11,10,2023-10-5-19
20,9011012065200000,MANY_SEATS_AVAILABLE,MANY_SEATS_AVAILABLE,2023,10,5,1,0,0,4,11.6,0.0,17.1,93,0.8333,12,10,2023-10-5-20
21,9011012065200000,MANY_SEATS_AVAILABLE,MANY_SEATS_AVAILABLE,2023,10,5,1,0,0,4,11.2,0.0,15.5,49,1.0,9,10,2023-10-5-21
22,9011012065200000,MANY_SEATS_AVAILABLE,MANY_SEATS_AVAILABLE,2023,10,5,1,0,0,4,10.3,0.0,12.5,31,1.0833,12,10,2023-10-5-22
23,9011012065200000,CROWDED,FEW_SEATS_AVAILABLE,2023,10,5,1,0,0,0,9.8,0.0,9.7,100,2.0,5,10,2023-10-5-23
0,9011012065200000,MANY_SEATS_AVAILABLE,MANY_SEATS_AVAILABLE,2023,10,6,1,1,0,0,9.6,0.0,7.9,53,1.0,6,10,2023-10-6-00
1,9011012065200000,CROWDED,FEW_SEATS_AVAILABLE,2023,10,6,1,1,0,0,7.6,0.0,7.2,30,1.8,10,10,2023-10-6-01
2,9011012065200000,CROWDED,FEW_SEATS_AVAILABLE,2023,10,6,1,1,0,0,9.6,0.0,9.6,21,2.0,4,10,2023-10-6-02
6,9011012065200000,MANY_SEATS_AVAILABLE,MANY_SEATS_AVAILABLE,2023,10,6,1,1,0,1,8.8,0.0,15.9,0,0.6667,6,10,2023-10-6-06
7,9011012065200000,EMPTY,EMPTY,2023,10,6,1,1,0,1,8.3,0.0,16.2,0,0.2222,9,10,2023-10-6-07
8,9011012065200000,EMPTY,EMPTY,2023,10,6,1,1,0,1,8.9,0.0,17.3,0,0.4545,11,10,2023-10-6-08
9,9011012065200000,MANY_SEATS_AVAILABLE,MANY_SEATS_AVAILABLE,2023,10,6,1,1,0,1,9.6,0.0,17.5,0,1.0,9,10,2023-10-6-09
10,9011012065200000,MANY_SEATS_AVAILABLE,MANY_SEATS_AVAILABLE,2023,10,6,1,1,0,2,10.3,0.0,18.4,0,0.8182,11,10,2023-10-6-10
11,9011012065200000,MANY_SEATS_AVAILABLE,MANY_SEATS_AVAILABLE,2023,10,6,1,1,0,2,10.9,0.0,20.8,0,1.0,10,10,2023-10-6-11
12,9011012065200000,MANY_SEATS_AVAILABLE,MANY_SEATS_AVAILABLE,2023,10,6,1,1,0,2,11.2,0.0,21.6,43,1.1818,11,10,2023-10-6-12
13,9011012065200000,MANY_SEATS_AVAILABLE,MANY_SEATS_AVAILABLE,2023,10,6,1,1,0,2,10.9,0.0,19.0,100,1.2,10,10,2023-10-6-13
14,9011012065200000,MANY_SEATS_AVAILABLE,MANY_SEATS_AVAILABLE,2023,10,6,1,1,0,2,11.0,0.0,17.9,100,1.2,10,10,2023-10-6-14
15,9011012065200000,MANY_SEATS_AVAILABLE,MANY_SEATS_AVAILABLE,2023,10,6,1,1,0,3,11.1,0.0,16.3,100,1.3636,11,10,2023-10-6-15
16,9011012065200000,MANY_SEATS_AVAILABLE,MANY_SEATS_AVAILABLE,2023,10,6,1,1,0,3,10.9,0.0,14.3,100,1.1818,11,10,2023-10-6-16
17,9011012065200000,MANY_SEATS_AVAILABLE,MANY_SEATS_AVAILABLE,2023,10,6,1,1,0,3,10.5,0.0,9.4,100,0.8,10,10,2023-10-6-17
18,9011012065200000,MANY_SEATS_AVAILABLE,MANY_SEATS_AVAILABLE,2023,10,6,1,1,0,3,9.7,0.0,5.9,100,1.0,10,10,2023-10-6-18
19,9011012065200000,MANY_SEATS_AVAILABLE,MANY_SEATS_AVAILABLE,2023,10,6,1,1,0,4,8.8,0.0,6.6,100,1.0,10,10,2023-10-6-19
20,9011012065200000,MANY_SEATS_AVAILABLE,MANY_SEATS_AVAILABLE,2023,10,6,1,1,0,4,7.4,0.0,8.7,100,1.0,10,10,2023-10-6-20
21,9011012065200000,MANY_SEATS_AVAILABLE,MANY_SEATS_AVAILABLE,2023,10,6,1,1,0,4,8.5,0.0,6.6,100,1.0,10,10,2023-10-6-21
22,9011012065200000,MANY_SEATS_AVAILABLE,MANY_SEATS_AVAILABLE,2023,10,6,1,1,0,4,9.2,0.0,5.6,100,1.0,4,10,2023-10-6-22
5,9011012065200000,MANY_SEATS_AVAILABLE,MANY_SEATS_AVAILABLE,2023,10,0,0,0,1,1,10.7,0.0,11.8,100,0.625,16,10,2023-10-0-05
6,9011012065200000,MANY_SEATS_AVAILABLE,MANY_SEATS_AVAILABLE,2023,10,0,0,0,1,1,10.7,0.0,10.6,100,1.087,23,10,2023-10-0-06
7,9011012065200000,MANY_SEATS_AVAILABLE,MANY_SEATS_AVAILABLE,2023,10,0,0,0,1,1,10.6,0.0,8.2,100,1.2812,32,10,2023-10-0-07
8,9011012065200000,MANY_SEATS_AVAILABLE,MANY_SEATS_AVAILABLE,2023,10,0,0,0,1,1,11.0,0.0,6.4,99,1.3448,29,10,2023-10-0-08
9,9011012065200000,MANY_SEATS_AVAILABLE,MANY_SEATS_AVAILABLE,2023,10,0,0,0,1,1,11.6,0.0,5.4,99,1.1818,22,10,2023-10-0-09
10,9011012065200000,MANY_SEATS_AVAILABLE,MANY_SEATS_AVAILABLE,2023,10,0,0,0,1,2,12.0,0.0,4.0,88,1.0385,26,10,2023-10-0-10
11,9011012065200000,MANY_SEATS_AVAILABLE,MANY_SEATS_AVAILABLE,2023,10,0,0,0,1,2,12.3,0.0,6.6,97,1.0,22,10,2023-10-0-11
12,9011012065200000,MANY_SEATS_AVAILABLE,MANY_SEATS_AVAILABLE,2023,10,0,0,0,1,2,12.3,0.0,7.9,99,0.913,23,10,2023-10-0-12
13,9011012065200000,MANY_SEATS_AVAILABLE,MANY_SEATS_AVAILABLE,2023,10,0,0,0,1,2,12.2,0.0,6.5,99,0.96,25,10,2023-10-0-13
14,9011012065200000,MANY_SEATS_AVAILABLE,MANY_SEATS_AVAILABLE,2023,10,0,0,0,1,2,12.0,0.0,6.9,25,1.25,36,10,2023-10-0-14
15,9011012065200000,MANY_SEATS_AVAILABLE,MANY_SEATS_AVAILABLE,2023,10,0,0,0,1,3,12.0,0.0,7.4,32,1.5455,33,10,2023-10-0-15
16,9011012065200000,MANY_SEATS_AVAILABLE,MANY_SEATS_AVAILABLE,2023,10,0,0,0,1,3,11.6,0.0,7.6,6,1.4848,33,10,2023-10-0-16
17,9011012065200000,MANY_SEATS_AVAILABLE,MANY_SEATS_AVAILABLE,2023,10,0,0,0,1,3,10.6,0.0,4.6,2,1.1154,26,10,2023-10-0-17
18,9011012065200000,MANY_SEATS_AVAILABLE,MANY_SEATS_AVAILABLE,2023,10,0,0,0,1,3,8.7,0.0,7.3,25,1.0435,23,10,2023-10-0-18
19,9011012065200000,MANY_SEATS_AVAILABLE,MANY_SEATS_AVAILABLE,2023,10,0,0,0,1,4,8.8,0.0,7.4,33,0.9091,22,10,2023-10-0-19
20,9011012065200000,MANY_SEATS_AVAILABLE,MANY_SEATS_AVAILABLE,2023,10,0,0,0,1,4,9.5,0.0,5.4,86,0.9048,21,10,2023-10-0-20
21,9011012065200000,MANY_SEATS_AVAILABLE,MANY_SEATS_AVAILABLE,2023,10,0,0,0,1,4,8.2,0.0,8.4,98,1.0,17,10,2023-10-0-21
22,9011012065200000,MANY_SEATS_AVAILABLE,MANY_SEATS_AVAILABLE,2023,10,0,0,0,1,4,9.5,0.0,6.2,100,1.0,12,10,2023-10-0-22
23,9011012065200000,MANY_SEATS_AVAILABLE,MANY_SEATS_AVAILABLE,2023,10,0,0,0,1,0,10.8,0.0,5.9,98,1.0,3,10,2023-10-0-23
4,9011012065200000,MANY_SEATS_AVAILABLE,MANY_SEATS_AVAILABLE,2023,10,1,0,0,1,0,11.5,0.3,10.9,100,1.0,3,10,2023-10-1-04
5,9011012065200000,MANY_SEATS_AVAILABLE,MANY_SEATS_AVAILABLE,2023,10,1,0,0,1,1,11.5,0.4,12.6,100,0.8235,17,10,2023-10-1-05
6,9011012065200000,MANY_SEATS_AVAILABLE,MANY_SEATS_AVAILABLE,2023,10,1,0,0,1,1,11.6,0.3,14.1,100,1.0,24,10,2023-10-1-06
7,9011012065200000,MANY_SEATS_AVAILABLE,MANY_SEATS_AVAILABLE,2023,10,1,0,0,1,1,11.8,0.1,15.6,77,1.303,33,10,2023-10-1-07
8,9011012065200000,MANY_SEATS_AVAILABLE,MANY_SEATS_AVAILABLE,2023,10,1,0,0,1,1,12.2,0.0,14.4,33,1.0667,30,10,2023-10-1-08
9,9011012065200000,MANY_SEATS_AVAILABLE,MANY_SEATS_AVAILABLE,2023,10,1,0,0,1,1,12.7,0.0,15.7,47,1.6957,23,10,2023-10-1-09
10,9011012065200000,MANY_SEATS_AVAILABLE,MANY_SEATS_AVAILABLE,2023,10,1,0,0,1,2,13.2,0.1,17.8,24,1.1739,23,10,2023-10-1-10
11,9011012065200000,MANY_SEATS_AVAILABLE,MANY_SEATS_AVAILABLE,2023,10,1,0,0,1,2,13.6,0.0,18.6,21,1.0909,22,10,2023-10-1-11
12,9011012065200000,MANY_SEATS_AVAILABLE,MANY_SEATS_AVAILABLE,2023,10,1,0,0,1,2,13.8,0.0,22.4,75,0.913,23,10,2023-10-1-12
13,9011012065200000,MANY_SEATS_AVAILABLE,MANY_SEATS_AVAILABLE,2023,10,1,0,0,1,2,13.4,0.0,21.6,100,1.1154,26,10,2023-10-1-13
14,9011012065200000,MANY_SEATS_AVAILABLE,MANY_SEATS_AVAILABLE,2023,10,1,0,0,1,2,13.5,0.0,24.0,100,1.5,30,10,2023-10-1-14
15,9011012065200000,MANY_SEATS_AVAILABLE,MANY_SEATS_AVAILABLE,2023,10,1,0,0,1,3,13.2,0.0,24.5,100,1.3529,34,10,2023-10-1-15
16,9011012065200000,MANY_SEATS_AVAILABLE,MANY_SEATS_AVAILABLE,2023,10,1,0,0,1,3,13.3,0.9,25.1,100,1.2051,39,10,2023-10-1-16
17,9011012065200000,MANY_SEATS_AVAILABLE,MANY_SEATS_AVAILABLE,2023,10,1,0,0,1,3,13.3,0.2,28.3,100,1.0741,27,10,2023-10-1-17
18,9011012065200000,MANY_SEATS_AVAILABLE,MANY_SEATS_AVAILABLE,2023,10,1,0,0,1,3,13.9,0.3,27.4,100,0.9091,22,10,2023-10-1-18
19,9011012065200000,MANY_SEATS_AVAILABLE,MANY_SEATS_AVAILABLE,2023,10,1,0,0,1,4,14.6,0.3,28.5,100,0.9583,24,10,2023-10-1-19
20,9011012065200000,MANY_SEATS_AVAILABLE,MANY_SEATS_AVAILABLE,2023,10,1,0,0,1,4,15.0,0.1,26.9,100,0.9091,22,10,2023-10-1-20
21,9011012065200000,MANY_SEATS_AVAILABLE,MANY_SEATS_AVAILABLE,2023,10,1,0,0,1,4,15.2,0.4,24.5,100,1.0,18,10,2023-10-1-21
22,9011012065200000,MANY_SEATS_AVAILABLE,MANY_SEATS_AVAILABLE,2023,10,1,0,0,1,4,15.3,0.5,24.3,97,0.7273,11,10,2023-10-1-22
23,9011012065200000,MANY_SEATS_AVAILABLE,MANY_SEATS_AVAILABLE,2023,10,1,0,0,1,0,15.4,0.0,27.3,99,1.0,3,10,2023-10-1-23
4,9011012065200000,EMPTY,EMPTY,2023,10,2,0,0,1,0,15.6,0.0,28.3,100,0.0,3,10,2023-10-2-04
5,9011012065200000,MANY_SEATS_AVAILABLE,MANY_SEATS_AVAILABLE,2023,10,2,0,0,1,1,15.6,0.0,28.9,100,0.5333,15,10,2023-10-2-05
6,9011012065200000,MANY_SEATS_AVAILABLE,MANY_SEATS_AVAILABLE,2023,10,2,0,0,1,1,15.4,0.0,31.7,100,1.0833,24,10,2023-10-2-06
7,9011012065200000,MANY_SEATS_AVAILABLE,MANY_SEATS_AVAILABLE,2023,10,2,0,0,1,1,15.6,0.0,33.0,100,1.303,33,10,2023-10-2-07
8,9011012065200000,MANY_SEATS_AVAILABLE,MANY_SEATS_AVAILABLE,2023,10,2,0,0,1,1,15.8,0.0,32.6,100,1.3438,32,10,2023-10-2-08
9,9011012065200000,MANY_SEATS_AVAILABLE,MANY_SEATS_AVAILABLE,2023,10,2,0,0,1,1,16.3,0.0,35.3,100,1.52,25,10,2023-10-2-09
10,9011012065200000,MANY_SEATS_AVAILABLE,MANY_SEATS_AVAILABLE,2023,10,2,0,0,1,2,16.6,0.1,35.9,86,1.0,23,10,2023-10-2-10
11,9011012065200000,MANY_SEATS_AVAILABLE,MANY_SEATS_AVAILABLE,2023,10,2,0,0,1,2,17.0,0.0,34.6,100,0.8571,21,10,2023-10-2-11
12,9011012065200000,MANY_SEATS_AVAILABLE,MANY_SEATS_AVAILABLE,2023,10,2,0,0,1,2,17.1,0.0,36.1,98,1.0833,24,10,2023-10-2-12
13,9011012065200000,MANY_SEATS_AVAILABLE,MANY_SEATS_AVAILABLE,2023,10,2,0,0,1,2,17.1,0.0,38.5,100,1.1818,22,10,2023-10-2-13
14,9011012065200000,MANY_SEATS_AVAILABLE,MANY_SEATS_AVAILABLE,2023,10,2,0,0,1,2,16.6,0.1,38.4,100,1.1389,36,10,2023-10-2-14
15,9011012065200000,MANY_SEATS_AVAILABLE,MANY_SEATS_AVAILABLE,2023,10,2,0,0,1,3,16.0,0.5,36.9,100,1.1111,36,10,2023-10-2-15
16,9011012065200000,MANY_SEATS_AVAILABLE,MANY_SEATS_AVAILABLE,2023,10,2,0,0,1,3,15.2,1.3,33.7,100,1.0882,34,10,2023-10-2-16
17,9011012065200000,MANY_SEATS_AVAILABLE,MANY_SEATS_AVAILABLE,2023,10,2,0,0,1,3,14.8,0.3,30.3,92,1.037,27,10,2023-10-2-17
18,9011012065200000,MANY_SEATS_AVAILABLE,MANY_SEATS_AVAILABLE,2023,10,2,0,0,1,3,14.5,0.1,28.3,99,1.1364,22,10,2023-10-2-18
19,9011012065200000,MANY_SEATS_AVAILABLE,MANY_SEATS_AVAILABLE,2023,10,2,0,0,1,4,14.1,0.0,26.6,100,1.0435,23,10,2023-10-2-19
20,9011012065200000,MANY_SEATS_AVAILABLE,MANY_SEATS_AVAILABLE,2023,10,2,0,0,1,4,13.7,0.0,26.4,100,0.9545,22,10,2023-10-2-20
21,9011012065200000,MANY_SEATS_AVAILABLE,MANY_SEATS_AVAILABLE,2023,10,2,0,0,1,4,13.3,0.0,25.0,100,1.0556,18,10,2023-10-2-21
22,9011012065200000,MANY_SEATS_AVAILABLE,MANY_SEATS_AVAILABLE,2023,10,2,0,0,1,4,13.1,0.0,25.6,100,0.9,10,10,2023-10-2-22
23,9011012065200000,MANY_SEATS_AVAILABLE,MANY_SEATS_AVAILABLE,2023,10,2,0,0,1,0,12.9,0.0,28.1,100,1.0,3,10,2023-10-2-23
4,9011012065200000,MANY_SEATS_AVAILABLE,MANY_SEATS_AVAILABLE,2023,10,3,0,0,1,0,11.7,0.0,27.5,62,1.0,3,10,2023-10-3-04
5,9011012065200000,MANY_SEATS_AVAILABLE,MANY_SEATS_AVAILABLE,2023,10,3,0,0,1,1,11.7,0.0,27.3,84,0.8571,14,10,2023-10-3-05
6,9011012065200000,MANY_SEATS_AVAILABLE,MANY_SEATS_AVAILABLE,2023,10,3,0,0,1,1,11.6,0.0,25.7,1,1.28,25,10,2023-10-3-06
7,9011012065200000,MANY_SEATS_AVAILABLE,MANY_SEATS_AVAILABLE,2023,10,3,0,0,1,1,11.6,0.0,27.2,16,1.3438,32,10,2023-10-3-07
8,9011012065200000,MANY_SEATS_AVAILABLE,MANY_SEATS_AVAILABLE,2023,10,3,0,0,1,1,11.9,0.0,27.9,6,0.8966,29,10,2023-10-3-08
9,9011012065200000,MANY_SEATS_AVAILABLE,MANY_SEATS_AVAILABLE,2023,10,3,0,0,1,1,12.5,0.0,30.4,9,1.6071,28,10,2023-10-3-09
10,9011012065200000,MANY_SEATS_AVAILABLE,MANY_SEATS_AVAILABLE,2023,10,3,0,0,1,2,13.0,0.0,34.7,44,0.9091,22,10,2023-10-3-10
11,9011012065200000,MANY_SEATS_AVAILABLE,MANY_SEATS_AVAILABLE,2023,10,3,0,0,1,2,13.2,0.1,34.9,42,0.7222,18,10,2023-10-3-11
12,9011012065200000,MANY_SEATS_AVAILABLE,MANY_SEATS_AVAILABLE,2023,10,3,0,0,1,2,13.4,0.0,36.2,72,0.8182,22,10,2023-10-3-12
13,9011012065200000,MANY_SEATS_AVAILABLE,MANY_SEATS_AVAILABLE,2023,10,3,0,0,1,2,13.9,0.0,36.9,55,1.0714,28,10,2023-10-3-13
14,9011012065200000,MANY_SEATS_AVAILABLE,MANY_SEATS_AVAILABLE,2023,10,3,0,0,1,2,13.8,0.0,36.4,36,1.5484,31,10,2023-10-3-14
15,9011012065200000,MANY_SEATS_AVAILABLE,MANY_SEATS_AVAILABLE,2023,10,3,0,0,1,3,13.5,0.0,34.9,58,1.4857,35,10,2023-10-3-15
16,9011012065200000,MANY_SEATS_AVAILABLE,MANY_SEATS_AVAILABLE,2023,10,3,0,0,1,3,13.1,0.0,31.4,22,1.3636,33,10,2023-10-3-16
17,9011012065200000,MANY_SEATS_AVAILABLE,MANY_SEATS_AVAILABLE,2023,10,3,0,0,1,3,12.6,0.0,31.1,16,1.5,26,10,2023-10-3-17
18,9011012065200000,MANY_SEATS_AVAILABLE,MANY_SEATS_AVAILABLE,2023,10,3,0,0,1,3,12.2,0.0,28.6,97,1.0909,22,10,2023-10-3-18
19,9011012065200000,MANY_SEATS_AVAILABLE,MANY_SEATS_AVAILABLE,2023,10,3,0,0,1,4,11.8,0.0,24.8,25,1.0,23,10,2023-10-3-19
20,9011012065200000,MANY_SEATS_AVAILABLE,MANY_SEATS_AVAILABLE,2023,10,3,0,0,1,4,11.4,0.0,21.9,1,0.9545,22,10,2023-10-3-20
21,9011012065200000,MANY_SEATS_AVAILABLE,MANY_SEATS_AVAILABLE,2023,10,3,0,0,1,4,11.3,0.0,20.3,5,1.0,18,10,2023-10-3-21
22,9011012065200000,MANY_SEATS_AVAILABLE,MANY_SEATS_AVAILABLE,2023,10,3,0,0,1,4,10.9,0.0,16.6,7,0.8182,11,10,2023-10-3-22
23,9011012065200000,EMPTY,EMPTY,2023,10,3,0,0,1,0,10.4,0.0,11.1,22,0.0,3,10,2023-10-3-23
4,9011012065200000,MANY_SEATS_AVAILABLE,MANY_SEATS_AVAILABLE,2023,10,4,0,0,1,0,9.5,0.0,9.1,100,1.0,3,10,2023-10-4-04
5,9011012065200000,MANY_SEATS_AVAILABLE,MANY_SEATS_AVAILABLE,2023,10,4,0,0,1,1,10.1,0.0,11.3,100,0.9412,17,10,2023-10-4-05
6,9011012065200000,MANY_SEATS_AVAILABLE,MANY_SEATS_AVAILABLE,2023,10,4,0,0,1,1,10.9,0.0,13.0,100,0.9583,24,10,2023-10-4-06
7,9011012065200000,MANY_SEATS_AVAILABLE,MANY_SEATS_AVAILABLE,2023,10,4,0,0,1,1,12.2,0.0,17.2,100,1.2812,32,10,2023-10-4-07
8,9011012065200000,MANY_SEATS_AVAILABLE,MANY_SEATS_AVAILABLE,2023,10,4,0,0,1,1,12.5,0.0,22.3,100,1.0909,33,10,2023-10-4-08
9,9011012065200000,MANY_SEATS_AVAILABLE,MANY_SEATS_AVAILABLE,2023,10,4,0,0,1,1,13.2,0.0,26.3,100,1.2609,23,10,2023-10-4-09
10,9011012065200000,MANY_SEATS_AVAILABLE,MANY_SEATS_AVAILABLE,2023,10,4,0,0,1,2,13.9,0.1,25.7,100,0.9167,24,10,2023-10-4-10
11,9011012065200000,MANY_SEATS_AVAILABLE,MANY_SEATS_AVAILABLE,2023,10,4,0,0,1,2,14.4,0.5,30.5,100,1.45,20,10,2023-10-4-11
12,9011012065200000,MANY_SEATS_AVAILABLE,MANY_SEATS_AVAILABLE,2023,10,4,0,0,1,2,14.3,0.8,29.7,100,1.24,25,10,2023-10-4-12
13,9011012065200000,MANY_SEATS_AVAILABLE,MANY_SEATS_AVAILABLE,2023,10,4,0,0,1,2,14.8,1.0,36.7,100,1.2308,26,10,2023-10-4-13
14,9011012065200000,MANY_SEATS_AVAILABLE,MANY_SEATS_AVAILABLE,2023,10,4,0,0,1,2,15.5,0.7,40.4,100,1.1935,31,10,2023-10-4-14
15,9011012065200000,MANY_SEATS_AVAILABLE,MANY_SEATS_AVAILABLE,2023,10,4,0,0,1,3,15.3,1.4,34.7,100,1.2162,37,10,2023-10-4-15
16,9011012065200000,MANY_SEATS_AVAILABLE,MANY_SEATS_AVAILABLE,2023,10,4,0,0,1,3,16.7,2.4,44.8,100,1.2424,33,10,2023-10-4-16
17,9011012065200000,MANY_SEATS_AVAILABLE,MANY_SEATS_AVAILABLE,2023,10,4,0,0,1,3,17.5,0.1,42.9,100,1.0345,29,10,2023-10-4-17
18,9011012065200000,MANY_SEATS_AVAILABLE,MANY_SEATS_AVAILABLE,2023,10,4,0,0,1,3,17.6,0.1,42.9,100,1.7143,21,10,2023-10-4-18
19,9011012065200000,MANY_SEATS_AVAILABLE,MANY_SEATS_AVAILABLE,2023,10,4,0,0,1,4,17.4,0.0,42.0,100,1.1739,23,10,2023-10-4-19
20,9011012065200000,MANY_SEATS_AVAILABLE,MANY_SEATS_AVAILABLE,2023,10,4,0,0,1,4,17.1,0.0,40.1,100,1.1667,24,10,2023-10-4-20
21,9011012065200000,MANY_SEATS_AVAILABLE,MANY_SEATS_AVAILABLE,2023,10,4,0,0,1,4,16.9,0.1,40.3,100,1.5417,24,10,2023-10-4-21
22,9011012065200000,MANY_SEATS_AVAILABLE,MANY_SEATS_AVAILABLE,2023,10,4,0,0,1,4,16.3,0.2,37.5,100,0.9091,11,10,2023-10-4-22
23,9011012065200000,MANY_SEATS_AVAILABLE,MANY_SEATS_AVAILABLE,2023,10,4,0,0,1,0,15.5,0.6,31.7,100,1.0,10,10,2023-10-4-23
0,9011012065200000,MANY_SEATS_AVAILABLE,MANY_SEATS_AVAILABLE,2023,10,5,1,0,0,0,15.7,6.5,34.0,100,1.3333,9,10,2023-10-5-00
1,9011012065200000,EMPTY,EMPTY,2023,10,5,1,0,0,0,14.4,3.0,22.4,100,0.0,4,10,2023-10-5-01
5,9011012065200000,EMPTY,EMPTY,2023,10,5,1,0,0,1,12.7,0.1,29.5,100,0.0,5,10,2023-10-5-05
6,9011012065200000,MANY_SEATS_AVAILABLE,MANY_SEATS_AVAILABLE,2023,10,5,1,0,0,1,11.9,0.0,31.7,84,0.5455,11,10,2023-10-5-06
7,9011012065200000,MANY_SEATS_AVAILABLE,MANY_SEATS_AVAILABLE,2023,10,5,1,0,0,1,11.6,0.0,30.3,14,0.7,10,10,2023-10-5-07
8,9011012065200000,MANY_SEATS_AVAILABLE,MANY_SEATS_AVAILABLE,2023,10,5,1,0,0,1,11.7,0.0,34.2,16,0.9091,11,10,2023-10-5-08
9,9011012065200000,MANY_SEATS_AVAILABLE,MANY_SEATS_AVAILABLE,2023,10,5,1,0,0,1,11.9,0.0,36.7,12,1.0,8,10,2023-10-5-09
10,9011012065200000,MANY_SEATS_AVAILABLE,MANY_SEATS_AVAILABLE,2023,10,5,1,0,0,2,12.2,0.0,38.2,5,1.0,11,10,2023-10-5-10
11,9011012065200000,MANY_SEATS_AVAILABLE,MANY_SEATS_AVAILABLE,2023,10,5,1,0,0,2,12.5,0.0,39.8,7,1.1,10,10,2023-10-5-11
12,9011012065200000,MANY_SEATS_AVAILABLE,MANY_SEATS_AVAILABLE,2023,10,5,1,0,0,2,12.6,0.2,43.6,10,1.1667,12,10,2023-10-5-12
13,9011012065200000,MANY_SEATS_AVAILABLE,MANY_SEATS_AVAILABLE,2023,10,5,1,0,0,2,12.8,0.0,45.3,27,1.0909,11,10,2023-10-5-13
14,9011012065200000,MANY_SEATS_AVAILABLE,MANY_SEATS_AVAILABLE,2023,10,5,1,0,0,2,12.7,0.1,44.7,31,0.9167,12,10,2023-10-5-14
15,9011012065200000,MANY_SEATS_AVAILABLE,MANY_SEATS_AVAILABLE,2023,10,5,1,0,0,3,11.7,0.0,43.2,19,1.2,10,10,2023-10-5-15
16,9011012065200000,MANY_SEATS_AVAILABLE,MANY_SEATS_AVAILABLE,2023,10,5,1,0,0,3,11.5,0.0,45.2,18,1.3636,11,10,2023-10-5-16
17,9011012065200000,MANY_SEATS_AVAILABLE,MANY_SEATS_AVAILABLE,2023,10,5,1,0,0,3,11.2,0.0,43.5,21,1.5,10,10,2023-10-5-17
18,9011012065200000,MANY_SEATS_AVAILABLE,MANY_SEATS_AVAILABLE,2023,10,5,1,0,0,3,10.9,0.0,40.7,11,1.4545,11,10,2023-10-5-18
19,9011012065200000,MANY_SEATS_AVAILABLE,MANY_SEATS_AVAILABLE,2023,10,5,1,0,0,4,10.5,0.0,39.5,8,1.4545,11,10,2023-10-5-19
20,9011012065200000,MANY_SEATS_AVAILABLE,MANY_SEATS_AVAILABLE,2023,10,5,1,0,0,4,10.2,0.0,39.9,10,1.4444,9,10,2023-10-5-20
21,9011012065200000,MANY_SEATS_AVAILABLE,MANY_SEATS_AVAILABLE,2023,10,5,1,0,0,4,9.6,0.0,39.9,13,0.8182,11,10,2023-10-5-21
22,9011012065200000,MANY_SEATS_AVAILABLE,MANY_SEATS_AVAILABLE,2023,10,5,1,0,0,4,9.5,0.0,39.2,18,1.1,10,10,2023-10-5-22
23,9011012065200000,MANY_SEATS_AVAILABLE,MANY_SEATS_AVAILABLE,2023,10,5,1,0,0,0,9.3,0.0,39.5,19,1.5,4,10,2023-10-5-23
0,9011012065200000,MANY_SEATS_AVAILABLE,MANY_SEATS_AVAILABLE,2023,10,6,1,1,0,0,9.4,0.0,39.8,12,1.2857,7,10,2023-10-6-00
1,9011012065200000,MANY_SEATS_AVAILABLE,MANY_SEATS_AVAILABLE,2023,10,6,1,1,0,0,9.7,0.0,41.5,8,0.8,10,10,2023-10-6-01
2,9011012065200000,EMPTY,EMPTY,2023,10,6,1,1,0,0,9.8,0.0,41.1,9,0.0,4,10,2023-10-6-02
6,9011012065200000,MANY_SEATS_AVAILABLE,MANY_SEATS_AVAILABLE,2023,10,6,1,1,0,1,9.2,0.0,42.9,21,0.5714,7,10,2023-10-6-06
7,9011012065200000,MANY_SEATS_AVAILABLE,MANY_SEATS_AVAILABLE,2023,10,6,1,1,0,1,8.9,0.0,41.1,28,0.6,10,10,2023-10-6-07
8,9011012065200000,MANY_SEATS_AVAILABLE,MANY_SEATS_AVAILABLE,2023,10,6,1,1,0,1,9.1,0.0,40.9,34,0.8889,9,10,2023-10-6-08
9,9011012065200000,MANY_SEATS_AVAILABLE,MANY_SEATS_AVAILABLE,2023,10,6,1,1,0,1,9.4,0.0,40.4,30,0.7,10,10,2023-10-6-09
10,9011012065200000,MANY_SEATS_AVAILABLE,MANY_SEATS_AVAILABLE,2023,10,6,1,1,0,2,10.1,0.0,39.5,51,0.9231,13,10,2023-10-6-10
11,9011012065200000,MANY_SEATS_AVAILABLE,MANY_SEATS_AVAILABLE,2023,10,6,1,1,0,2,10.6,0.1,36.1,70,0.9091,11,10,2023-10-6-11
12,9011012065200000,MANY_SEATS_AVAILABLE,MANY_SEATS_AVAILABLE,2023,10,6,1,1,0,2,10.9,0.4,34.5,63,1.0,11,10,2023-10-6-12
13,9011012065200000,MANY_SEATS_AVAILABLE,MANY_SEATS_AVAILABLE,2023,10,6,1,1,0,2,10.4,0.0,27.3,86,1.0833,12,10,2023-10-6-13
14,9011012065200000,MANY_SEATS_AVAILABLE,MANY_SEATS_AVAILABLE,2023,10,6,1,1,0,2,10.6,0.2,31.3,90,1.1,10,10,2023-10-6-14
15,9011012065200000,MANY_SEATS_AVAILABLE,MANY_SEATS_AVAILABLE,2023,10,6,1,1,0,3,10.6,0.1,25.0,25,1.1,10,10,2023-10-6-15
16,9011012065200000,MANY_SEATS_AVAILABLE,MANY_SEATS_AVAILABLE,2023,10,6,1,1,0,3,10.9,0.0,30.3,26,1.2222,9,10,2023-10-6-16
17,9011012065200000,MANY_SEATS_AVAILABLE,MANY_SEATS_AVAILABLE,2023,10,6,1,1,0,3,11.1,0.0,29.8,13,1.2,10,10,2023-10-6-17
18,9011012065200000,MANY_SEATS_AVAILABLE,MANY_SEATS_AVAILABLE,2023,10,6,1,1,0,3,10.0,0.0,24.6,45,1.0,10,10,2023-10-6-18
19,9011012065200000,MANY_SEATS_AVAILABLE,MANY_SEATS_AVAILABLE,2023,10,6,1,1,0,4,10.2,0.0,26.7,19,1.0,11,10,2023-10-6-19
20,9011012065200000,MANY_SEATS_AVAILABLE,MANY_SEATS_AVAILABLE,2023,10,6,1,1,0,4,9.9,0.0,28.5,19,1.0,8,10,2023-10-6-20
21,9011012065200000,EMPTY,EMPTY,2023,10,6,1,1,0,4,9.6,0.0,29.0,12,0.5,10,10,2023-10-6-21
22,9011012065200000,EMPTY,EMPTY,2023,10,6,1,1,0,4,9.2,0.0,29.0,4,0.0,4,10,2023-10-6-22
4,9011012065200000,EMPTY,EMPTY,2023,10,0,0,0,1,0,8.5,0.0,26.1,43,0.0,3,10,2023-10-0-04
5,9011012065200000,MANY_SEATS_AVAILABLE,MANY_SEATS_AVAILABLE,2023,10,0,0,0,1,1,8.5,0.0,26.6,9,0.5333,15,10,2023-10-0-05
6,9011012065200000,MANY_SEATS_AVAILABLE,MANY_SEATS_AVAILABLE,2023,10,0,0,0,1,1,8.5,0.0,26.4,6,1.04,25,10,2023-10-0-06
7,9011012065200000,MANY_SEATS_AVAILABLE,MANY_SEATS_AVAILABLE,2023,10,0,0,0,1,1,8.4,0.0,23.3,17,1.2258,31,10,2023-10-0-07
8,9011012065200000,MANY_SEATS_AVAILABLE,MANY_SEATS_AVAILABLE,2023,10,0,0,0,1,1,8.6,0.0,21.6,38,1.4242,33,10,2023-10-0-08
9,9011012065200000,MANY_SEATS_AVAILABLE,MANY_SEATS_AVAILABLE,2023,10,0,0,0,1,1,9.0,0.2,22.5,44,1.12,25,10,2023-10-0-09
10,9011012065200000,MANY_SEATS_AVAILABLE,MANY_SEATS_AVAILABLE,2023,10,0,0,0,1,2,9.7,0.1,21.6,34,0.9524,21,10,2023-10-0-10
11,9011012065200000,MANY_SEATS_AVAILABLE,MANY_SEATS_AVAILABLE,2023,10,0,0,0,1,2,10.1,0.1,19.9,29,0.9583,24,10,2023-10-0-11
12,9011012065200000,MANY_SEATS_AVAILABLE,MANY_SEATS_AVAILABLE,2023,10,0,0,0,1,2,10.3,0.1,19.7,49,0.9524,21,10,2023-10-0-12
13,9011012065200000,MANY_SEATS_AVAILABLE,MANY_SEATS_AVAILABLE,2023,10,0,0,0,1,2,10.7,0.0,21.9,60,0.8462,26,10,2023-10-0-13
14,9011012065200000,MANY_SEATS_AVAILABLE,MANY_SEATS_AVAILABLE,2023,10,0,0,0,1,2,10.7,0.0,21.3,70,1.4333,30,10,2023-10-0-14
15,9011012065200000,MANY_SEATS_AVAILABLE,MANY_SEATS_AVAILABLE,2023,10,0,0,0,1,3,10.6,0.0,20.7,96,1.1667,36,10,2023-10-0-15
16,9011012065200000,MANY_SEATS_AVAILABLE,MANY_SEATS_AVAILABLE,2023,10,0,0,0,1,3,10.2,0.0,20.7,47,1.2857,35,10,2023-10-0-16
17,9011012065200000,MANY_SEATS_AVAILABLE,MANY_SEATS_AVAILABLE,2023,10,0,0,0,1,3,9.7,0.0,19.3,44,0.9615,26,10,2023-10-0-17
18,9011012065200000,MANY_SEATS_AVAILABLE,MANY_SEATS_AVAILABLE,2023,10,0,0,0,1,3,9.3,0.0,16.0,13,0.9565,23,10,2023-10-0-18
19,9011012065200000,MANY_SEATS_AVAILABLE,MANY_SEATS_AVAILABLE,2023,10,0,0,0,1,4,9.0,0.0,13.2,3,0.9048,21,10,2023-10-0-19
20,9011012065200000,MANY_SEATS_AVAILABLE,MANY_SEATS_AVAILABLE,2023,10,0,0,0,1,4,8.8,0.0,14.4,18,0.6818,22,10,2023-10-0-20
21,9011012065200000,MANY_SEATS_AVAILABLE,MANY_SEATS_AVAILABLE,2023,10,0,0,0,1,4,9.0,0.0,15.5,44,1.0,19,10,2023-10-0-21
22,9011012065200000,MANY_SEATS_AVAILABLE,MANY_SEATS_AVAILABLE,2023,10,0,0,0,1,4,8.9,0.0,16.6,1,1.0,11,10,2023-10-0-22
23,9011012065200000,MANY_SEATS_AVAILABLE,MANY_SEATS_AVAILABLE,2023,10,0,0,0,1,0,8.3,0.0,16.0,0,1.0,3,10,2023-10-0-23
4,9011012065200000,EMPTY,EMPTY,2023,10,1,0,0,1,0,7.8,0.0,15.2,22,0.0,3,10,2023-10-1-04
5,9011012065200000,MANY_SEATS_AVAILABLE,MANY_SEATS_AVAILABLE,2023,10,1,0,0,1,1,8.1,0.0,16.2,8,0.7143,14,10,2023-10-1-05
6,9011012065200000,MANY_SEATS_AVAILABLE,MANY_SEATS_AVAILABLE,2023,10,1,0,0,1,1,8.3,0.0,18.0,12,1.2609,23,10,2023-10-1-06
7,9011012065200000,MANY_SEATS_AVAILABLE,MANY_SEATS_AVAILABLE,2023,10,1,0,0,1,1,8.4,0.0,19.1,7,1.2903,31,10,2023-10-1-07
8,9011012065200000,MANY_SEATS_AVAILABLE,MANY_SEATS_AVAILABLE,2023,10,1,0,0,1,1,9.0,0.0,20.6,1,1.303,33,10,2023-10-1-08
9,9011012065200000,MANY_SEATS_AVAILABLE,MANY_SEATS_AVAILABLE,2023,10,1,0,0,1,1,9.7,0.0,22.3,0,1.6087,23,10,2023-10-1-09
10,9011012065200000,MANY_SEATS_AVAILABLE,MANY_SEATS_AVAILABLE,2023,10,1,0,0,1,2,10.3,0.0,22.7,2,0.913,23,10,2023-10-1-10
11,9011012065200000,MANY_SEATS_AVAILABLE,MANY_SEATS_AVAILABLE,2023,10,1,0,0,1,2,10.8,0.0,22.0,18,1.25,24,10,2023-10-1-11
12,9011012065200000,MANY_SEATS_AVAILABLE,MANY_SEATS_AVAILABLE,2023,10,1,0,0,1,2,11.6,0.1,22.4,68,1.0,24,10,2023-10-1-12
13,9011012065200000,MANY_SEATS_AVAILABLE,MANY_SEATS_AVAILABLE,2023,10,1,0,0,1,2,11.4,0.2,23.1,80,1.0909,22,10,2023-10-1-13
14,9011012065200000,MANY_SEATS_AVAILABLE,MANY_SEATS_AVAILABLE,2023,10,1,0,0,1,2,11.8,0.0,24.3,60,1.2727,33,10,2023-10-1-14
15,9011012065200000,MANY_SEATS_AVAILABLE,MANY_SEATS_AVAILABLE,2023,10,1,0,0,1,3,11.8,0.0,23.3,49,1.2,35,10,2023-10-1-15
16,9011012065200000,MANY_SEATS_AVAILABLE,MANY_SEATS_AVAILABLE,2023,10,1,0,0,1,3,11.4,0.0,24.7,72,1.3235,34,10,2023-10-1-16
17,9011012065200000,MANY_SEATS_AVAILABLE,MANY_SEATS_AVAILABLE,2023,10,1,0,0,1,3,11.1,0.0,22.1,39,1.28,25,10,2023-10-1-17
18,9011012065200000,MANY_SEATS_AVAILABLE,MANY_SEATS_AVAILABLE,2023,10,1,0,0,1,3,10.8,0.0,20.6,21,1.0476,21,10,2023-10-1-18
19,9011012065200000,MANY_SEATS_AVAILABLE,MANY_SEATS_AVAILABLE,2023,10,1,0,0,1,4,10.7,0.0,21.7,31,0.75,20,10,2023-10-1-19
20,9011012065200000,MANY_SEATS_AVAILABLE,MANY_SEATS_AVAILABLE,2023,10,1,0,0,1,4,10.9,0.0,24.1,58,0.625,24,10,2023-10-1-20
21,9011012065200000,MANY_SEATS_AVAILABLE,MANY_SEATS_AVAILABLE,2023,10,1,0,0,1,4,10.4,0.0,22.6,21,0.8235,17,10,2023-10-1-21
22,9011012065200000,MANY_SEATS_AVAILABLE,MANY_SEATS_AVAILABLE,2023,10,1,0,0,1,4,10.1,0.0,21.6,14,0.6,10,10,2023-10-1-22
23,9011012065200000,EMPTY,EMPTY,2023,10,1,0,0,1,0,9.7,0.0,20.9,16,0.0,3,10,2023-10-1-23
4,9011012065200000,MANY_SEATS_AVAILABLE,MANY_SEATS_AVAILABLE,2023,10,2,0,0,1,0,9.6,0.0,21.5,15,1.0,3,10,2023-10-2-04
5,9011012065200000,MANY_SEATS_AVAILABLE,MANY_SEATS_AVAILABLE,2023,10,2,0,0,1,1,9.6,0.0,19.5,31,0.9412,17,10,2023-10-2-05
6,9011012065200000,MANY_SEATS_AVAILABLE,MANY_SEATS_AVAILABLE,2023,10,2,0,0,1,1,9.4,0.0,17.9,31,1.087,23,10,2023-10-2-06
7,9011012065200000,MANY_SEATS_AVAILABLE,MANY_SEATS_AVAILABLE,2023,10,2,0,0,1,1,9.3,0.0,16.5,59,1.3871,31,10,2023-10-2-07
8,9011012065200000,MANY_SEATS_AVAILABLE,MANY_SEATS_AVAILABLE,2023,10,2,0,0,1,1,9.8,0.0,16.4,40,1.1935,31,10,2023-10-2-08
9,9011012065200000,MANY_SEATS_AVAILABLE,MANY_SEATS_AVAILABLE,2023,10,2,0,0,1,1,10.5,0.0,15.5,94,1.4583,24,10,2023-10-2-09
10,9011012065200000,MANY_SEATS_AVAILABLE,MANY_SEATS_AVAILABLE,2023,10,2,0,0,1,2,11.2,0.0,15.6,100,0.9565,23,10,2023-10-2-10
11,9011012065200000,MANY_SEATS_AVAILABLE,MANY_SEATS_AVAILABLE,2023,10,2,0,0,1,2,11.8,0.0,12.3,47,1.0476,21,10,2023-10-2-11
12,9011012065200000,MANY_SEATS_AVAILABLE,MANY_SEATS_AVAILABLE,2023,10,2,0,0,1,2,12.4,0.0,9.0,96,1.1304,23,10,2023-10-2-12
13,9011012065200000,MANY_SEATS_AVAILABLE,MANY_SEATS_AVAILABLE,2023,10,2,0,0,1,2,12.7,0.0,6.6,64,1.2917,24,10,2023-10-2-13
14,9011012065200000,MANY_SEATS_AVAILABLE,MANY_SEATS_AVAILABLE,2023,10,2,0,0,1,2,12.9,0.0,4.0,73,1.4333,30,10,2023-10-2-14
15,9011012065200000,MANY_SEATS_AVAILABLE,MANY_SEATS_AVAILABLE,2023,10,2,0,0,1,3,12.8,0.0,2.6,98,1.6389,36,10,2023-10-2-15
16,9011012065200000,MANY_SEATS_AVAILABLE,MANY_SEATS_AVAILABLE,2023,10,2,0,0,1,3,12.1,0.0,2.8,100,1.5758,33,10,2023-10-2-16
17,9011012065200000,MANY_SEATS_AVAILABLE,MANY_SEATS_AVAILABLE,2023,10,2,0,0,1,3,11.3,0.0,4.8,99,1.0909,22,10,2023-10-2-17
18,9011012065200000,MANY_SEATS_AVAILABLE,MANY_SEATS_AVAILABLE,2023,10,2,0,0,1,3,9.6,0.0,7.3,99,1.15,20,10,2023-10-2-18
19,9011012065200000,MANY_SEATS_AVAILABLE,MANY_SEATS_AVAILABLE,2023,10,2,0,0,1,4,9.4,0.0,19.8,91,1.0,18,10,2023-10-2-19
20,9011012065200000,MANY_SEATS_AVAILABLE,MANY_SEATS_AVAILABLE,2023,10,2,0,0,1,4,8.3,0.0,21.7,100,0.8333,24,10,2023-10-2-20
21,9011012065200000,MANY_SEATS_AVAILABLE,MANY_SEATS_AVAILABLE,2023,10,2,0,0,1,4,7.9,0.0,23.3,100,0.8889,18,10,2023-10-2-21
22,9011012065200000,EMPTY,EMPTY,2023,10,2,0,0,1,4,7.9,0.0,25.3,100,0.4545,11,10,2023-10-2-22
23,9011012065200000,MANY_SEATS_AVAILABLE,MANY_SEATS_AVAILABLE,2023,10,2,0,0,1,0,8.0,0.0,24.9,100,1.0,3,10,2023-10-2-23
4,9011012065200000,MANY_SEATS_AVAILABLE,MANY_SEATS_AVAILABLE,2023,10,3,0,0,1,0,7.3,0.0,29.9,100,1.0,3,10,2023-10-3-04
5,9011012065200000,MANY_SEATS_AVAILABLE,MANY_SEATS_AVAILABLE,2023,10,3,0,0,1,1,7.3,0.0,29.9,100,0.8824,17,10,2023-10-3-05
6,9011012065200000,MANY_SEATS_AVAILABLE,MANY_SEATS_AVAILABLE,2023,10,3,0,0,1,1,7.6,0.0,28.4,100,1.1739,23,10,2023-10-3-06
7,9011012065200000,MANY_SEATS_AVAILABLE,MANY_SEATS_AVAILABLE,2023,10,3,0,0,1,1,8.0,0.0,31.9,100,1.5484,31,10,2023-10-3-07
8,9011012065200000,MANY_SEATS_AVAILABLE,MANY_SEATS_AVAILABLE,2023,10,3,0,0,1,1,8.0,0.0,35.3,100,1.1471,34,10,2023-10-3-08
9,9011012065200000,MANY_SEATS_AVAILABLE,MANY_SEATS_AVAILABLE,2023,10,3,0,0,1,1,8.3,0.0,35.2,100,1.4,25,10,2023-10-3-09
10,9011012065200000,MANY_SEATS_AVAILABLE,MANY_SEATS_AVAILABLE,2023,10,3,0,0,1,2,8.3,0.0,35.1,100,1.0455,22,10,2023-10-3-10
11,9011012065200000,MANY_SEATS_AVAILABLE,MANY_SEATS_AVAILABLE,2023,10,3,0,0,1,2,8.7,0.0,35.9,100,0.913,23,10,2023-10-3-11
12,9011012065200000,MANY_SEATS_AVAILABLE,MANY_SEATS_AVAILABLE,2023,10,3,0,0,1,2,7.4,0.0,40.6,100,0.9545,22,10,2023-10-3-12
13,9011012065200000,MANY_SEATS_AVAILABLE,MANY_SEATS_AVAILABLE,2023,10,3,0,0,1,2,7.1,0.0,36.7,100,1.0417,24,10,2023-10-3-13
14,9011012065200000,MANY_SEATS_AVAILABLE,MANY_SEATS_AVAILABLE,2023,10,3,0,0,1,2,6.8,0.2,39.3,100,1.4,30,10,2023-10-3-14
15,9011012065200000,MANY_SEATS_AVAILABLE,MANY_SEATS_AVAILABLE,2023,10,3,0,0,1,3,6.6,0.2,39.4,100,1.5405,37,10,2023-10-3-15
16,9011012065200000,MANY_SEATS_AVAILABLE,MANY_SEATS_AVAILABLE,2023,10,3,0,0,1,3,6.5,0.1,39.6,100,1.4,30,10,2023-10-3-16
17,9011012065200000,MANY_SEATS_AVAILABLE,MANY_SEATS_AVAILABLE,2023,10,3,0,0,1,3,6.3,0.0,38.8,100,1.2727,22,10,2023-10-3-17
18,9011012065200000,MANY_SEATS_AVAILABLE,MANY_SEATS_AVAILABLE,2023,10,3,0,0,1,3,6.2,0.1,39.9,100,1.1905,21,10,2023-10-3-18
19,9011012065200000,MANY_SEATS_AVAILABLE,MANY_SEATS_AVAILABLE,2023,10,3,0,0,1,4,6.0,0.1,39.6,100,0.8095,21,10,2023-10-3-19
20,9011012065200000,MANY_SEATS_AVAILABLE,MANY_SEATS_AVAILABLE,2023,10,3,0,0,1,4,5.8,0.1,38.5,100,1.0,24,10,2023-10-3-20
21,9011012065200000,MANY_SEATS_AVAILABLE,MANY_SEATS_AVAILABLE,2023,10,3,0,0,1,4,5.8,0.0,37.7,100,0.8889,18,10,2023-10-3-21
22,9011012065200000,MANY_SEATS_AVAILABLE,MANY_SEATS_AVAILABLE,2023,10,3,0,0,1,4,5.8,0.0,35.6,100,0.9,10,10,2023-10-3-22
23,9011012065200000,MANY_SEATS_AVAILABLE,MANY_SEATS_AVAILABLE,2023,10,3,0,0,1,0,5.6,0.0,36.7,100,1.0,4,10,2023-10-3-23
4,9011012065200000,EMPTY,EMPTY,2023,10,4,0,0,1,0,5.2,0.1,37.1,100,0.0,3,10,2023-10-4-04
5,9011012065200000,MANY_SEATS_AVAILABLE,MANY_SEATS_AVAILABLE,2023,10,4,0,0,1,1,5.3,0.1,35.9,100,0.7647,17,10,2023-10-4-05
6,9011012065200000,MANY_SEATS_AVAILABLE,MANY_SEATS_AVAILABLE,2023,10,4,0,0,1,1,5.3,0.1,34.6,100,1.0,24,10,2023-10-4-06
7,9011012065200000,MANY_SEATS_AVAILABLE,MANY_SEATS_AVAILABLE,2023,10,4,0,0,1,1,5.3,0.1,34.8,100,1.4,30,10,2023-10-4-07
8,9011012065200000,MANY_SEATS_AVAILABLE,MANY_SEATS_AVAILABLE,2023,10,4,0,0,1,1,5.6,0.1,36.0,100,1.0909,33,10,2023-10-4-08
9,9011012065200000,MANY_SEATS_AVAILABLE,MANY_SEATS_AVAILABLE,2023,10,4,0,0,1,1,6.0,0.1,38.8,100,1.4286,21,10,2023-10-4-09
10,9011012065200000,MANY_SEATS_AVAILABLE,MANY_SEATS_AVAILABLE,2023,10,4,0,0,1,2,6.1,0.1,42.9,100,0.8261,23,10,2023-10-4-10
11,9011012065200000,MANY_SEATS_AVAILABLE,MANY_SEATS_AVAILABLE,2023,10,4,0,0,1,2,6.6,0.1,45.1,100,0.913,23,10,2023-10-4-11
12,9011012065200000,MANY_SEATS_AVAILABLE,MANY_SEATS_AVAILABLE,2023,10,4,0,0,1,2,6.6,0.0,44.5,100,1.3333,24,10,2023-10-4-12
13,9011012065200000,MANY_SEATS_AVAILABLE,MANY_SEATS_AVAILABLE,2023,10,4,0,0,1,2,6.0,0.0,45.6,100,1.3462,26,10,2023-10-4-13
14,9011012065200000,MANY_SEATS_AVAILABLE,MANY_SEATS_AVAILABLE,2023,10,4,0,0,1,2,6.1,0.0,47.9,100,1.2812,32,10,2023-10-4-14
15,9011012065200000,MANY_SEATS_AVAILABLE,MANY_SEATS_AVAILABLE,2023,10,4,0,0,1,3,6.2,0.1,48.1,100,1.0909,33,10,2023-10-4-15
16,9011012065200000,MANY_SEATS_AVAILABLE,MANY_SEATS_AVAILABLE,2023,10,4,0,0,1,3,6.1,0.1,48.6,100,1.1389,36,10,2023-10-4-16
17,9011012065200000,MANY_SEATS_AVAILABLE,MANY_SEATS_AVAILABLE,2023,10,4,0,0,1,3,6.1,0.1,50.0,100,1.1111,27,10,2023-10-4-17
18,9011012065200000,MANY_SEATS_AVAILABLE,MANY_SEATS_AVAILABLE,2023,10,4,0,0,1,3,6.3,0.1,52.5,100,0.9524,21,10,2023-10-4-18
19,9011012065200000,MANY_SEATS_AVAILABLE,MANY_SEATS_AVAILABLE,2023,10,4,0,0,1,4,6.3,0.2,51.8,100,0.9583,24,10,2023-10-4-19
20,9011012065200000,MANY_SEATS_AVAILABLE,MANY_SEATS_AVAILABLE,2023,10,4,0,0,1,4,6.3,0.5,50.9,100,0.9167,24,10,2023-10-4-20
21,9011012065200000,MANY_SEATS_AVAILABLE,MANY_SEATS_AVAILABLE,2023,10,4,0,0,1,4,6.2,0.9,51.7,100,1.0,18,10,2023-10-4-21
22,9011012065200000,MANY_SEATS_AVAILABLE,MANY_SEATS_AVAILABLE,2023,10,4,0,0,1,4,6.1,1.2,52.4,100,1.1,10,10,2023-10-4-22
23,9011012065200000,MANY_SEATS_AVAILABLE,MANY_SEATS_AVAILABLE,2023,10,4,0,0,1,0,6.3,1.9,51.9,100,0.7273,11,10,2023-10-4-23
0,9011012065200000,MANY_SEATS_AVAILABLE,MANY_SEATS_AVAILABLE,2023,10,5,1,0,0,0,6.6,1.8,48.2,100,1.0,8,10,2023-10-5-00
1,9011012065200000,MANY_SEATS_AVAILABLE,MANY_SEATS_AVAILABLE,2023,10,5,1,0,0,0,6.5,1.1,48.7,100,1.0,5,10,2023-10-5-01
5,9011012065200000,EMPTY,EMPTY,2023,10,5,1,0,0,1,8.6,0.3,31.0,100,0.0,6,10,2023-10-5-05
6,9011012065200000,MANY_SEATS_AVAILABLE,MANY_SEATS_AVAILABLE,2023,10,5,1,0,0,1,8.4,0.1,29.3,100,1.1,10,10,2023-10-5-06
7,9011012065200000,MANY_SEATS_AVAILABLE,MANY_SEATS_AVAILABLE,2023,10,5,1,0,0,1,8.4,0.1,26.4,100,1.3,10,10,2023-10-5-07
8,9011012065200000,MANY_SEATS_AVAILABLE,MANY_SEATS_AVAILABLE,2023,10,5,1,0,0,1,8.4,0.2,24.9,100,0.6364,11,10,2023-10-5-08
9,9011012065200000,MANY_SEATS_AVAILABLE,MANY_SEATS_AVAILABLE,2023,10,5,1,0,0,1,8.5,0.0,24.1,100,1.0,10,10,2023-10-5-09
10,9011012065200000,MANY_SEATS_AVAILABLE,MANY_SEATS_AVAILABLE,2023,10,5,1,0,0,2,8.7,0.0,23.7,100,1.7778,9,10,2023-10-5-10
11,9011012065200000,MANY_SEATS_AVAILABLE,MANY_SEATS_AVAILABLE,2023,10,5,1,0,0,2,9.0,0.0,23.7,100,1.1667,12,10,2023-10-5-11
12,9011012065200000,CROWDED,FEW_SEATS_AVAILABLE,2023,10,5,1,0,0,2,9.1,0.1,22.1,100,2.1818,11,10,2023-10-5-12
13,9011012065200000,MANY_SEATS_AVAILABLE,MANY_SEATS_AVAILABLE,2023,10,5,1,0,0,2,8.3,0.0,19.8,100,1.25,12,10,2023-10-5-13
14,9011012065200000,MANY_SEATS_AVAILABLE,MANY_SEATS_AVAILABLE,2023,10,5,1,0,0,2,8.9,0.0,21.6,100,1.2727,11,10,2023-10-5-14
15,9011012065200000,MANY_SEATS_AVAILABLE,MANY_SEATS_AVAILABLE,2023,10,5,1,0,0,3,9.4,0.0,20.5,100,1.2,10,10,2023-10-5-15
16,9011012065200000,MANY_SEATS_AVAILABLE,MANY_SEATS_AVAILABLE,2023,10,5,1,0,0,3,9.5,0.0,18.9,100,1.8,10,10,2023-10-5-16
17,9011012065200000,MANY_SEATS_AVAILABLE,MANY_SEATS_AVAILABLE,2023,10,5,1,0,0,3,9.4,0.1,17.6,100,1.0,9,10,2023-10-5-17
18,9011012065200000,MANY_SEATS_AVAILABLE,MANY_SEATS_AVAILABLE,2023,10,5,1,0,0,3,9.4,0.0,14.9,100,1.0833,12,10,2023-10-5-18
19,9011012065200000,MANY_SEATS_AVAILABLE,MANY_SEATS_AVAILABLE,2023,10,5,1,0,0,4,9.3,0.0,15.0,100,1.6,10,10,2023-10-5-19
20,9011012065200000,CROWDED,FEW_SEATS_AVAILABLE,2023,10,5,1,0,0,4,9.5,0.0,14.6,100,1.5833,12,10,2023-10-5-20
21,9011012065200000,MANY_SEATS_AVAILABLE,MANY_SEATS_AVAILABLE,2023,10,5,1,0,0,4,9.7,0.1,12.8,100,1.0,10,10,2023-10-5-21
22,9011012065200000,MANY_SEATS_AVAILABLE,MANY_SEATS_AVAILABLE,2023,10,5,1,0,0,4,10.1,0.0,13.1,100,1.1538,13,10,2023-10-5-22
23,9011012065200000,CROWDED,FEW_SEATS_AVAILABLE,2023,10,5,1,0,0,0,10.8,0.0,10.5,100,2.2,5,10,2023-10-5-23
0,9011012065200000,MANY_SEATS_AVAILABLE,MANY_SEATS_AVAILABLE,2023,10,6,1,1,0,0,11.0,0.0,9.4,23,1.0,7,10,2023-10-6-00
1,9011012065200000,MANY_SEATS_AVAILABLE,MANY_SEATS_AVAILABLE,2023,10,6,1,1,0,0,9.8,0.0,12.1,32,1.0,10,10,2023-10-6-01
2,9011012065200000,MANY_SEATS_AVAILABLE,MANY_SEATS_AVAILABLE,2023,10,6,1,1,0,0,8.9,0.0,11.3,92,1.0,3,10,2023-10-6-02
6,9011012065200000,MANY_SEATS_AVAILABLE,MANY_SEATS_AVAILABLE,2023,10,6,1,1,0,1,9.1,0.0,18.2,69,1.0,7,10,2023-10-6-06
7,9011012065200000,MANY_SEATS_AVAILABLE,MANY_SEATS_AVAILABLE,2023,10,6,1,1,0,1,9.7,0.0,19.7,68,1.0,10,10,2023-10-6-07
8,9011012065200000,MANY_SEATS_AVAILABLE,MANY_SEATS_AVAILABLE,2023,10,6,1,1,0,1,10.5,0.0,18.7,38,0.5455,11,10,2023-10-6-08
9,9011012065200000,EMPTY,EMPTY,2023,10,6,1,1,0,1,11.7,0.0,18.1,79,0.3,10,10,2023-10-6-09
10,9011012065200000,MANY_SEATS_AVAILABLE,MANY_SEATS_AVAILABLE,2023,10,6,1,1,0,2,12.7,0.0,15.5,46,1.0,11,10,2023-10-6-10
11,9011012065200000,MANY_SEATS_AVAILABLE,MANY_SEATS_AVAILABLE,2023,10,6,1,1,0,2,13.2,0.0,16.0,15,0.9091,11,10,2023-10-6-11
12,9011012065200000,MANY_SEATS_AVAILABLE,MANY_SEATS_AVAILABLE,2023,10,6,1,1,0,2,13.4,0.0,16.8,0,1.3636,11,10,2023-10-6-12
13,9011012065200000,MANY_SEATS_AVAILABLE,MANY_SEATS_AVAILABLE,2023,10,6,1,1,0,2,13.0,0.0,15.8,0,1.0,10,10,2023-10-6-13
14,9011012065200000,MANY_SEATS_AVAILABLE,MANY_SEATS_AVAILABLE,2023,10,6,1,1,0,2,12.9,0.0,16.1,31,1.0,10,10,2023-10-6-14
15,9011012065200000,MANY_SEATS_AVAILABLE,MANY_SEATS_AVAILABLE,2023,10,6,1,1,0,3,12.6,0.0,18.6,7,1.0,11,10,2023-10-6-15
16,9011012065200000,MANY_SEATS_AVAILABLE,MANY_SEATS_AVAILABLE,2023,10,6,1,1,0,3,12.2,0.0,19.8,37,1.1,10,10,2023-10-6-16
17,9011012065200000,MANY_SEATS_AVAILABLE,MANY_SEATS_AVAILABLE,2023,10,6,1,1,0,3,11.8,0.0,18.4,100,1.2,10,10,2023-10-6-17
18,9011012065200000,MANY_SEATS_AVAILABLE,MANY_SEATS_AVAILABLE,2023,10,6,1,1,0,3,12.5,0.0,22.2,100,1.0,10,10,2023-10-6-18
19,9011012065200000,MANY_SEATS_AVAILABLE,MANY_SEATS_AVAILABLE,2023,10,6,1,1,0,4,12.4,0.1,25.4,100,0.9091,11,10,2023-10-6-19
20,9011012065200000,MANY_SEATS_AVAILABLE,MANY_SEATS_AVAILABLE,2023,10,6,1,1,0,4,12.1,0.1,24.2,100,1.0,12,10,2023-10-6-20
21,9011012065200000,MANY_SEATS_AVAILABLE,MANY_SEATS_AVAILABLE,2023,10,6,1,1,0,4,11.8,0.2,23.6,100,1.0,9,10,2023-10-6-21
22,9011012065200000,MANY_SEATS_AVAILABLE,MANY_SEATS_AVAILABLE,2023,10,6,1,1,0,4,11.6,0.1,23.9,100,1.0,5,10,2023-10-6-22
4,9011012065200000,MANY_SEATS_AVAILABLE,MANY_SEATS_AVAILABLE,2023,10,0,0,0,1,0,10.1,0.0,17.8,2,1.0,2,10,2023-10-0-04
5,9011012065200000,MANY_SEATS_AVAILABLE,MANY_SEATS_AVAILABLE,2023,10,0,0,0,1,1,9.9,0.0,17.1,0,0.9412,17,10,2023-10-0-05
6,9011012065200000,MANY_SEATS_AVAILABLE,MANY_SEATS_AVAILABLE,2023,10,0,0,0,1,1,9.9,0.0,16.6,4,1.0417,24,10,2023-10-0-06
7,9011012065200000,MANY_SEATS_AVAILABLE,MANY_SEATS_AVAILABLE,2023,10,0,0,0,1,1,9.9,0.0,16.6,13,1.5152,33,10,2023-10-0-07
8,9011012065200000,MANY_SEATS_AVAILABLE,MANY_SEATS_AVAILABLE,2023,10,0,0,0,1,1,10.3,0.0,18.2,7,1.5312,32,10,2023-10-0-08
9,9011012065200000,MANY_SEATS_AVAILABLE,MANY_SEATS_AVAILABLE,2023,10,0,0,0,1,1,10.8,0.0,18.8,17,1.0952,21,10,2023-10-0-09
10,9011012065200000,MANY_SEATS_AVAILABLE,MANY_SEATS_AVAILABLE,2023,10,0,0,0,1,2,11.2,0.0,19.3,33,1.0435,23,10,2023-10-0-10
11,9011012065200000,MANY_SEATS_AVAILABLE,MANY_SEATS_AVAILABLE,2023,10,0,0,0,1,2,11.6,0.1,21.3,63,0.96,25,10,2023-10-0-11
12,9011012065200000,MANY_SEATS_AVAILABLE,MANY_SEATS_AVAILABLE,2023,10,0,0,0,1,2,11.5,0.1,20.4,100,1.2105,19,10,2023-10-0-12
13,9011012065200000,MANY_SEATS_AVAILABLE,MANY_SEATS_AVAILABLE,2023,10,0,0,0,1,2,11.9,0.1,20.8,100,1.2222,27,10,2023-10-0-13
14,9011012065200000,MANY_SEATS_AVAILABLE,MANY_SEATS_AVAILABLE,2023,10,0,0,0,1,2,12.0,0.0,18.6,68,1.3939,33,10,2023-10-0-14
15,9011012065200000,MANY_SEATS_AVAILABLE,MANY_SEATS_AVAILABLE,2023,10,0,0,0,1,3,11.9,0.0,17.6,100,1.4167,36,10,2023-10-0-15
16,9011012065200000,MANY_SEATS_AVAILABLE,MANY_SEATS_AVAILABLE,2023,10,0,0,0,1,3,11.6,0.0,15.5,100,1.1429,35,10,2023-10-0-16
17,9011012065200000,MANY_SEATS_AVAILABLE,MANY_SEATS_AVAILABLE,2023,10,0,0,0,1,3,11.5,0.0,14.4,100,1.24,25,10,2023-10-0-17
18,9011012065200000,MANY_SEATS_AVAILABLE,MANY_SEATS_AVAILABLE,2023,10,0,0,0,1,3,11.5,0.0,14.9,100,1.28,25,10,2023-10-0-18
19,9011012065200000,MANY_SEATS_AVAILABLE,MANY_SEATS_AVAILABLE,2023,10,0,0,0,1,4,11.2,0.0,13.4,100,1.05,20,10,2023-10-0-19
20,9011012065200000,MANY_SEATS_AVAILABLE,MANY_SEATS_AVAILABLE,2023,10,0,0,0,1,4,10.8,0.0,10.0,100,1.0833,24,10,2023-10-0-20
21,9011012065200000,MANY_SEATS_AVAILABLE,MANY_SEATS_AVAILABLE,2023,10,0,0,0,1,4,10.3,0.0,6.8,100,1.0,19,10,2023-10-0-21
22,9011012065200000,MANY_SEATS_AVAILABLE,MANY_SEATS_AVAILABLE,2023,10,0,0,0,1,4,9.8,0.0,7.1,100,0.8,10,10,2023-10-0-22
23,9011012065200000,EMPTY,EMPTY,2023,10,0,0,0,1,0,9.5,0.0,6.4,100,0.0,4,10,2023-10-0-23
4,9011012065200000,MANY_SEATS_AVAILABLE,MANY_SEATS_AVAILABLE,2023,10,1,0,0,1,0,7.2,0.0,6.4,100,1.0,2,10,2023-10-1-04
5,9011012065200000,MANY_SEATS_AVAILABLE,MANY_SEATS_AVAILABLE,2023,10,1,0,0,1,1,7.8,0.0,10.7,100,0.9412,17,10,2023-10-1-05
6,9011012065200000,MANY_SEATS_AVAILABLE,MANY_SEATS_AVAILABLE,2023,10,1,0,0,1,1,7.8,0.0,14.4,100,1.0,22,10,2023-10-1-06
7,9011012065200000,MANY_SEATS_AVAILABLE,MANY_SEATS_AVAILABLE,2023,10,1,0,0,1,1,8.0,0.0,15.0,100,1.3529,34,10,2023-10-1-07
8,9011012065200000,MANY_SEATS_AVAILABLE,MANY_SEATS_AVAILABLE,2023,10,1,0,0,1,1,8.6,0.0,18.1,99,1.2333,30,10,2023-10-1-08
9,9011012065200000,MANY_SEATS_AVAILABLE,MANY_SEATS_AVAILABLE,2023,10,1,0,0,1,1,9.5,0.0,17.7,100,1.4231,26,10,2023-10-1-09
10,9011012065200000,MANY_SEATS_AVAILABLE,MANY_SEATS_AVAILABLE,2023,10,1,0,0,1,2,10.2,0.0,20.5,100,0.8636,22,10,2023-10-1-10
11,9011012065200000,MANY_SEATS_AVAILABLE,MANY_SEATS_AVAILABLE,2023,10,1,0,0,1,2,11.2,0.0,26.0,100,0.9167,24,10,2023-10-1-11
12,9011012065200000,MANY_SEATS_AVAILABLE,MANY_SEATS_AVAILABLE,2023,10,1,0,0,1,2,11.3,0.0,23.7,100,0.9565,23,10,2023-10-1-12
13,9011012065200000,MANY_SEATS_AVAILABLE,MANY_SEATS_AVAILABLE,2023,10,1,0,0,1,2,11.0,0.9,27.5,100,1.0,23,10,2023-10-1-13
14,9011012065200000,MANY_SEATS_AVAILABLE,MANY_SEATS_AVAILABLE,2023,10,1,0,0,1,2,11.5,0.0,28.1,100,1.4412,34,10,2023-10-1-14
15,9011012065200000,MANY_SEATS_AVAILABLE,MANY_SEATS_AVAILABLE,2023,10,1,0,0,1,3,10.8,0.7,29.9,100,1.2069,29,10,2023-10-1-15
16,9011012065200000,MANY_SEATS_AVAILABLE,MANY_SEATS_AVAILABLE,2023,10,1,0,0,1,3,10.1,0.2,32.6,100,1.1923,26,10,2023-10-1-16
17,9011012065200000,MANY_SEATS_AVAILABLE,MANY_SEATS_AVAILABLE,2023,10,1,0,0,1,3,9.8,0.0,33.2,100,1.0455,22,10,2023-10-1-17
18,9011012065200000,MANY_SEATS_AVAILABLE,MANY_SEATS_AVAILABLE,2023,10,1,0,0,1,3,9.5,0.2,34.4,100,1.0476,21,10,2023-10-1-18
19,9011012065200000,MANY_SEATS_AVAILABLE,MANY_SEATS_AVAILABLE,2023,10,1,0,0,1,4,9.4,0.5,35.6,100,0.8889,18,10,2023-10-1-19
20,9011012065200000,MANY_SEATS_AVAILABLE,MANY_SEATS_AVAILABLE,2023,10,1,0,0,1,4,9.3,1.0,36.0,100,0.6522,23,10,2023-10-1-20
21,9011012065200000,MANY_SEATS_AVAILABLE,MANY_SEATS_AVAILABLE,2023,10,1,0,0,1,4,9.4,1.4,35.3,100,1.0,18,10,2023-10-1-21
22,9011012065200000,MANY_SEATS_AVAILABLE,MANY_SEATS_AVAILABLE,2023,10,1,0,0,1,4,9.5,1.6,34.6,100,1.0,10,10,2023-10-1-22
23,9011012065200000,MANY_SEATS_AVAILABLE,MANY_SEATS_AVAILABLE,2023,10,1,0,0,1,0,9.6,2.8,34.2,100,1.0,4,10,2023-10-1-23
4,9011012065200000,EMPTY,EMPTY,2023,10,2,0,0,1,0,9.2,0.3,31.4,100,0.0,2,10,2023-10-2-04
5,9011012065200000,MANY_SEATS_AVAILABLE,MANY_SEATS_AVAILABLE,2023,10,2,0,0,1,1,9.3,0.3,30.3,100,0.9375,16,10,2023-10-2-05
6,9011012065200000,MANY_SEATS_AVAILABLE,MANY_SEATS_AVAILABLE,2023,10,2,0,0,1,1,9.4,0.1,28.8,100,1.25,24,10,2023-10-2-06
7,9011012065200000,MANY_SEATS_AVAILABLE,MANY_SEATS_AVAILABLE,2023,10,2,0,0,1,1,9.5,0.0,27.7,100,1.3214,28,10,2023-10-2-07
8,9011012065200000,MANY_SEATS_AVAILABLE,MANY_SEATS_AVAILABLE,2023,10,2,0,0,1,1,9.7,0.1,26.3,100,1.3514,37,10,2023-10-2-08
9,9011012065200000,MANY_SEATS_AVAILABLE,MANY_SEATS_AVAILABLE,2023,10,2,0,0,1,1,9.9,0.2,25.9,100,1.4783,23,10,2023-10-2-09
10,9011012065200000,MANY_SEATS_AVAILABLE,MANY_SEATS_AVAILABLE,2023,10,2,0,0,1,2,10.0,0.1,25.6,100,0.8095,21,10,2023-10-2-10
11,9011012065200000,MANY_SEATS_AVAILABLE,MANY_SEATS_AVAILABLE,2023,10,2,0,0,1,2,10.2,0.0,26.0,100,0.8333,24,10,2023-10-2-11
12,9011012065200000,MANY_SEATS_AVAILABLE,MANY_SEATS_AVAILABLE,2023,10,2,0,0,1,2,10.3,0.0,26.0,100,1.0,24,10,2023-10-2-12
13,9011012065200000,MANY_SEATS_AVAILABLE,MANY_SEATS_AVAILABLE,2023,10,2,0,0,1,2,10.3,0.0,25.6,100,1.1667,24,10,2023-10-2-13
14,9011012065200000,MANY_SEATS_AVAILABLE,MANY_SEATS_AVAILABLE,2023,10,2,0,0,1,2,9.9,0.0,25.6,100,1.2121,33,10,2023-10-2-14
15,9011012065200000,MANY_SEATS_AVAILABLE,MANY_SEATS_AVAILABLE,2023,10,2,0,0,1,3,9.5,0.0,23.9,100,1.2564,39,10,2023-10-2-15
16,9011012065200000,MANY_SEATS_AVAILABLE,MANY_SEATS_AVAILABLE,2023,10,2,0,0,1,3,9.3,0.0,25.4,100,1.3636,33,10,2023-10-2-16
17,9011012065200000,MANY_SEATS_AVAILABLE,MANY_SEATS_AVAILABLE,2023,10,2,0,0,1,3,9.1,0.0,28.2,100,1.1724,29,10,2023-10-2-17
18,9011012065200000,MANY_SEATS_AVAILABLE,MANY_SEATS_AVAILABLE,2023,10,2,0,0,1,3,8.9,0.0,28.7,100,0.8333,24,10,2023-10-2-18
19,9011012065200000,MANY_SEATS_AVAILABLE,MANY_SEATS_AVAILABLE,2023,10,2,0,0,1,4,9.0,0.0,26.6,100,0.9091,22,10,2023-10-2-19
20,9011012065200000,MANY_SEATS_AVAILABLE,MANY_SEATS_AVAILABLE,2023,10,2,0,0,1,4,9.0,0.0,27.1,100,0.913,23,10,2023-10-2-20
21,9011012065200000,MANY_SEATS_AVAILABLE,MANY_SEATS_AVAILABLE,2023,10,2,0,0,1,4,8.8,0.0,27.7,100,0.8333,18,10,2023-10-2-21
22,9011012065200000,MANY_SEATS_AVAILABLE,MANY_SEATS_AVAILABLE,2023,10,2,0,0,1,4,8.6,0.0,27.8,100,1.0,11,10,2023-10-2-22
23,9011012065200000,MANY_SEATS_AVAILABLE,MANY_SEATS_AVAILABLE,2023,10,2,0,0,1,0,8.6,0.0,28.3,100,1.0,3,10,2023-10-2-23
4,9011012065200000,MANY_SEATS_AVAILABLE,MANY_SEATS_AVAILABLE,2023,10,3,0,0,1,0,7.7,0.0,25.2,100,1.0,2,10,2023-10-3-04
5,9011012065200000,MANY_SEATS_AVAILABLE,MANY_SEATS_AVAILABLE,2023,10,3,0,0,1,1,7.6,0.0,25.2,100,0.8824,17,10,2023-10-3-05
6,9011012065200000,MANY_SEATS_AVAILABLE,MANY_SEATS_AVAILABLE,2023,10,3,0,0,1,1,7.5,0.1,23.6,100,1.0714,14,10,2023-10-3-06
7,9011012065200000,MANY_SEATS_AVAILABLE,MANY_SEATS_AVAILABLE,2023,10,3,0,0,1,1,7.3,0.2,22.5,100,1.1923,26,10,2023-10-3-07
8,9011012065200000,MANY_SEATS_AVAILABLE,MANY_SEATS_AVAILABLE,2023,10,3,0,0,1,1,7.4,0.1,22.1,100,1.25,28,10,2023-10-3-08
9,9011012065200000,MANY_SEATS_AVAILABLE,MANY_SEATS_AVAILABLE,2023,10,3,0,0,1,1,7.6,0.0,22.4,100,1.45,20,10,2023-10-3-09
10,9011012065200000,MANY_SEATS_AVAILABLE,MANY_SEATS_AVAILABLE,2023,10,3,0,0,1,2,7.7,0.1,22.7,100,1.0435,23,10,2023-10-3-10
11,9011012065200000,MANY_SEATS_AVAILABLE,MANY_SEATS_AVAILABLE,2023,10,3,0,0,1,2,7.9,0.0,22.0,100,0.7647,17,10,2023-10-3-11
12,9011012065200000,MANY_SEATS_AVAILABLE,MANY_SEATS_AVAILABLE,2023,10,3,0,0,1,2,8.2,0.0,21.9,100,1.0,16,10,2023-10-3-12
13,9011012065200000,MANY_SEATS_AVAILABLE,MANY_SEATS_AVAILABLE,2023,10,3,0,0,1,2,8.5,0.0,20.6,97,1.1333,15,10,2023-10-3-13
14,9011012065200000,MANY_SEATS_AVAILABLE,MANY_SEATS_AVAILABLE,2023,10,3,0,0,1,2,7.6,0.1,17.6,100,1.2424,33,10,2023-10-3-14
15,9011012065200000,MANY_SEATS_AVAILABLE,MANY_SEATS_AVAILABLE,2023,10,3,0,0,1,3,7.6,0.0,18.2,100,1.2667,30,10,2023-10-3-15
16,9011012065200000,MANY_SEATS_AVAILABLE,MANY_SEATS_AVAILABLE,2023,10,3,0,0,1,3,7.5,0.0,17.4,94,1.2,30,10,2023-10-3-16
17,9011012065200000,MANY_SEATS_AVAILABLE,MANY_SEATS_AVAILABLE,2023,10,3,0,0,1,3,7.1,0.0,18.0,96,1.2609,23,10,2023-10-3-17
18,9011012065200000,MANY_SEATS_AVAILABLE,MANY_SEATS_AVAILABLE,2023,10,3,0,0,1,3,6.7,0.0,17.6,100,1.0667,15,10,2023-10-3-18
19,9011012065200000,MANY_SEATS_AVAILABLE,MANY_SEATS_AVAILABLE,2023,10,3,0,0,1,4,6.4,0.0,17.1,98,0.7143,14,10,2023-10-3-19
20,9011012065200000,EMPTY,EMPTY,2023,10,3,0,0,1,4,6.4,0.0,17.6,100,0.8,15,10,2023-10-3-20
21,9011012065200000,MANY_SEATS_AVAILABLE,MANY_SEATS_AVAILABLE,2023,10,3,0,0,1,4,6.5,0.0,16.6,100,0.9091,11,10,2023-10-3-21
22,9011012065200000,MANY_SEATS_AVAILABLE,MANY_SEATS_AVAILABLE,2023,10,3,0,0,1,4,6.4,0.0,14.8,100,1.0,3,10,2023-10-3-22
4,9011012065200000,MANY_SEATS_AVAILABLE,MANY_SEATS_AVAILABLE,2023,10,4,0,0,1,0,6.4,0.0,17.3,100,1.0,3,10,2023-10-4-04
5,9011012065200000,MANY_SEATS_AVAILABLE,MANY_SEATS_AVAILABLE,2023,10,4,0,0,1,1,6.4,0.0,18.4,100,1.0,16,10,2023-10-4-05
6,9011012065200000,MANY_SEATS_AVAILABLE,MANY_SEATS_AVAILABLE,2023,10,4,0,0,1,1,6.4,0.0,18.8,100,0.8125,16,10,2023-10-4-06
7,9011012065200000,MANY_SEATS_AVAILABLE,MANY_SEATS_AVAILABLE,2023,10,4,0,0,1,1,6.4,0.0,19.8,100,1.3667,30,10,2023-10-4-07
8,9011012065200000,MANY_SEATS_AVAILABLE,MANY_SEATS_AVAILABLE,2023,10,4,0,0,1,1,6.4,0.0,19.4,94,1.2727,22,10,2023-10-4-08
9,9011012065200000,MANY_SEATS_AVAILABLE,MANY_SEATS_AVAILABLE,2023,10,4,0,0,1,1,6.7,0.0,19.7,67,1.2609,23,10,2023-10-4-09
10,9011012065200000,MANY_SEATS_AVAILABLE,MANY_SEATS_AVAILABLE,2023,10,4,0,0,1,2,7.2,0.0,23.1,81,0.9583,24,10,2023-10-4-10
11,9011012065200000,MANY_SEATS_AVAILABLE,MANY_SEATS_AVAILABLE,2023,10,4,0,0,1,2,7.7,0.0,21.7,98,1.5,14,10,2023-10-4-11
12,9011012065200000,MANY_SEATS_AVAILABLE,MANY_SEATS_AVAILABLE,2023,10,4,0,0,1,2,8.1,0.0,22.2,97,1.3125,16,10,2023-10-4-12
13,9011012065200000,MANY_SEATS_AVAILABLE,MANY_SEATS_AVAILABLE,2023,10,4,0,0,1,2,8.2,0.0,23.6,99,1.6154,13,10,2023-10-4-13
14,9011012065200000,MANY_SEATS_AVAILABLE,MANY_SEATS_AVAILABLE,2023,10,4,0,0,1,2,7.3,0.0,19.5,100,1.3125,32,10,2023-10-4-14
15,9011012065200000,MANY_SEATS_AVAILABLE,MANY_SEATS_AVAILABLE,2023,10,4,0,0,1,3,7.1,0.0,17.4,100,1.1471,34,10,2023-10-4-15
16,9011012065200000,MANY_SEATS_AVAILABLE,MANY_SEATS_AVAILABLE,2023,10,4,0,0,1,3,6.7,0.0,16.7,100,1.0667,30,10,2023-10-4-16
17,9011012065200000,MANY_SEATS_AVAILABLE,MANY_SEATS_AVAILABLE,2023,10,4,0,0,1,3,6.4,0.0,16.9,100,1.087,23,10,2023-10-4-17
18,9011012065200000,MANY_SEATS_AVAILABLE,MANY_SEATS_AVAILABLE,2023,10,4,0,0,1,3,6.3,0.0,17.4,100,1.0667,15,10,2023-10-4-18
19,9011012065200000,MANY_SEATS_AVAILABLE,MANY_SEATS_AVAILABLE,2023,10,4,0,0,1,4,6.2,0.0,17.7,100,0.9565,23,10,2023-10-4-19
20,9011012065200000,MANY_SEATS_AVAILABLE,MANY_SEATS_AVAILABLE,2023,10,4,0,0,1,4,6.0,0.0,17.9,100,0.9565,23,10,2023-10-4-20
21,9011012065200000,MANY_SEATS_AVAILABLE,MANY_SEATS_AVAILABLE,2023,10,4,0,0,1,4,5.8,0.0,17.2,100,1.0,17,10,2023-10-4-21
22,9011012065200000,MANY_SEATS_AVAILABLE,MANY_SEATS_AVAILABLE,2023,10,4,0,0,1,4,5.8,0.0,16.6,100,1.6667,12,10,2023-10-4-22
23,9011012065200000,MANY_SEATS_AVAILABLE,MANY_SEATS_AVAILABLE,2023,10,4,0,0,1,0,5.7,0.0,17.1,100,1.0,9,10,2023-10-4-23
0,9011012065200000,MANY_SEATS_AVAILABLE,MANY_SEATS_AVAILABLE,2023,10,5,1,0,0,0,5.5,0.0,17.9,99,1.125,8,10,2023-10-5-00
1,9011012065200000,EMPTY,EMPTY,2023,10,5,1,0,0,0,5.4,0.0,17.2,96,0.2,5,10,2023-10-5-01
5,9011012065200000,MANY_SEATS_AVAILABLE,MANY_SEATS_AVAILABLE,2023,10,5,1,0,0,1,5.2,0.0,17.8,100,1.0,6,10,2023-10-5-05
6,9011012065200000,MANY_SEATS_AVAILABLE,MANY_SEATS_AVAILABLE,2023,10,5,1,0,0,1,5.3,0.0,16.9,100,0.7273,11,10,2023-10-5-06
7,9011012065200000,MANY_SEATS_AVAILABLE,MANY_SEATS_AVAILABLE,2023,10,5,1,0,0,1,5.3,0.0,17.1,100,1.0,9,10,2023-10-5-07
8,9011012065200000,MANY_SEATS_AVAILABLE,MANY_SEATS_AVAILABLE,2023,10,5,1,0,0,1,5.4,0.0,17.7,100,1.0,5,10,2023-10-5-08
9,9011012065200000,MANY_SEATS_AVAILABLE,MANY_SEATS_AVAILABLE,2023,10,5,1,0,0,1,6.0,0.0,18.7,99,1.0,5,10,2023-10-5-09
10,9011012065200000,MANY_SEATS_AVAILABLE,MANY_SEATS_AVAILABLE,2023,10,5,1,0,0,2,6.4,0.0,18.8,95,1.1667,6,10,2023-10-5-10
11,9011012065200000,MANY_SEATS_AVAILABLE,MANY_SEATS_AVAILABLE,2023,10,5,1,0,0,2,7.3,0.0,19.4,100,1.0,6,10,2023-10-5-11
12,9011012065200000,MANY_SEATS_AVAILABLE,MANY_SEATS_AVAILABLE,2023,10,5,1,0,0,2,7.9,0.0,19.3,100,1.25,12,10,2023-10-5-12
13,9011012065200000,CROWDED,FEW_SEATS_AVAILABLE,2023,10,5,1,0,0,2,8.2,0.0,18.2,100,2.0,4,10,2023-10-5-13
14,9011012065200000,MANY_SEATS_AVAILABLE,MANY_SEATS_AVAILABLE,2023,10,5,1,0,0,2,7.7,0.0,19.4,100,0.8571,7,10,2023-10-5-14
15,9011012065200000,MANY_SEATS_AVAILABLE,MANY_SEATS_AVAILABLE,2023,10,5,1,0,0,3,7.5,0.0,18.8,100,1.1,10,10,2023-10-5-15
16,9011012065200000,MANY_SEATS_AVAILABLE,MANY_SEATS_AVAILABLE,2023,10,5,1,0,0,3,7.1,0.0,17.9,100,1.4,10,10,2023-10-5-16
17,9011012065200000,CROWDED,FEW_SEATS_AVAILABLE,2023,10,5,1,0,0,3,6.6,0.0,17.7,100,1.5455,11,10,2023-10-5-17
18,9011012065200000,MANY_SEATS_AVAILABLE,MANY_SEATS_AVAILABLE,2023,10,5,1,0,0,3,6.4,0.0,18.4,100,1.0,11,10,2023-10-5-18
19,9011012065200000,MANY_SEATS_AVAILABLE,MANY_SEATS_AVAILABLE,2023,10,5,1,0,0,4,6.6,0.0,18.9,100,1.0,9,10,2023-10-5-19
20,9011012065200000,MANY_SEATS_AVAILABLE,MANY_SEATS_AVAILABLE,2023,10,5,1,0,0,4,6.9,0.0,19.5,100,1.0,11,10,2023-10-5-20
21,9011012065200000,MANY_SEATS_AVAILABLE,MANY_SEATS_AVAILABLE,2023,10,5,1,0,0,4,7.0,0.0,19.7,100,0.9,10,10,2023-10-5-21
22,9011012065200000,MANY_SEATS_AVAILABLE,MANY_SEATS_AVAILABLE,2023,10,5,1,0,0,4,7.2,0.0,19.8,99,0.75,12,10,2023-10-5-22
23,9011012065200000,MANY_SEATS_AVAILABLE,MANY_SEATS_AVAILABLE,2023,10,5,1,0,0,0,7.4,0.0,20.7,100,0.6,5,10,2023-10-5-23
6,9011012065200000,MANY_SEATS_AVAILABLE,MANY_SEATS_AVAILABLE,2023,10,6,1,1,0,1,9.0,0.1,29.0,100,0.8571,7,10,2023-10-6-06
7,9011012065200000,MANY_SEATS_AVAILABLE,MANY_SEATS_AVAILABLE,2023,10,6,1,1,0,1,9.0,0.3,32.7,100,1.0,9,10,2023-10-6-07
8,9011012065200000,MANY_SEATS_AVAILABLE,MANY_SEATS_AVAILABLE,2023,10,6,1,1,0,1,9.1,0.6,31.4,100,0.6,10,10,2023-10-6-08
9,9011012065200000,MANY_SEATS_AVAILABLE,MANY_SEATS_AVAILABLE,2023,10,6,1,1,0,1,9.1,0.5,32.2,100,0.8,10,10,2023-10-6-09
10,9011012065200000,MANY_SEATS_AVAILABLE,MANY_SEATS_AVAILABLE,2023,10,6,1,1,0,2,9.3,2.0,33.2,100,1.0,4,10,2023-10-6-10
11,9011012065200000,MANY_SEATS_AVAILABLE,MANY_SEATS_AVAILABLE,2023,10,6,1,1,0,2,9.8,1.9,34.1,100,0.8571,7,10,2023-10-6-11
12,9011012065200000,MANY_SEATS_AVAILABLE,MANY_SEATS_AVAILABLE,2023,10,6,1,1,0,2,10.1,2.4,31.6,100,1.2,10,10,2023-10-6-12
13,9011012065200000,MANY_SEATS_AVAILABLE,MANY_SEATS_AVAILABLE,2023,10,6,1,1,0,2,11.1,1.4,24.6,95,1.0,5,10,2023-10-6-13
14,9011012065200000,MANY_SEATS_AVAILABLE,MANY_SEATS_AVAILABLE,2023,10,6,1,1,0,2,11.6,0.6,28.1,89,1.0,6,10,2023-10-6-14
15,9011012065200000,MANY_SEATS_AVAILABLE,MANY_SEATS_AVAILABLE,2023,10,6,1,1,0,3,11.5,0.0,24.2,60,1.1,10,10,2023-10-6-15
16,9011012065200000,MANY_SEATS_AVAILABLE,MANY_SEATS_AVAILABLE,2023,10,6,1,1,0,3,11.3,0.0,20.0,68,1.0,4,10,2023-10-6-16
18,9011012065200000,MANY_SEATS_AVAILABLE,MANY_SEATS_AVAILABLE,2023,10,6,1,1,0,3,11.1,0.0,17.3,97,1.0,6,10,2023-10-6-18
19,9011012065200000,MANY_SEATS_AVAILABLE,MANY_SEATS_AVAILABLE,2023,10,6,1,1,0,4,11.4,0.0,19.1,100,1.0,10,10,2023-10-6-19
20,9011012065200000,MANY_SEATS_AVAILABLE,MANY_SEATS_AVAILABLE,2023,10,6,1,1,0,4,11.5,0.0,19.2,93,1.2727,11,10,2023-10-6-20
21,9011012065200000,MANY_SEATS_AVAILABLE,MANY_SEATS_AVAILABLE,2023,10,6,1,1,0,4,11.3,0.0,19.8,100,1.0,10,10,2023-10-6-21
22,9011012065200000,MANY_SEATS_AVAILABLE,MANY_SEATS_AVAILABLE,2023,10,6,1,1,0,4,11.5,0.4,30.3,100,1.0,4,10,2023-10-6-22
4,9011012065200000,MANY_SEATS_AVAILABLE,MANY_SEATS_AVAILABLE,2023,10,0,0,0,1,0,10.2,0.0,23.4,92,0.6667,3,10,2023-10-0-04
5,9011012065200000,MANY_SEATS_AVAILABLE,MANY_SEATS_AVAILABLE,2023,10,0,0,0,1,1,10.4,0.1,24.0,46,0.7647,17,10,2023-10-0-05
6,9011012065200000,MANY_SEATS_AVAILABLE,MANY_SEATS_AVAILABLE,2023,10,0,0,0,1,1,10.5,0.3,29.9,100,0.913,23,10,2023-10-0-06
7,9011012065200000,MANY_SEATS_AVAILABLE,MANY_SEATS_AVAILABLE,2023,10,0,0,0,1,1,10.8,0.2,28.4,31,0.9333,30,10,2023-10-0-07
8,9011012065200000,MANY_SEATS_AVAILABLE,MANY_SEATS_AVAILABLE,2023,10,0,0,0,1,1,10.7,0.0,27.9,65,0.9688,32,10,2023-10-0-08
9,9011012065200000,MANY_SEATS_AVAILABLE,MANY_SEATS_AVAILABLE,2023,10,0,0,0,1,1,11.1,0.0,26.7,9,1.0,21,10,2023-10-0-09
10,9011012065200000,MANY_SEATS_AVAILABLE,MANY_SEATS_AVAILABLE,2023,10,0,0,0,1,2,11.5,0.0,28.3,4,1.0417,24,10,2023-10-0-10
11,9011012065200000,MANY_SEATS_AVAILABLE,MANY_SEATS_AVAILABLE,2023,10,0,0,0,1,2,11.9,0.0,26.1,11,0.9565,23,10,2023-10-0-11
12,9011012065200000,MANY_SEATS_AVAILABLE,MANY_SEATS_AVAILABLE,2023,10,0,0,0,1,2,12.2,0.0,26.1,2,1.3333,24,10,2023-10-0-12
13,9011012065200000,MANY_SEATS_AVAILABLE,MANY_SEATS_AVAILABLE,2023,10,0,0,0,1,2,12.3,0.0,23.7,0,1.08,25,10,2023-10-0-13
14,9011012065200000,MANY_SEATS_AVAILABLE,MANY_SEATS_AVAILABLE,2023,10,0,0,0,1,2,12.4,0.0,22.6,11,1.2333,30,10,2023-10-0-14
15,9011012065200000,MANY_SEATS_AVAILABLE,MANY_SEATS_AVAILABLE,2023,10,0,0,0,1,3,12.2,0.0,21.8,67,1.0,34,10,2023-10-0-15
16,9011012065200000,MANY_SEATS_AVAILABLE,MANY_SEATS_AVAILABLE,2023,10,0,0,0,1,3,11.6,0.0,25.0,100,1.0909,33,10,2023-10-0-16
17,9011012065200000,MANY_SEATS_AVAILABLE,MANY_SEATS_AVAILABLE,2023,10,0,0,0,1,3,11.6,0.0,26.8,95,1.2593,27,10,2023-10-0-17
18,9011012065200000,MANY_SEATS_AVAILABLE,MANY_SEATS_AVAILABLE,2023,10,0,0,0,1,3,11.6,0.0,26.9,15,0.8,20,10,2023-10-0-18
19,9011012065200000,MANY_SEATS_AVAILABLE,MANY_SEATS_AVAILABLE,2023,10,0,0,0,1,4,11.5,0.0,25.0,93,0.9167,24,10,2023-10-0-19
20,9011012065200000,MANY_SEATS_AVAILABLE,MANY_SEATS_AVAILABLE,2023,10,0,0,0,1,4,11.4,0.0,22.4,100,0.8261,23,10,2023-10-0-20
21,9011012065200000,MANY_SEATS_AVAILABLE,MANY_SEATS_AVAILABLE,2023,10,0,0,0,1,4,11.6,0.0,22.7,100,0.8824,17,10,2023-10-0-21
22,9011012065200000,MANY_SEATS_AVAILABLE,MANY_SEATS_AVAILABLE,2023,10,0,0,0,1,4,11.6,0.0,21.0,100,1.0,12,10,2023-10-0-22
23,9011012065200000,MANY_SEATS_AVAILABLE,MANY_SEATS_AVAILABLE,2023,10,0,0,0,1,0,11.5,0.0,18.2,100,1.0,3,10,2023-10-0-23
4,9011012065200000,MANY_SEATS_AVAILABLE,MANY_SEATS_AVAILABLE,2023,10,1,0,0,1,0,9.9,0.8,7.9,100,1.0,3,10,2023-10-1-04
5,9011012065200000,MANY_SEATS_AVAILABLE,MANY_SEATS_AVAILABLE,2023,10,1,0,0,1,1,10.0,1.3,10.8,100,0.8571,14,10,2023-10-1-05
6,9011012065200000,MANY_SEATS_AVAILABLE,MANY_SEATS_AVAILABLE,2023,10,1,0,0,1,1,10.1,1.4,10.5,100,1.3333,24,10,2023-10-1-06
7,9011012065200000,MANY_SEATS_AVAILABLE,MANY_SEATS_AVAILABLE,2023,10,1,0,0,1,1,10.1,1.5,8.0,100,1.0312,32,10,2023-10-1-07
8,9011012065200000,MANY_SEATS_AVAILABLE,MANY_SEATS_AVAILABLE,2023,10,1,0,0,1,1,10.1,1.9,8.5,100,1.0,32,10,2023-10-1-08
9,9011012065200000,MANY_SEATS_AVAILABLE,MANY_SEATS_AVAILABLE,2023,10,1,0,0,1,1,10.1,1.3,9.4,100,0.92,25,10,2023-10-1-09
10,9011012065200000,MANY_SEATS_AVAILABLE,MANY_SEATS_AVAILABLE,2023,10,1,0,0,1,2,10.2,1.2,8.2,100,0.9,20,10,2023-10-1-10
11,9011012065200000,MANY_SEATS_AVAILABLE,MANY_SEATS_AVAILABLE,2023,10,1,0,0,1,2,10.4,0.8,7.6,100,0.9545,22,10,2023-10-1-11
12,9011012065200000,MANY_SEATS_AVAILABLE,MANY_SEATS_AVAILABLE,2023,10,1,0,0,1,2,10.6,1.4,10.3,100,1.2727,22,10,2023-10-1-12
13,9011012065200000,MANY_SEATS_AVAILABLE,MANY_SEATS_AVAILABLE,2023,10,1,0,0,1,2,10.1,2.8,20.1,100,0.92,25,10,2023-10-1-13
14,9011012065200000,MANY_SEATS_AVAILABLE,MANY_SEATS_AVAILABLE,2023,10,1,0,0,1,2,9.8,3.5,21.1,100,1.0,31,10,2023-10-1-14
15,9011012065200000,MANY_SEATS_AVAILABLE,MANY_SEATS_AVAILABLE,2023,10,1,0,0,1,3,7.7,1.3,38.6,100,0.7692,39,10,2023-10-1-15
16,9011012065200000,MANY_SEATS_AVAILABLE,MANY_SEATS_AVAILABLE,2023,10,1,0,0,1,3,7.3,1.1,41.3,100,1.0882,34,10,2023-10-1-16
17,9011012065200000,MANY_SEATS_AVAILABLE,MANY_SEATS_AVAILABLE,2023,10,1,0,0,1,3,6.9,1.6,36.2,100,1.2222,27,10,2023-10-1-17
18,9011012065200000,MANY_SEATS_AVAILABLE,MANY_SEATS_AVAILABLE,2023,10,1,0,0,1,3,6.8,0.9,34.4,100,1.0952,21,10,2023-10-1-18
19,9011012065200000,MANY_SEATS_AVAILABLE,MANY_SEATS_AVAILABLE,2023,10,1,0,0,1,4,6.8,0.1,32.6,100,0.7826,23,10,2023-10-1-19
20,9011012065200000,MANY_SEATS_AVAILABLE,MANY_SEATS_AVAILABLE,2023,10,1,0,0,1,4,6.7,0.0,29.4,100,0.9545,22,10,2023-10-1-20
21,9011012065200000,MANY_SEATS_AVAILABLE,MANY_SEATS_AVAILABLE,2023,10,1,0,0,1,4,6.6,0.0,28.7,99,0.8235,17,10,2023-10-1-21
22,9011012065200000,MANY_SEATS_AVAILABLE,MANY_SEATS_AVAILABLE,2023,10,1,0,0,1,4,6.6,0.0,28.1,100,0.9,10,10,2023-10-1-22
23,9011012065200000,MANY_SEATS_AVAILABLE,MANY_SEATS_AVAILABLE,2023,10,1,0,0,1,0,6.6,0.0,27.6,100,1.0,10,10,2023-10-1-23
4,9011012065200000,MANY_SEATS_AVAILABLE,MANY_SEATS_AVAILABLE,2023,12,0,0,0,1,0,3.8,0.3,13.6,100,1.0,9,10,2023-12-0-04
5,9011012065200000,MANY_SEATS_AVAILABLE,MANY_SEATS_AVAILABLE,2023,12,0,0,0,1,1,3.9,0.3,11.5,100,0.875,24,10,2023-12-0-05
6,9011012065200000,MANY_SEATS_AVAILABLE,MANY_SEATS_AVAILABLE,2023,12,0,0,0,1,1,3.7,0.3,9.4,100,0.8889,27,10,2023-12-0-06
7,9011012065200000,MANY_SEATS_AVAILABLE,MANY_SEATS_AVAILABLE,2023,12,0,0,0,1,1,3.6,0.2,6.5,100,1.3077,39,10,2023-12-0-07
8,9011012065200000,MANY_SEATS_AVAILABLE,MANY_SEATS_AVAILABLE,2023,12,0,0,0,1,1,3.5,0.3,5.8,100,1.4194,31,10,2023-12-0-08
9,9011012065200000,MANY_SEATS_AVAILABLE,MANY_SEATS_AVAILABLE,2023,12,0,0,0,1,1,3.4,0.2,6.5,100,1.0714,14,10,2023-12-0-09
10,9011012065200000,MANY_SEATS_AVAILABLE,MANY_SEATS_AVAILABLE,2023,12,0,0,0,1,2,3.4,0.1,6.9,100,0.9,10,10,2023-12-0-10
11,9011012065200000,MANY_SEATS_AVAILABLE,MANY_SEATS_AVAILABLE,2023,12,0,0,0,1,2,3.7,0.0,8.8,100,0.9412,17,10,2023-12-0-11
12,9011012065200000,MANY_SEATS_AVAILABLE,MANY_SEATS_AVAILABLE,2023,12,0,0,0,1,2,4.0,0.0,11.2,100,0.913,23,10,2023-12-0-12
13,9011012065200000,MANY_SEATS_AVAILABLE,MANY_SEATS_AVAILABLE,2023,12,0,0,0,1,2,4.1,0.0,12.6,100,1.0556,18,10,2023-12-0-13
14,9011012065200000,MANY_SEATS_AVAILABLE,MANY_SEATS_AVAILABLE,2023,12,0,0,0,1,2,3.9,0.0,11.2,100,1.6,25,10,2023-12-0-14
15,9011012065200000,MANY_SEATS_AVAILABLE,MANY_SEATS_AVAILABLE,2023,12,0,0,0,1,3,3.4,0.0,12.0,100,1.1333,30,10,2023-12-0-15
16,9011012065200000,MANY_SEATS_AVAILABLE,MANY_SEATS_AVAILABLE,2023,12,0,0,0,1,3,2.8,0.0,13.6,100,1.24,25,10,2023-12-0-16
17,9011012065200000,MANY_SEATS_AVAILABLE,MANY_SEATS_AVAILABLE,2023,12,0,0,0,1,3,2.5,0.0,14.6,100,1.0769,13,10,2023-12-0-17
18,9011012065200000,MANY_SEATS_AVAILABLE,MANY_SEATS_AVAILABLE,2023,12,0,0,0,1,3,2.4,0.0,13.0,100,1.0,11,10,2023-12-0-18
19,9011012065200000,MANY_SEATS_AVAILABLE,MANY_SEATS_AVAILABLE,2023,12,0,0,0,1,4,2.4,0.0,13.3,100,1.4375,16,10,2023-12-0-19
20,9011012065200000,MANY_SEATS_AVAILABLE,MANY_SEATS_AVAILABLE,2023,12,0,0,0,1,4,2.4,0.0,15.1,100,1.125,16,10,2023-12-0-20
21,9011012065200000,MANY_SEATS_AVAILABLE,MANY_SEATS_AVAILABLE,2023,12,0,0,0,1,4,2.3,0.0,17.1,100,1.0,14,10,2023-12-0-21
22,9011012065200000,MANY_SEATS_AVAILABLE,MANY_SEATS_AVAILABLE,2023,12,0,0,0,1,4,2.4,0.0,17.6,100,0.7143,14,10,2023-12-0-22
23,9011012065200000,MANY_SEATS_AVAILABLE,MANY_SEATS_AVAILABLE,2023,12,0,0,0,1,0,2.3,0.0,15.3,100,0.5455,11,10,2023-12-0-23
4,9011012065200000,MANY_SEATS_AVAILABLE,MANY_SEATS_AVAILABLE,2023,12,1,0,0,1,0,1.6,0.0,12.5,100,1.0,7,10,2023-12-1-04
5,9011012065200000,MANY_SEATS_AVAILABLE,MANY_SEATS_AVAILABLE,2023,12,1,0,0,1,1,1.6,0.0,11.5,100,0.9231,26,10,2023-12-1-05
6,9011012065200000,MANY_SEATS_AVAILABLE,MANY_SEATS_AVAILABLE,2023,12,1,0,0,1,1,1.5,0.0,12.7,100,1.0645,31,10,2023-12-1-06
7,9011012065200000,MANY_SEATS_AVAILABLE,MANY_SEATS_AVAILABLE,2023,12,1,0,0,1,1,1.2,0.0,13.5,100,1.5882,51,10,2023-12-1-07
8,9011012065200000,MANY_SEATS_AVAILABLE,MANY_SEATS_AVAILABLE,2023,12,1,0,0,1,1,1.1,0.0,12.2,100,1.8605,43,10,2023-12-1-08
9,9011012065200000,MANY_SEATS_AVAILABLE,MANY_SEATS_AVAILABLE,2023,12,1,0,0,1,1,1.1,0.0,11.9,100,1.3438,32,10,2023-12-1-09
10,9011012065200000,MANY_SEATS_AVAILABLE,MANY_SEATS_AVAILABLE,2023,12,1,0,0,1,2,1.1,0.0,11.9,100,1.04,25,10,2023-12-1-10
11,9011012065200000,MANY_SEATS_AVAILABLE,MANY_SEATS_AVAILABLE,2023,12,1,0,0,1,2,1.2,0.0,12.6,100,0.9583,24,10,2023-12-1-11
12,9011012065200000,MANY_SEATS_AVAILABLE,MANY_SEATS_AVAILABLE,2023,12,1,0,0,1,2,1.2,0.0,13.3,100,1.08,25,10,2023-12-1-12
13,9011012065200000,MANY_SEATS_AVAILABLE,MANY_SEATS_AVAILABLE,2023,12,1,0,0,1,2,1.4,0.0,12.8,100,1.1481,27,10,2023-12-1-13
14,9011012065200000,MANY_SEATS_AVAILABLE,MANY_SEATS_AVAILABLE,2023,12,1,0,0,1,2,1.3,0.0,12.4,100,1.5909,44,10,2023-12-1-14
15,9011012065200000,MANY_SEATS_AVAILABLE,MANY_SEATS_AVAILABLE,2023,12,1,0,0,1,3,1.1,0.0,12.8,90,1.7292,48,10,2023-12-1-15
16,9011012065200000,MANY_SEATS_AVAILABLE,MANY_SEATS_AVAILABLE,2023,12,1,0,0,1,3,0.9,0.0,12.4,88,1.1064,47,10,2023-12-1-16
17,9011012065200000,MANY_SEATS_AVAILABLE,MANY_SEATS_AVAILABLE,2023,12,1,0,0,1,3,0.8,0.0,14.1,93,1.3103,29,10,2023-12-1-17
18,9011012065200000,MANY_SEATS_AVAILABLE,MANY_SEATS_AVAILABLE,2023,12,1,0,0,1,3,0.7,0.0,14.7,100,1.037,27,10,2023-12-1-18
19,9011012065200000,MANY_SEATS_AVAILABLE,MANY_SEATS_AVAILABLE,2023,12,1,0,0,1,4,0.5,0.0,15.7,99,0.8095,21,10,2023-12-1-19
20,9011012065200000,MANY_SEATS_AVAILABLE,MANY_SEATS_AVAILABLE,2023,12,1,0,0,1,4,0.4,0.0,16.6,100,0.8261,23,10,2023-12-1-20
21,9011012065200000,MANY_SEATS_AVAILABLE,MANY_SEATS_AVAILABLE,2023,12,1,0,0,1,4,0.4,0.0,17.9,100,0.6429,14,10,2023-12-1-21
22,9011012065200000,MANY_SEATS_AVAILABLE,MANY_SEATS_AVAILABLE,2023,12,1,0,0,1,4,0.3,0.0,18.3,100,1.0,11,10,2023-12-1-22
23,9011012065200000,EMPTY,EMPTY,2023,12,1,0,0,1,0,0.1,0.0,19.0,100,0.1667,6,10,2023-12-1-23
5,9011012065200000,MANY_SEATS_AVAILABLE,MANY_SEATS_AVAILABLE,2024,1,0,0,1,0,1,4.2,0.0,15.3,75,1.0,4,10,2024-01-0-05
6,9011012065200000,MANY_SEATS_AVAILABLE,MANY_SEATS_AVAILABLE,2024,1,0,0,1,0,1,4.5,0.0,16.1,100,0.6667,12,10,2024-01-0-06
7,9011012065200000,MANY_SEATS_AVAILABLE,MANY_SEATS_AVAILABLE,2024,1,0,0,1,0,1,4.5,0.0,15.6,100,0.8462,13,10,2024-01-0-07
8,9011012065200000,MANY_SEATS_AVAILABLE,MANY_SEATS_AVAILABLE,2024,1,0,0,1,0,1,4.8,0.0,15.1,66,1.0,12,10,2024-01-0-08
9,9011012065200000,MANY_SEATS_AVAILABLE,MANY_SEATS_AVAILABLE,2024,1,0,0,1,0,1,4.4,0.0,13.1,80,0.5,12,10,2024-01-0-09
10,9011012065200000,EMPTY,EMPTY,2024,1,0,0,1,0,2,4.6,0.0,13.7,100,0.3636,11,10,2024-01-0-10
11,9011012065200000,MANY_SEATS_AVAILABLE,MANY_SEATS_AVAILABLE,2024,1,0,0,1,0,2,4.8,0.1,13.3,100,0.9091,11,10,2024-01-0-11
12,9011012065200000,MANY_SEATS_AVAILABLE,MANY_SEATS_AVAILABLE,2024,1,0,0,1,0,2,5.0,0.1,13.7,100,0.7692,13,10,2024-01-0-12
13,9011012065200000,MANY_SEATS_AVAILABLE,MANY_SEATS_AVAILABLE,2024,1,0,0,1,0,2,5.0,0.3,14.1,100,1.0,11,10,2024-01-0-13
14,9011012065200000,MANY_SEATS_AVAILABLE,MANY_SEATS_AVAILABLE,2024,1,0,0,1,0,2,5.3,0.1,14.3,100,1.0769,13,10,2024-01-0-14
15,9011012065200000,MANY_SEATS_AVAILABLE,MANY_SEATS_AVAILABLE,2024,1,0,0,1,0,3,5.1,0.2,15.7,100,0.9091,11,10,2024-01-0-15
16,9011012065200000,MANY_SEATS_AVAILABLE,MANY_SEATS_AVAILABLE,2024,1,0,0,1,0,3,4.6,0.0,14.8,100,0.7692,13,10,2024-01-0-16
17,9011012065200000,MANY_SEATS_AVAILABLE,MANY_SEATS_AVAILABLE,2024,1,0,0,1,0,3,4.6,0.1,15.9,100,0.9167,12,10,2024-01-0-17
18,9011012065200000,MANY_SEATS_AVAILABLE,MANY_SEATS_AVAILABLE,2024,1,0,0,1,0,3,4.5,0.4,17.3,100,0.9231,13,10,2024-01-0-18
19,9011012065200000,MANY_SEATS_AVAILABLE,MANY_SEATS_AVAILABLE,2024,1,0,0,1,0,4,4.5,0.7,16.1,100,0.9167,12,10,2024-01-0-19
20,9011012065200000,MANY_SEATS_AVAILABLE,MANY_SEATS_AVAILABLE,2024,1,0,0,1,0,4,4.3,0.7,14.7,100,0.6154,13,10,2024-01-0-20
21,9011012065200000,MANY_SEATS_AVAILABLE,MANY_SEATS_AVAILABLE,2024,1,0,0,1,0,4,4.3,0.3,14.7,100,0.9091,11,10,2024-01-0-21
22,9011012065200000,MANY_SEATS_AVAILABLE,MANY_SEATS_AVAILABLE,2024,1,0,0,1,0,4,4.3,0.3,14.8,100,1.0,8,10,2024-01-0-22
4,9011012065200000,EMPTY,EMPTY,2024,1,1,0,0,1,0,3.2,0.1,28.6,100,0.0,8,10,2024-01-1-04
5,9011012065200000,MANY_SEATS_AVAILABLE,MANY_SEATS_AVAILABLE,2024,1,1,0,0,1,1,3.2,0.2,29.4,100,0.75,24,10,2024-01-1-05
6,9011012065200000,MANY_SEATS_AVAILABLE,MANY_SEATS_AVAILABLE,2024,1,1,0,0,1,1,3.1,0.0,30.1,100,1.0,31,10,2024-01-1-06
7,9011012065200000,MANY_SEATS_AVAILABLE,MANY_SEATS_AVAILABLE,2024,1,1,0,0,1,1,3.0,0.0,31.1,100,0.8868,53,10,2024-01-1-07
8,9011012065200000,MANY_SEATS_AVAILABLE,MANY_SEATS_AVAILABLE,2024,1,1,0,0,1,1,2.9,0.0,32.4,100,0.9787,47,10,2024-01-1-08
9,9011012065200000,MANY_SEATS_AVAILABLE,MANY_SEATS_AVAILABLE,2024,1,1,0,0,1,1,2.8,0.0,33.9,100,0.9667,30,10,2024-01-1-09
10,9011012065200000,MANY_SEATS_AVAILABLE,MANY_SEATS_AVAILABLE,2024,1,1,0,0,1,2,2.9,0.0,33.9,100,0.9545,22,10,2024-01-1-10
11,9011012065200000,MANY_SEATS_AVAILABLE,MANY_SEATS_AVAILABLE,2024,1,1,0,0,1,2,2.9,0.0,35.3,100,0.92,25,10,2024-01-1-11
12,9011012065200000,MANY_SEATS_AVAILABLE,MANY_SEATS_AVAILABLE,2024,1,1,0,0,1,2,3.0,0.1,35.7,100,0.9167,24,10,2024-01-1-12
13,9011012065200000,MANY_SEATS_AVAILABLE,MANY_SEATS_AVAILABLE,2024,1,1,0,0,1,2,3.0,0.1,34.6,100,0.9615,26,10,2024-01-1-13
14,9011012065200000,MANY_SEATS_AVAILABLE,MANY_SEATS_AVAILABLE,2024,1,1,0,0,1,2,2.0,0.0,34.0,100,1.0,37,10,2024-01-1-14
15,9011012065200000,MANY_SEATS_AVAILABLE,MANY_SEATS_AVAILABLE,2024,1,1,0,0,1,3,2.0,0.0,35.8,100,0.9583,48,10,2024-01-1-15
16,9011012065200000,MANY_SEATS_AVAILABLE,MANY_SEATS_AVAILABLE,2024,1,1,0,0,1,3,2.0,0.0,36.8,100,1.0732,41,10,2024-01-1-16
17,9011012065200000,MANY_SEATS_AVAILABLE,MANY_SEATS_AVAILABLE,2024,1,1,0,0,1,3,2.0,0.0,37.5,100,0.9259,27,10,2024-01-1-17
18,9011012065200000,MANY_SEATS_AVAILABLE,MANY_SEATS_AVAILABLE,2024,1,1,0,0,1,3,1.9,0.0,38.9,100,0.9583,24,10,2024-01-1-18
19,9011012065200000,MANY_SEATS_AVAILABLE,MANY_SEATS_AVAILABLE,2024,1,1,0,0,1,4,1.9,0.0,40.0,100,0.8696,23,10,2024-01-1-19
20,9011012065200000,MANY_SEATS_AVAILABLE,MANY_SEATS_AVAILABLE,2024,1,1,0,0,1,4,2.0,0.0,39.2,100,0.9583,24,10,2024-01-1-20
21,9011012065200000,MANY_SEATS_AVAILABLE,MANY_SEATS_AVAILABLE,2024,1,1,0,0,1,4,2.1,0.1,40.4,100,1.0,14,10,2024-01-1-21
22,9011012065200000,MANY_SEATS_AVAILABLE,MANY_SEATS_AVAILABLE,2024,1,1,0,0,1,4,2.1,0.2,41.1,100,1.0,11,10,2024-01-1-22
23,9011012065200000,MANY_SEATS_AVAILABLE,MANY_SEATS_AVAILABLE,2024,1,1,0,0,1,0,2.2,0.2,40.7,100,0.6667,6,10,2024-01-1-23
4,9011012065200000,EMPTY,EMPTY,2024,1,2,0,0,1,0,1.6,1.0,41.8,100,0.2857,7,10,2024-01-2-04
5,9011012065200000,MANY_SEATS_AVAILABLE,MANY_SEATS_AVAILABLE,2024,1,2,0,0,1,1,1.6,1.0,41.8,100,0.5625,16,10,2024-01-2-05
6,9011012065200000,MANY_SEATS_AVAILABLE,MANY_SEATS_AVAILABLE,2024,1,2,0,0,1,1,1.6,1.0,41.0,100,0.9565,23,10,2024-01-2-06
7,9011012065200000,MANY_SEATS_AVAILABLE,MANY_SEATS_AVAILABLE,2024,1,2,0,0,1,1,1.5,0.8,42.5,100,0.775,40,10,2024-01-2-07
8,9011012065200000,MANY_SEATS_AVAILABLE,MANY_SEATS_AVAILABLE,2024,1,2,0,0,1,1,1.6,0.5,42.5,100,0.9444,36,10,2024-01-2-08
9,9011012065200000,MANY_SEATS_AVAILABLE,MANY_SEATS_AVAILABLE,2024,1,2,0,0,1,1,1.7,0.3,42.1,100,1.0,27,10,2024-01-2-09
10,9011012065200000,MANY_SEATS_AVAILABLE,MANY_SEATS_AVAILABLE,2024,1,2,0,0,1,2,1.7,0.4,42.1,100,0.7778,18,10,2024-01-2-10
11,9011012065200000,MANY_SEATS_AVAILABLE,MANY_SEATS_AVAILABLE,2024,1,2,0,0,1,2,1.7,0.5,42.5,100,0.8889,18,10,2024-01-2-11
12,9011012065200000,MANY_SEATS_AVAILABLE,MANY_SEATS_AVAILABLE,2024,1,2,0,0,1,2,1.7,0.5,42.6,100,0.8824,17,10,2024-01-2-12
13,9011012065200000,MANY_SEATS_AVAILABLE,MANY_SEATS_AVAILABLE,2024,1,2,0,0,1,2,1.6,0.6,42.9,100,1.2222,18,10,2024-01-2-13
14,9011012065200000,MANY_SEATS_AVAILABLE,MANY_SEATS_AVAILABLE,2024,1,2,0,0,1,2,1.5,0.5,43.2,100,1.0645,31,10,2024-01-2-14
15,9011012065200000,MANY_SEATS_AVAILABLE,MANY_SEATS_AVAILABLE,2024,1,2,0,0,1,3,1.4,0.6,43.9,100,1.119,42,10,2024-01-2-15
16,9011012065200000,MANY_SEATS_AVAILABLE,MANY_SEATS_AVAILABLE,2024,1,2,0,0,1,3,1.3,0.8,43.9,100,0.9167,36,10,2024-01-2-16
17,9011012065200000,MANY_SEATS_AVAILABLE,MANY_SEATS_AVAILABLE,2024,1,2,0,0,1,3,1.1,0.8,44.7,100,0.92,25,10,2024-01-2-17
18,9011012065200000,MANY_SEATS_AVAILABLE,MANY_SEATS_AVAILABLE,2024,1,2,0,0,1,3,1.0,0.9,44.7,100,0.7692,26,10,2024-01-2-18
19,9011012065200000,MANY_SEATS_AVAILABLE,MANY_SEATS_AVAILABLE,2024,1,2,0,0,1,4,0.9,1.0,43.6,100,0.7917,24,10,2024-01-2-19
20,9011012065200000,MANY_SEATS_AVAILABLE,MANY_SEATS_AVAILABLE,2024,1,2,0,0,1,4,0.8,0.6,42.5,100,0.8421,19,10,2024-01-2-20
21,9011012065200000,MANY_SEATS_AVAILABLE,MANY_SEATS_AVAILABLE,2024,1,2,0,0,1,4,0.8,0.3,41.8,100,1.125,8,10,2024-01-2-21
22,9011012065200000,MANY_SEATS_AVAILABLE,MANY_SEATS_AVAILABLE,2024,1,2,0,0,1,4,0.7,0.2,41.5,100,1.0,6,10,2024-01-2-22
4,9011012065200000,EMPTY,EMPTY,2024,1,3,0,0,1,0,-1.0,0.4,39.3,100,0.0,4,10,2024-01-3-04
5,9011012065200000,MANY_SEATS_AVAILABLE,MANY_SEATS_AVAILABLE,2024,1,3,0,0,1,1,-1.3,0.3,37.7,100,0.6,20,10,2024-01-3-05
6,9011012065200000,MANY_SEATS_AVAILABLE,MANY_SEATS_AVAILABLE,2024,1,3,0,0,1,1,-1.7,0.1,35.5,100,0.9714,35,10,2024-01-3-06
7,9011012065200000,MANY_SEATS_AVAILABLE,MANY_SEATS_AVAILABLE,2024,1,3,0,0,1,1,-2.2,0.1,34.7,100,0.975,40,10,2024-01-3-07
8,9011012065200000,MANY_SEATS_AVAILABLE,MANY_SEATS_AVAILABLE,2024,1,3,0,0,1,1,-2.8,0.1,34.0,100,1.0,38,10,2024-01-3-08
9,9011012065200000,MANY_SEATS_AVAILABLE,MANY_SEATS_AVAILABLE,2024,1,3,0,0,1,1,-3.0,0.1,31.1,100,1.0,20,10,2024-01-3-09
10,9011012065200000,MANY_SEATS_AVAILABLE,MANY_SEATS_AVAILABLE,2024,1,3,0,0,1,2,-3.1,0.0,30.1,100,0.9167,12,10,2024-01-3-10
11,9011012065200000,MANY_SEATS_AVAILABLE,MANY_SEATS_AVAILABLE,2024,1,3,0,0,1,2,-3.1,0.0,27.6,99,1.0,17,10,2024-01-3-11
12,9011012065200000,MANY_SEATS_AVAILABLE,MANY_SEATS_AVAILABLE,2024,1,3,0,0,1,2,-3.1,0.0,26.4,100,0.8462,13,10,2024-01-3-12
13,9011012065200000,MANY_SEATS_AVAILABLE,MANY_SEATS_AVAILABLE,2024,1,3,0,0,1,2,-3.2,0.0,26.1,77,0.9,30,10,2024-01-3-13
14,9011012065200000,MANY_SEATS_AVAILABLE,MANY_SEATS_AVAILABLE,2024,1,3,0,0,1,2,-3.2,0.0,24.9,100,0.8485,33,10,2024-01-3-14
15,9011012065200000,MANY_SEATS_AVAILABLE,MANY_SEATS_AVAILABLE,2024,1,3,0,0,1,3,-3.4,0.0,22.9,92,1.0,30,10,2024-01-3-15
16,9011012065200000,MANY_SEATS_AVAILABLE,MANY_SEATS_AVAILABLE,2024,1,3,0,0,1,3,-3.7,0.0,21.7,72,1.1111,27,10,2024-01-3-16
17,9011012065200000,MANY_SEATS_AVAILABLE,MANY_SEATS_AVAILABLE,2024,1,3,0,0,1,3,-3.8,0.0,21.6,59,0.9048,21,10,2024-01-3-17
18,9011012065200000,MANY_SEATS_AVAILABLE,MANY_SEATS_AVAILABLE,2024,1,3,0,0,1,3,-4.0,0.0,19.2,58,0.7647,17,10,2024-01-3-18
19,9011012065200000,EMPTY,EMPTY,2024,1,3,0,0,1,4,-4.1,0.0,17.9,100,0.4286,14,10,2024-01-3-19
20,9011012065200000,MANY_SEATS_AVAILABLE,MANY_SEATS_AVAILABLE,2024,1,3,0,0,1,4,-4.3,0.0,18.2,100,0.6364,22,10,2024-01-3-20
21,9011012065200000,MANY_SEATS_AVAILABLE,MANY_SEATS_AVAILABLE,2024,1,3,0,0,1,4,-5.1,0.0,19.0,100,0.8571,14,10,2024-01-3-21
22,9011012065200000,MANY_SEATS_AVAILABLE,MANY_SEATS_AVAILABLE,2024,1,3,0,0,1,4,-6.2,0.0,17.9,90,0.6364,11,10,2024-01-3-22
23,9011012065200000,MANY_SEATS_AVAILABLE,MANY_SEATS_AVAILABLE,2024,1,3,0,0,1,0,-6.9,0.0,16.6,16,1.0,6,10,2024-01-3-23
4,9011012065200000,MANY_SEATS_AVAILABLE,MANY_SEATS_AVAILABLE,2024,1,4,0,0,1,0,-8.3,0.0,13.8,2,0.5,8,10,2024-01-4-04
5,9011012065200000,MANY_SEATS_AVAILABLE,MANY_SEATS_AVAILABLE,2024,1,4,0,0,1,1,-8.7,0.0,13.0,2,0.6364,22,10,2024-01-4-05
6,9011012065200000,MANY_SEATS_AVAILABLE,MANY_SEATS_AVAILABLE,2024,1,4,0,0,1,1,-9.0,0.0,12.4,7,0.9118,34,10,2024-01-4-06
7,9011012065200000,MANY_SEATS_AVAILABLE,MANY_SEATS_AVAILABLE,2024,1,4,0,0,1,1,-9.4,0.0,15.7,84,0.898,49,10,2024-01-4-07
8,9011012065200000,MANY_SEATS_AVAILABLE,MANY_SEATS_AVAILABLE,2024,1,4,0,0,1,1,-9.6,0.0,16.6,100,0.8542,48,10,2024-01-4-08
9,9011012065200000,MANY_SEATS_AVAILABLE,MANY_SEATS_AVAILABLE,2024,1,4,0,0,1,1,-9.8,0.0,17.2,84,0.8462,26,10,2024-01-4-09
10,9011012065200000,MANY_SEATS_AVAILABLE,MANY_SEATS_AVAILABLE,2024,1,4,0,0,1,2,-9.9,0.0,17.7,100,1.0455,22,10,2024-01-4-10
11,9011012065200000,MANY_SEATS_AVAILABLE,MANY_SEATS_AVAILABLE,2024,1,4,0,0,1,2,-9.4,0.0,16.9,100,1.0,26,10,2024-01-4-11
12,9011012065200000,MANY_SEATS_AVAILABLE,MANY_SEATS_AVAILABLE,2024,1,4,0,0,1,2,-9.1,0.0,15.3,100,0.9545,22,10,2024-01-4-12
13,9011012065200000,MANY_SEATS_AVAILABLE,MANY_SEATS_AVAILABLE,2024,1,4,0,0,1,2,-8.7,0.0,15.0,100,1.0,29,10,2024-01-4-13
14,9011012065200000,MANY_SEATS_AVAILABLE,MANY_SEATS_AVAILABLE,2024,1,4,0,0,1,2,-8.7,0.0,16.6,100,0.8667,45,10,2024-01-4-14
15,9011012065200000,MANY_SEATS_AVAILABLE,MANY_SEATS_AVAILABLE,2024,1,4,0,0,1,3,-7.9,0.0,16.3,100,0.92,50,10,2024-01-4-15
16,9011012065200000,MANY_SEATS_AVAILABLE,MANY_SEATS_AVAILABLE,2024,1,4,0,0,1,3,-7.7,0.0,17.5,100,0.9767,43,10,2024-01-4-16
17,9011012065200000,MANY_SEATS_AVAILABLE,MANY_SEATS_AVAILABLE,2024,1,4,0,0,1,3,-6.9,0.0,18.8,100,0.8077,26,10,2024-01-4-17
18,9011012065200000,MANY_SEATS_AVAILABLE,MANY_SEATS_AVAILABLE,2024,1,4,0,0,1,3,-5.9,0.0,20.9,100,0.8261,23,10,2024-01-4-18
19,9011012065200000,MANY_SEATS_AVAILABLE,MANY_SEATS_AVAILABLE,2024,1,4,0,0,1,4,-5.3,0.0,20.5,99,0.6957,23,10,2024-01-4-19
20,9011012065200000,MANY_SEATS_AVAILABLE,MANY_SEATS_AVAILABLE,2024,1,4,0,0,1,4,-5.1,0.0,19.9,95,0.7391,23,10,2024-01-4-20
21,9011012065200000,MANY_SEATS_AVAILABLE,MANY_SEATS_AVAILABLE,2024,1,4,0,0,1,4,-5.2,0.0,19.6,100,0.7143,14,10,2024-01-4-21
22,9011012065200000,MANY_SEATS_AVAILABLE,MANY_SEATS_AVAILABLE,2024,1,4,0,0,1,4,-4.8,0.0,18.7,100,0.7273,11,10,2024-01-4-22
23,9011012065200000,MANY_SEATS_AVAILABLE,MANY_SEATS_AVAILABLE,2024,1,4,0,0,1,0,-4.2,0.0,18.4,99,0.8182,11,10,2024-01-4-23
0,9011012065200000,MANY_SEATS_AVAILABLE,MANY_SEATS_AVAILABLE,2024,1,5,1,1,0,0,-3.9,0.0,20.9,100,0.9091,11,10,2024-01-5-00
1,9011012065200000,EMPTY,EMPTY,2024,1,5,1,1,0,0,-4.0,0.0,24.5,100,0.2857,7,10,2024-01-5-01
5,9011012065200000,MANY_SEATS_AVAILABLE,MANY_SEATS_AVAILABLE,2024,1,5,1,1,0,1,-6.4,0.0,25.0,87,1.0,5,10,2024-01-5-05
6,9011012065200000,MANY_SEATS_AVAILABLE,MANY_SEATS_AVAILABLE,2024,1,5,1,1,0,1,-7.6,0.0,24.2,99,1.0,11,10,2024-01-5-06
7,9011012065200000,EMPTY,EMPTY,2024,1,5,1,1,0,1,-8.3,0.0,22.6,79,0.4545,11,10,2024-01-5-07
8,9011012065200000,MANY_SEATS_AVAILABLE,MANY_SEATS_AVAILABLE,2024,1,5,1,1,0,1,-7.8,0.0,22.1,100,0.6364,11,10,2024-01-5-08
9,9011012065200000,MANY_SEATS_AVAILABLE,MANY_SEATS_AVAILABLE,2024,1,5,1,1,0,1,-7.3,0.0,21.6,100,1.0,12,10,2024-01-5-09
10,9011012065200000,MANY_SEATS_AVAILABLE,MANY_SEATS_AVAILABLE,2024,1,5,1,1,0,2,-6.8,0.0,21.3,100,0.9167,12,10,2024-01-5-10
11,9011012065200000,MANY_SEATS_AVAILABLE,MANY_SEATS_AVAILABLE,2024,1,5,1,1,0,2,-6.4,0.0,20.9,100,1.0,12,10,2024-01-5-11
12,9011012065200000,MANY_SEATS_AVAILABLE,MANY_SEATS_AVAILABLE,2024,1,5,1,1,0,2,-5.9,0.0,20.0,100,0.7692,13,10,2024-01-5-12
13,9011012065200000,MANY_SEATS_AVAILABLE,MANY_SEATS_AVAILABLE,2024,1,5,1,1,0,2,-5.3,0.0,19.8,100,1.1111,9,10,2024-01-5-13
14,9011012065200000,MANY_SEATS_AVAILABLE,MANY_SEATS_AVAILABLE,2024,1,5,1,1,0,2,-5.9,0.0,18.9,100,1.0,11,10,2024-01-5-14
15,9011012065200000,MANY_SEATS_AVAILABLE,MANY_SEATS_AVAILABLE,2024,1,5,1,1,0,3,-5.1,0.0,21.3,100,0.9231,13,10,2024-01-5-15
16,9011012065200000,MANY_SEATS_AVAILABLE,MANY_SEATS_AVAILABLE,2024,1,5,1,1,0,3,-4.8,0.0,20.6,100,1.0,10,10,2024-01-5-16
17,9011012065200000,MANY_SEATS_AVAILABLE,MANY_SEATS_AVAILABLE,2024,1,5,1,1,0,3,-5.2,0.0,19.7,30,1.0,12,10,2024-01-5-17
18,9011012065200000,MANY_SEATS_AVAILABLE,MANY_SEATS_AVAILABLE,2024,1,5,1,1,0,3,-5.7,0.0,19.4,29,0.5833,12,10,2024-01-5-18
19,9011012065200000,MANY_SEATS_AVAILABLE,MANY_SEATS_AVAILABLE,2024,1,5,1,1,0,4,-6.3,0.0,19.4,45,0.8333,12,10,2024-01-5-19
20,9011012065200000,MANY_SEATS_AVAILABLE,MANY_SEATS_AVAILABLE,2024,1,5,1,1,0,4,-7.1,0.0,18.6,51,0.75,12,10,2024-01-5-20
21,9011012065200000,MANY_SEATS_AVAILABLE,MANY_SEATS_AVAILABLE,2024,1,5,1,1,0,4,-7.9,0.0,18.4,8,0.9167,12,10,2024-01-5-21
22,9011012065200000,MANY_SEATS_AVAILABLE,MANY_SEATS_AVAILABLE,2024,1,5,1,1,0,4,-8.4,0.0,17.1,0,0.7778,9,10,2024-01-5-22
5,9011012065200000,MANY_SEATS_AVAILABLE,MANY_SEATS_AVAILABLE,2024,1,6,1,1,0,1,-9.6,0.0,15.0,74,0.75,4,10,2024-01-6-05
6,9011012065200000,MANY_SEATS_AVAILABLE,MANY_SEATS_AVAILABLE,2024,1,6,1,1,0,1,-9.5,0.0,14.3,44,0.5,12,10,2024-01-6-06
7,9011012065200000,MANY_SEATS_AVAILABLE,MANY_SEATS_AVAILABLE,2024,1,6,1,1,0,1,-9.3,0.0,14.0,22,0.8182,11,10,2024-01-6-07
8,9011012065200000,MANY_SEATS_AVAILABLE,MANY_SEATS_AVAILABLE,2024,1,6,1,1,0,1,-9.0,0.0,15.1,32,0.7273,11,10,2024-01-6-08
9,9011012065200000,MANY_SEATS_AVAILABLE,MANY_SEATS_AVAILABLE,2024,1,6,1,1,0,1,-8.8,0.0,15.5,6,0.75,12,10,2024-01-6-09
10,9011012065200000,MANY_SEATS_AVAILABLE,MANY_SEATS_AVAILABLE,2024,1,6,1,1,0,2,-7.6,0.0,17.8,59,0.9091,11,10,2024-01-6-10
11,9011012065200000,MANY_SEATS_AVAILABLE,MANY_SEATS_AVAILABLE,2024,1,6,1,1,0,2,-5.4,0.0,20.6,91,0.8462,13,10,2024-01-6-11
12,9011012065200000,MANY_SEATS_AVAILABLE,MANY_SEATS_AVAILABLE,2024,1,6,1,1,0,2,-4.5,0.0,19.6,74,0.9167,12,10,2024-01-6-12
13,9011012065200000,MANY_SEATS_AVAILABLE,MANY_SEATS_AVAILABLE,2024,1,6,1,1,0,2,-4.1,0.0,21.4,86,0.9091,11,10,2024-01-6-13
14,9011012065200000,MANY_SEATS_AVAILABLE,MANY_SEATS_AVAILABLE,2024,1,6,1,1,0,2,-4.1,0.0,23.8,100,0.9167,12,10,2024-01-6-14
15,9011012065200000,MANY_SEATS_AVAILABLE,MANY_SEATS_AVAILABLE,2024,1,6,1,1,0,3,-4.1,0.0,22.7,100,0.9167,12,10,2024-01-6-15
16,9011012065200000,MANY_SEATS_AVAILABLE,MANY_SEATS_AVAILABLE,2024,1,6,1,1,0,3,-4.0,0.0,23.7,100,1.0,10,10,2024-01-6-16
17,9011012065200000,MANY_SEATS_AVAILABLE,MANY_SEATS_AVAILABLE,2024,1,6,1,1,0,3,-4.4,0.0,23.2,56,0.6667,12,10,2024-01-6-17
18,9011012065200000,MANY_SEATS_AVAILABLE,MANY_SEATS_AVAILABLE,2024,1,6,1,1,0,3,-5.0,0.0,22.9,22,0.7273,11,10,2024-01-6-18
19,9011012065200000,MANY_SEATS_AVAILABLE,MANY_SEATS_AVAILABLE,2024,1,6,1,1,0,4,-4.8,0.0,24.2,40,0.8462,13,10,2024-01-6-19
20,9011012065200000,MANY_SEATS_AVAILABLE,MANY_SEATS_AVAILABLE,2024,1,6,1,1,0,4,-4.4,0.0,23.1,85,0.9167,12,10,2024-01-6-20
21,9011012065200000,MANY_SEATS_AVAILABLE,MANY_SEATS_AVAILABLE,2024,1,6,1,1,0,4,-4.3,0.0,23.1,100,0.75,12,10,2024-01-6-21
22,9011012065200000,EMPTY,EMPTY,2024,1,6,1,1,0,4,-4.3,0.0,22.6,100,0.0,8,10,2024-01-6-22
4,9011012065200000,EMPTY,EMPTY,2024,1,0,0,0,1,0,-4.6,0.0,18.6,3,0.0,5,10,2024-01-0-04
5,9011012065200000,MANY_SEATS_AVAILABLE,MANY_SEATS_AVAILABLE,2024,1,0,0,0,1,1,-5.0,0.0,20.0,4,0.7407,27,10,2024-01-0-05
6,9011012065200000,MANY_SEATS_AVAILABLE,MANY_SEATS_AVAILABLE,2024,1,0,0,0,1,1,-5.4,0.0,19.4,4,0.9714,35,10,2024-01-0-06
7,9011012065200000,MANY_SEATS_AVAILABLE,MANY_SEATS_AVAILABLE,2024,1,0,0,0,1,1,-5.6,0.0,17.6,1,0.92,50,10,2024-01-0-07
8,9011012065200000,MANY_SEATS_AVAILABLE,MANY_SEATS_AVAILABLE,2024,1,0,0,0,1,1,-5.8,0.0,16.0,2,1.0,45,10,2024-01-0-08
9,9011012065200000,MANY_SEATS_AVAILABLE,MANY_SEATS_AVAILABLE,2024,1,0,0,0,1,1,-6.1,0.0,15.0,1,1.0,27,10,2024-01-0-09
10,9011012065200000,MANY_SEATS_AVAILABLE,MANY_SEATS_AVAILABLE,2024,1,0,0,0,1,2,-5.7,0.0,14.8,1,1.0417,24,10,2024-01-0-10
11,9011012065200000,MANY_SEATS_AVAILABLE,MANY_SEATS_AVAILABLE,2024,1,0,0,0,1,2,-5.2,0.0,15.0,0,0.88,25,10,2024-01-0-11
12,9011012065200000,MANY_SEATS_AVAILABLE,MANY_SEATS_AVAILABLE,2024,1,0,0,0,1,2,-4.8,0.0,13.6,0,1.0,24,10,2024-01-0-12
13,9011012065200000,MANY_SEATS_AVAILABLE,MANY_SEATS_AVAILABLE,2024,1,0,0,0,1,2,-4.6,0.0,11.5,0,1.0769,26,10,2024-01-0-13
14,9011012065200000,MANY_SEATS_AVAILABLE,MANY_SEATS_AVAILABLE,2024,1,0,0,0,1,2,-4.7,0.0,10.8,0,0.9286,42,10,2024-01-0-14
15,9011012065200000,MANY_SEATS_AVAILABLE,MANY_SEATS_AVAILABLE,2024,1,0,0,0,1,3,-5.0,0.0,11.0,3,0.9333,30,10,2024-01-0-15
16,9011012065200000,MANY_SEATS_AVAILABLE,MANY_SEATS_AVAILABLE,2024,1,0,0,0,1,3,-5.8,0.0,8.4,44,1.0882,34,10,2024-01-0-16
17,9011012065200000,MANY_SEATS_AVAILABLE,MANY_SEATS_AVAILABLE,2024,1,0,0,0,1,3,-6.4,0.0,9.4,93,1.0667,30,10,2024-01-0-17
18,9011012065200000,MANY_SEATS_AVAILABLE,MANY_SEATS_AVAILABLE,2024,1,0,0,0,1,3,-6.7,0.0,10.6,100,0.9167,24,10,2024-01-0-18
19,9011012065200000,MANY_SEATS_AVAILABLE,MANY_SEATS_AVAILABLE,2024,1,0,0,0,1,4,-6.4,0.0,10.1,100,0.7727,22,10,2024-01-0-19
20,9011012065200000,MANY_SEATS_AVAILABLE,MANY_SEATS_AVAILABLE,2024,1,0,0,0,1,4,-5.6,0.0,10.5,100,0.8,25,10,2024-01-0-20
21,9011012065200000,MANY_SEATS_AVAILABLE,MANY_SEATS_AVAILABLE,2024,1,0,0,0,1,4,-4.9,0.0,13.7,99,1.0,13,10,2024-01-0-21
22,9011012065200000,MANY_SEATS_AVAILABLE,MANY_SEATS_AVAILABLE,2024,1,0,0,0,1,4,-5.1,0.0,15.5,92,0.5455,11,10,2024-01-0-22
23,9011012065200000,EMPTY,EMPTY,2024,1,0,0,0,1,0,-6.0,0.0,14.4,100,0.4286,7,10,2024-01-0-23
4,9011012065200000,EMPTY,EMPTY,2024,1,1,0,0,1,0,-1.4,0.0,13.9,100,0.4444,9,10,2024-01-1-04
5,9011012065200000,MANY_SEATS_AVAILABLE,MANY_SEATS_AVAILABLE,2024,1,1,0,0,1,1,-1.3,0.0,14.5,92,0.7857,14,10,2024-01-1-05
6,9011012065200000,MANY_SEATS_AVAILABLE,MANY_SEATS_AVAILABLE,2024,1,1,0,0,1,1,-1.1,0.0,14.1,72,0.92,25,10,2024-01-1-06
7,9011012065200000,MANY_SEATS_AVAILABLE,MANY_SEATS_AVAILABLE,2024,1,1,0,0,1,1,-1.2,0.0,12.7,73,0.9615,26,10,2024-01-1-07
8,9011012065200000,MANY_SEATS_AVAILABLE,MANY_SEATS_AVAILABLE,2024,1,1,0,0,1,1,-1.2,0.0,11.6,78,1.1,30,10,2024-01-1-08
9,9011012065200000,MANY_SEATS_AVAILABLE,MANY_SEATS_AVAILABLE,2024,1,1,0,0,1,1,-1.2,0.0,10.7,96,1.25,20,10,2024-01-1-09
10,9011012065200000,MANY_SEATS_AVAILABLE,MANY_SEATS_AVAILABLE,2024,1,1,0,0,1,2,-0.5,0.0,11.8,99,1.2143,14,10,2024-01-1-10
11,9011012065200000,MANY_SEATS_AVAILABLE,MANY_SEATS_AVAILABLE,2024,1,1,0,0,1,2,0.1,0.0,12.8,100,1.0,15,10,2024-01-1-11
12,9011012065200000,MANY_SEATS_AVAILABLE,MANY_SEATS_AVAILABLE,2024,1,1,0,0,1,2,-0.1,0.0,13.3,100,1.0,8,10,2024-01-1-12
13,9011012065200000,MANY_SEATS_AVAILABLE,MANY_SEATS_AVAILABLE,2024,1,1,0,0,1,2,-0.5,0.0,13.6,100,1.0,18,10,2024-01-1-13
14,9011012065200000,MANY_SEATS_AVAILABLE,MANY_SEATS_AVAILABLE,2024,1,1,0,0,1,2,-1.4,0.0,12.3,100,1.037,27,10,2024-01-1-14
15,9011012065200000,MANY_SEATS_AVAILABLE,MANY_SEATS_AVAILABLE,2024,1,1,0,0,1,3,-1.5,0.0,11.5,100,1.25,28,10,2024-01-1-15
16,9011012065200000,MANY_SEATS_AVAILABLE,MANY_SEATS_AVAILABLE,2024,1,1,0,0,1,3,-1.7,0.0,9.2,100,1.0,28,10,2024-01-1-16
17,9011012065200000,MANY_SEATS_AVAILABLE,MANY_SEATS_AVAILABLE,2024,1,1,0,0,1,3,-1.5,0.0,10.0,100,1.0,18,10,2024-01-1-17
18,9011012065200000,MANY_SEATS_AVAILABLE,MANY_SEATS_AVAILABLE,2024,1,1,0,0,1,3,-1.3,0.0,11.0,100,0.6667,12,10,2024-01-1-18
19,9011012065200000,MANY_SEATS_AVAILABLE,MANY_SEATS_AVAILABLE,2024,1,1,0,0,1,4,-1.1,0.0,9.7,100,0.6471,17,10,2024-01-1-19
20,9011012065200000,MANY_SEATS_AVAILABLE,MANY_SEATS_AVAILABLE,2024,1,1,0,0,1,4,-0.8,0.0,7.4,100,0.75,16,10,2024-01-1-20
21,9011012065200000,MANY_SEATS_AVAILABLE,MANY_SEATS_AVAILABLE,2024,1,1,0,0,1,4,-0.7,0.0,9.0,100,0.5385,13,10,2024-01-1-21
22,9011012065200000,EMPTY,EMPTY,2024,1,1,0,0,1,4,-0.5,0.0,9.8,100,0.3333,12,10,2024-01-1-22
23,9011012065200000,EMPTY,EMPTY,2024,1,1,0,0,1,0,-0.2,0.0,11.2,100,0.1429,7,10,2024-01-1-23
4,9011012065200000,EMPTY,EMPTY,2024,1,2,0,0,1,0,0.5,0.0,13.7,100,0.0,9,10,2024-01-2-04
5,9011012065200000,MANY_SEATS_AVAILABLE,MANY_SEATS_AVAILABLE,2024,1,2,0,0,1,1,0.4,0.0,12.8,99,0.8571,21,10,2024-01-2-05
6,9011012065200000,MANY_SEATS_AVAILABLE,MANY_SEATS_AVAILABLE,2024,1,2,0,0,1,1,0.1,0.0,13.0,91,0.9412,34,10,2024-01-2-06
7,9011012065200000,MANY_SEATS_AVAILABLE,MANY_SEATS_AVAILABLE,2024,1,2,0,0,1,1,0.1,0.0,11.4,95,1.25,52,10,2024-01-2-07
8,9011012065200000,MANY_SEATS_AVAILABLE,MANY_SEATS_AVAILABLE,2024,1,2,0,0,1,1,-0.0,0.0,10.2,100,1.2083,48,10,2024-01-2-08
9,9011012065200000,MANY_SEATS_AVAILABLE,MANY_SEATS_AVAILABLE,2024,1,2,0,0,1,1,-0.1,0.0,10.4,100,1.5556,27,10,2024-01-2-09
10,9011012065200000,MANY_SEATS_AVAILABLE,MANY_SEATS_AVAILABLE,2024,1,2,0,0,1,2,0.4,0.0,10.7,100,0.8696,23,10,2024-01-2-10
11,9011012065200000,MANY_SEATS_AVAILABLE,MANY_SEATS_AVAILABLE,2024,1,2,0,0,1,2,0.6,0.0,11.8,100,1.08,25,10,2024-01-2-11
12,9011012065200000,MANY_SEATS_AVAILABLE,MANY_SEATS_AVAILABLE,2024,1,2,0,0,1,2,0.7,0.0,12.3,100,1.25,24,10,2024-01-2-12
13,9011012065200000,MANY_SEATS_AVAILABLE,MANY_SEATS_AVAILABLE,2024,1,2,0,0,1,2,0.7,0.0,13.0,100,0.963,27,10,2024-01-2-13
14,9011012065200000,MANY_SEATS_AVAILABLE,MANY_SEATS_AVAILABLE,2024,1,2,0,0,1,2,0.2,0.0,15.8,100,1.2391,46,10,2024-01-2-14
15,9011012065200000,MANY_SEATS_AVAILABLE,MANY_SEATS_AVAILABLE,2024,1,2,0,0,1,3,0.3,0.0,15.3,100,1.5435,46,10,2024-01-2-15
16,9011012065200000,MANY_SEATS_AVAILABLE,MANY_SEATS_AVAILABLE,2024,1,2,0,0,1,3,0.2,0.0,16.3,100,1.3778,45,10,2024-01-2-16
17,9011012065200000,MANY_SEATS_AVAILABLE,MANY_SEATS_AVAILABLE,2024,1,2,0,0,1,3,0.1,0.0,16.8,100,1.0714,28,10,2024-01-2-17
18,9011012065200000,MANY_SEATS_AVAILABLE,MANY_SEATS_AVAILABLE,2024,1,2,0,0,1,3,-0.0,0.0,17.7,100,1.2609,23,10,2024-01-2-18
19,9011012065200000,MANY_SEATS_AVAILABLE,MANY_SEATS_AVAILABLE,2024,1,2,0,0,1,4,-0.3,0.0,18.8,100,1.0417,24,10,2024-01-2-19
20,9011012065200000,MANY_SEATS_AVAILABLE,MANY_SEATS_AVAILABLE,2024,1,2,0,0,1,4,-0.5,0.0,18.4,100,0.9091,22,10,2024-01-2-20
21,9011012065200000,MANY_SEATS_AVAILABLE,MANY_SEATS_AVAILABLE,2024,1,2,0,0,1,4,-0.4,0.0,17.1,100,1.0,13,10,2024-01-2-21
22,9011012065200000,MANY_SEATS_AVAILABLE,MANY_SEATS_AVAILABLE,2024,1,2,0,0,1,4,-0.4,0.0,17.1,100,0.9,10,10,2024-01-2-22
23,9011012065200000,MANY_SEATS_AVAILABLE,MANY_SEATS_AVAILABLE,2024,1,2,0,0,1,0,-0.5,0.0,17.1,100,1.0,6,10,2024-01-2-23
4,9011012065200000,EMPTY,EMPTY,2024,1,3,0,0,1,0,0.4,0.0,21.4,100,0.0,9,10,2024-01-3-04
5,9011012065200000,MANY_SEATS_AVAILABLE,MANY_SEATS_AVAILABLE,2024,1,3,0,0,1,1,0.6,0.0,21.5,100,0.6818,22,10,2024-01-3-05
6,9011012065200000,MANY_SEATS_AVAILABLE,MANY_SEATS_AVAILABLE,2024,1,3,0,0,1,1,1.0,0.0,20.9,100,0.9167,36,10,2024-01-3-06
7,9011012065200000,MANY_SEATS_AVAILABLE,MANY_SEATS_AVAILABLE,2024,1,3,0,0,1,1,1.2,0.0,22.5,100,1.06,50,10,2024-01-3-07
8,9011012065200000,MANY_SEATS_AVAILABLE,MANY_SEATS_AVAILABLE,2024,1,3,0,0,1,1,1.6,0.0,20.8,100,1.125,48,10,2024-01-3-08
9,9011012065200000,MANY_SEATS_AVAILABLE,MANY_SEATS_AVAILABLE,2024,1,3,0,0,1,1,1.6,0.0,16.8,92,1.2222,27,10,2024-01-3-09
10,9011012065200000,MANY_SEATS_AVAILABLE,MANY_SEATS_AVAILABLE,2024,1,3,0,0,1,2,1.7,0.0,17.9,62,0.84,25,10,2024-01-3-10
11,9011012065200000,MANY_SEATS_AVAILABLE,MANY_SEATS_AVAILABLE,2024,1,3,0,0,1,2,2.0,0.0,20.2,61,0.92,25,10,2024-01-3-11
12,9011012065200000,MANY_SEATS_AVAILABLE,MANY_SEATS_AVAILABLE,2024,1,3,0,0,1,2,2.1,0.0,19.6,33,1.2,15,10,2024-01-3-12
13,9011012065200000,MANY_SEATS_AVAILABLE,MANY_SEATS_AVAILABLE,2024,1,3,0,0,1,2,2.3,0.0,17.9,30,1.0526,19,10,2024-01-3-13
14,9011012065200000,MANY_SEATS_AVAILABLE,MANY_SEATS_AVAILABLE,2024,1,3,0,0,1,2,1.4,0.0,19.7,14,1.375,32,10,2024-01-3-14
15,9011012065200000,MANY_SEATS_AVAILABLE,MANY_SEATS_AVAILABLE,2024,1,3,0,0,1,3,1.2,0.0,18.6,1,1.2791,43,10,2024-01-3-15
16,9011012065200000,MANY_SEATS_AVAILABLE,MANY_SEATS_AVAILABLE,2024,1,3,0,0,1,3,0.7,0.0,17.1,23,1.1714,35,10,2024-01-3-16
17,9011012065200000,MANY_SEATS_AVAILABLE,MANY_SEATS_AVAILABLE,2024,1,3,0,0,1,3,0.5,0.0,13.7,37,1.1818,22,10,2024-01-3-17
18,9011012065200000,MANY_SEATS_AVAILABLE,MANY_SEATS_AVAILABLE,2024,1,3,0,0,1,3,0.1,0.0,10.7,1,1.05,20,10,2024-01-3-18
19,9011012065200000,MANY_SEATS_AVAILABLE,MANY_SEATS_AVAILABLE,2024,1,3,0,0,1,4,-0.4,0.0,8.7,2,0.8824,17,10,2024-01-3-19
20,9011012065200000,MANY_SEATS_AVAILABLE,MANY_SEATS_AVAILABLE,2024,1,3,0,0,1,4,-0.6,0.0,7.9,0,0.6111,18,10,2024-01-3-20
21,9011012065200000,MANY_SEATS_AVAILABLE,MANY_SEATS_AVAILABLE,2024,1,3,0,0,1,4,-2.6,0.0,10.7,0,0.6667,12,10,2024-01-3-21
22,9011012065200000,EMPTY,EMPTY,2024,1,3,0,0,1,4,-1.8,0.0,7.0,0,0.3,10,10,2024-01-3-22
23,9011012065200000,MANY_SEATS_AVAILABLE,MANY_SEATS_AVAILABLE,2024,1,3,0,0,1,0,-1.7,0.0,6.7,0,1.0,6,10,2024-01-3-23
0,9011012065200000,MANY_SEATS_AVAILABLE,MANY_SEATS_AVAILABLE,2024,1,5,1,0,0,0,-0.8,0.0,13.6,100,0.5455,11,10,2024-01-5-00
1,9011012065200000,MANY_SEATS_AVAILABLE,MANY_SEATS_AVAILABLE,2024,1,5,1,0,0,0,-0.4,0.0,16.3,100,1.0,7,10,2024-01-5-01
5,9011012065200000,MANY_SEATS_AVAILABLE,MANY_SEATS_AVAILABLE,2024,1,5,1,0,0,1,2.2,0.0,19.9,100,1.0,5,10,2024-01-5-05
6,9011012065200000,MANY_SEATS_AVAILABLE,MANY_SEATS_AVAILABLE,2024,1,5,1,0,0,1,2.4,0.0,25.5,100,0.9091,11,10,2024-01-5-06
7,9011012065200000,MANY_SEATS_AVAILABLE,MANY_SEATS_AVAILABLE,2024,1,5,1,0,0,1,2.5,0.0,28.1,100,0.9167,12,10,2024-01-5-07
8,9011012065200000,MANY_SEATS_AVAILABLE,MANY_SEATS_AVAILABLE,2024,1,5,1,0,0,1,2.5,0.0,28.2,100,0.8462,13,10,2024-01-5-08
9,9011012065200000,MANY_SEATS_AVAILABLE,MANY_SEATS_AVAILABLE,2024,1,5,1,0,0,1,2.5,0.0,29.7,100,1.0,11,10,2024-01-5-09
10,9011012065200000,MANY_SEATS_AVAILABLE,MANY_SEATS_AVAILABLE,2024,1,5,1,0,0,2,2.1,0.3,31.2,100,1.0,14,10,2024-01-5-10
11,9011012065200000,MANY_SEATS_AVAILABLE,MANY_SEATS_AVAILABLE,2024,1,5,1,0,0,2,1.6,1.8,28.9,100,0.9231,13,10,2024-01-5-11
12,9011012065200000,MANY_SEATS_AVAILABLE,MANY_SEATS_AVAILABLE,2024,1,5,1,0,0,2,2.5,0.9,34.3,100,0.9091,11,10,2024-01-5-12
13,9011012065200000,MANY_SEATS_AVAILABLE,MANY_SEATS_AVAILABLE,2024,1,5,1,0,0,2,3.3,0.2,35.4,100,1.1538,13,10,2024-01-5-13
14,9011012065200000,MANY_SEATS_AVAILABLE,MANY_SEATS_AVAILABLE,2024,1,5,1,0,0,2,3.5,0.1,36.1,100,1.0833,12,10,2024-01-5-14
15,9011012065200000,MANY_SEATS_AVAILABLE,MANY_SEATS_AVAILABLE,2024,1,5,1,0,0,3,3.5,0.0,36.1,100,1.0,12,10,2024-01-5-15
16,9011012065200000,MANY_SEATS_AVAILABLE,MANY_SEATS_AVAILABLE,2024,1,5,1,0,0,3,3.4,0.1,35.9,100,1.0909,11,10,2024-01-5-16
17,9011012065200000,MANY_SEATS_AVAILABLE,MANY_SEATS_AVAILABLE,2024,1,5,1,0,0,3,3.3,0.0,35.8,100,1.0714,14,10,2024-01-5-17
18,9011012065200000,MANY_SEATS_AVAILABLE,MANY_SEATS_AVAILABLE,2024,1,5,1,0,0,3,3.1,0.0,34.9,97,1.0,11,10,2024-01-5-18
19,9011012065200000,MANY_SEATS_AVAILABLE,MANY_SEATS_AVAILABLE,2024,1,5,1,0,0,4,2.6,0.0,33.4,26,1.0,7,10,2024-01-5-19
20,9011012065200000,MANY_SEATS_AVAILABLE,MANY_SEATS_AVAILABLE,2024,1,5,1,0,0,4,2.1,0.0,32.1,49,1.0,5,10,2024-01-5-20
21,9011012065200000,MANY_SEATS_AVAILABLE,MANY_SEATS_AVAILABLE,2024,1,5,1,0,0,4,2.0,0.0,31.9,100,0.8571,7,10,2024-01-5-21
22,9011012065200000,MANY_SEATS_AVAILABLE,MANY_SEATS_AVAILABLE,2024,1,5,1,0,0,4,2.1,0.0,31.5,99,1.1667,6,10,2024-01-5-22
23,9011012065200000,MANY_SEATS_AVAILABLE,MANY_SEATS_AVAILABLE,2024,1,5,1,0,0,0,2.1,0.0,29.3,100,0.875,8,10,2024-01-5-23
0,9011012065200000,MANY_SEATS_AVAILABLE,MANY_SEATS_AVAILABLE,2024,1,6,1,1,0,0,2.1,0.0,28.7,100,1.0,5,10,2024-01-6-00
1,9011012065200000,MANY_SEATS_AVAILABLE,MANY_SEATS_AVAILABLE,2024,1,6,1,1,0,0,2.0,0.0,27.0,90,0.875,8,10,2024-01-6-01
5,9011012065200000,MANY_SEATS_AVAILABLE,MANY_SEATS_AVAILABLE,2024,1,6,1,1,0,1,0.9,0.0,21.3,2,1.0,5,10,2024-01-6-05
6,9011012065200000,MANY_SEATS_AVAILABLE,MANY_SEATS_AVAILABLE,2024,1,6,1,1,0,1,0.6,0.0,20.4,0,0.8333,12,10,2024-01-6-06
7,9011012065200000,MANY_SEATS_AVAILABLE,MANY_SEATS_AVAILABLE,2024,1,6,1,1,0,1,0.6,0.0,21.5,0,0.9231,13,10,2024-01-6-07
8,9011012065200000,MANY_SEATS_AVAILABLE,MANY_SEATS_AVAILABLE,2024,1,6,1,1,0,1,0.4,0.0,19.2,0,0.75,12,10,2024-01-6-08
9,9011012065200000,MANY_SEATS_AVAILABLE,MANY_SEATS_AVAILABLE,2024,1,6,1,1,0,1,0.3,0.0,18.9,26,0.9091,11,10,2024-01-6-09
10,9011012065200000,MANY_SEATS_AVAILABLE,MANY_SEATS_AVAILABLE,2024,1,6,1,1,0,2,0.9,0.0,20.8,51,0.9231,13,10,2024-01-6-10
11,9011012065200000,MANY_SEATS_AVAILABLE,MANY_SEATS_AVAILABLE,2024,1,6,1,1,0,2,1.7,0.0,19.2,94,1.1818,11,10,2024-01-6-11
12,9011012065200000,MANY_SEATS_AVAILABLE,MANY_SEATS_AVAILABLE,2024,1,6,1,1,0,2,2.1,0.0,21.1,100,0.8462,13,10,2024-01-6-12
13,9011012065200000,MANY_SEATS_AVAILABLE,MANY_SEATS_AVAILABLE,2024,1,6,1,1,0,2,2.3,0.0,23.3,100,0.9167,12,10,2024-01-6-13
14,9011012065200000,MANY_SEATS_AVAILABLE,MANY_SEATS_AVAILABLE,2024,1,6,1,1,0,2,2.6,0.0,24.1,100,1.0833,12,10,2024-01-6-14
15,9011012065200000,MANY_SEATS_AVAILABLE,MANY_SEATS_AVAILABLE,2024,1,6,1,1,0,3,2.6,0.0,24.8,100,0.9231,13,10,2024-01-6-15
16,9011012065200000,MANY_SEATS_AVAILABLE,MANY_SEATS_AVAILABLE,2024,1,6,1,1,0,3,2.3,0.0,25.6,100,1.0833,12,10,2024-01-6-16
17,9011012065200000,MANY_SEATS_AVAILABLE,MANY_SEATS_AVAILABLE,2024,1,6,1,1,0,3,2.1,0.0,25.7,98,0.9231,13,10,2024-01-6-17
18,9011012065200000,MANY_SEATS_AVAILABLE,MANY_SEATS_AVAILABLE,2024,1,6,1,1,0,3,2.0,0.0,25.8,100,0.5714,14,10,2024-01-6-18
19,9011012065200000,MANY_SEATS_AVAILABLE,MANY_SEATS_AVAILABLE,2024,1,6,1,1,0,4,2.0,0.0,27.4,100,0.9167,12,10,2024-01-6-19
20,9011012065200000,MANY_SEATS_AVAILABLE,MANY_SEATS_AVAILABLE,2024,1,6,1,1,0,4,1.9,0.4,31.1,100,0.7273,11,10,2024-01-6-20
21,9011012065200000,MANY_SEATS_AVAILABLE,MANY_SEATS_AVAILABLE,2024,1,6,1,1,0,4,1.8,0.3,30.7,100,0.9167,12,10,2024-01-6-21
22,9011012065200000,MANY_SEATS_AVAILABLE,MANY_SEATS_AVAILABLE,2024,1,6,1,1,0,4,1.6,0.2,28.5,100,0.8571,7,10,2024-01-6-22
4,9011012065200000,EMPTY,EMPTY,2024,1,0,0,0,1,0,0.9,0.1,26.0,96,0.0,5,10,2024-01-0-04
5,9011012065200000,MANY_SEATS_AVAILABLE,MANY_SEATS_AVAILABLE,2024,1,0,0,0,1,1,0.7,0.3,34.8,98,0.8667,15,10,2024-01-0-05
6,9011012065200000,MANY_SEATS_AVAILABLE,MANY_SEATS_AVAILABLE,2024,1,0,0,0,1,1,0.2,0.0,31.4,72,0.875,24,10,2024-01-0-06
7,9011012065200000,MANY_SEATS_AVAILABLE,MANY_SEATS_AVAILABLE,2024,1,0,0,0,1,1,-0.1,0.0,32.8,100,1.4375,32,10,2024-01-0-07
8,9011012065200000,CROWDED,STANDING_ROOM_ONLY,2024,1,0,0,0,1,1,-0.1,0.1,36.2,99,1.9231,26,10,2024-01-0-08
9,9011012065200000,MANY_SEATS_AVAILABLE,MANY_SEATS_AVAILABLE,2024,1,0,0,0,1,1,-0.3,0.0,37.0,100,1.15,20,10,2024-01-0-09
10,9011012065200000,MANY_SEATS_AVAILABLE,MANY_SEATS_AVAILABLE,2024,1,0,0,0,1,2,-0.0,0.2,34.9,100,0.95,20,10,2024-01-0-10
11,9011012065200000,MANY_SEATS_AVAILABLE,MANY_SEATS_AVAILABLE,2024,1,0,0,0,1,2,-1.2,0.3,40.5,100,1.0,19,10,2024-01-0-11
12,9011012065200000,MANY_SEATS_AVAILABLE,MANY_SEATS_AVAILABLE,2024,1,0,0,0,1,2,-2.0,0.0,39.7,99,1.0588,17,10,2024-01-0-12
13,9011012065200000,MANY_SEATS_AVAILABLE,MANY_SEATS_AVAILABLE,2024,1,0,0,0,1,2,-2.0,0.0,36.5,93,0.9375,16,10,2024-01-0-13
14,9011012065200000,MANY_SEATS_AVAILABLE,MANY_SEATS_AVAILABLE,2024,1,0,0,0,1,2,-2.1,0.0,30.7,86,1.1892,37,10,2024-01-0-14
15,9011012065200000,MANY_SEATS_AVAILABLE,MANY_SEATS_AVAILABLE,2024,1,0,0,0,1,3,-2.5,0.0,27.7,57,1.4412,34,10,2024-01-0-15
16,9011012065200000,MANY_SEATS_AVAILABLE,MANY_SEATS_AVAILABLE,2024,1,0,0,0,1,3,-3.0,0.0,26.2,28,1.5588,34,10,2024-01-0-16
17,9011012065200000,MANY_SEATS_AVAILABLE,MANY_SEATS_AVAILABLE,2024,1,0,0,0,1,3,-3.2,0.0,27.3,25,1.1471,34,10,2024-01-0-17
18,9011012065200000,MANY_SEATS_AVAILABLE,MANY_SEATS_AVAILABLE,2024,1,0,0,0,1,3,-3.3,0.0,25.6,55,1.1538,13,10,2024-01-0-18
19,9011012065200000,MANY_SEATS_AVAILABLE,MANY_SEATS_AVAILABLE,2024,1,0,0,0,1,4,-3.8,0.0,22.0,7,0.9375,16,10,2024-01-0-19
20,9011012065200000,MANY_SEATS_AVAILABLE,MANY_SEATS_AVAILABLE,2024,1,0,0,0,1,4,-4.4,0.0,18.4,6,1.0,15,10,2024-01-0-20
21,9011012065200000,MANY_SEATS_AVAILABLE,MANY_SEATS_AVAILABLE,2024,1,0,0,0,1,4,-5.2,0.0,15.6,6,1.3077,13,10,2024-01-0-21
22,9011012065200000,MANY_SEATS_AVAILABLE,MANY_SEATS_AVAILABLE,2024,1,0,0,0,1,4,-5.8,0.0,12.8,0,0.7273,11,10,2024-01-0-22
23,9011012065200000,MANY_SEATS_AVAILABLE,MANY_SEATS_AVAILABLE,2024,1,0,0,0,1,0,-6.2,0.0,11.0,0,0.5714,7,10,2024-01-0-23
4,9011012065200000,EMPTY,EMPTY,2024,1,1,0,0,1,0,-5.1,0.0,7.6,100,0.0,9,10,2024-01-1-04
5,9011012065200000,MANY_SEATS_AVAILABLE,MANY_SEATS_AVAILABLE,2024,1,1,0,0,1,1,-4.6,0.0,10.8,100,0.7895,19,10,2024-01-1-05
6,9011012065200000,MANY_SEATS_AVAILABLE,MANY_SEATS_AVAILABLE,2024,1,1,0,0,1,1,-4.6,0.0,9.0,100,1.0303,33,10,2024-01-1-06
7,9011012065200000,MANY_SEATS_AVAILABLE,MANY_SEATS_AVAILABLE,2024,1,1,0,0,1,1,-5.0,0.0,6.6,27,1.2979,47,10,2024-01-1-07
8,9011012065200000,MANY_SEATS_AVAILABLE,MANY_SEATS_AVAILABLE,2024,1,1,0,0,1,1,-6.4,0.0,5.2,15,1.3478,46,10,2024-01-1-08
9,9011012065200000,MANY_SEATS_AVAILABLE,MANY_SEATS_AVAILABLE,2024,1,1,0,0,1,1,-6.6,0.0,7.2,4,1.3333,21,10,2024-01-1-09
10,9011012065200000,MANY_SEATS_AVAILABLE,MANY_SEATS_AVAILABLE,2024,1,1,0,0,1,2,-6.3,0.0,8.9,0,0.913,23,10,2024-01-1-10
11,9011012065200000,MANY_SEATS_AVAILABLE,MANY_SEATS_AVAILABLE,2024,1,1,0,0,1,2,-5.3,0.0,7.9,13,0.92,25,10,2024-01-1-11
12,9011012065200000,MANY_SEATS_AVAILABLE,MANY_SEATS_AVAILABLE,2024,1,1,0,0,1,2,-4.4,0.0,7.7,0,1.0,12,10,2024-01-1-12
13,9011012065200000,MANY_SEATS_AVAILABLE,MANY_SEATS_AVAILABLE,2024,1,1,0,0,1,2,-3.8,0.0,7.9,0,0.8333,18,10,2024-01-1-13
14,9011012065200000,MANY_SEATS_AVAILABLE,MANY_SEATS_AVAILABLE,2024,1,1,0,0,1,2,-3.3,0.0,14.2,100,1.0882,34,10,2024-01-1-14
15,9011012065200000,MANY_SEATS_AVAILABLE,MANY_SEATS_AVAILABLE,2024,1,1,0,0,1,3,-3.0,0.0,14.9,100,1.3077,39,10,2024-01-1-15
16,9011012065200000,MANY_SEATS_AVAILABLE,MANY_SEATS_AVAILABLE,2024,1,1,0,0,1,3,-2.6,0.0,15.0,100,1.1842,38,10,2024-01-1-16
17,9011012065200000,MANY_SEATS_AVAILABLE,MANY_SEATS_AVAILABLE,2024,1,1,0,0,1,3,-2.0,0.0,14.8,100,1.08,25,10,2024-01-1-17
18,9011012065200000,MANY_SEATS_AVAILABLE,MANY_SEATS_AVAILABLE,2024,1,1,0,0,1,3,-1.4,0.1,18.5,100,0.8125,16,10,2024-01-1-18
19,9011012065200000,MANY_SEATS_AVAILABLE,MANY_SEATS_AVAILABLE,2024,1,1,0,0,1,4,-0.5,0.1,22.0,100,0.875,24,10,2024-01-1-19
20,9011012065200000,MANY_SEATS_AVAILABLE,MANY_SEATS_AVAILABLE,2024,1,1,0,0,1,4,-0.2,0.0,26.4,100,0.7083,24,10,2024-01-1-20
21,9011012065200000,MANY_SEATS_AVAILABLE,MANY_SEATS_AVAILABLE,2024,1,1,0,0,1,4,0.1,0.0,25.9,100,0.8571,14,10,2024-01-1-21
22,9011012065200000,MANY_SEATS_AVAILABLE,MANY_SEATS_AVAILABLE,2024,1,1,0,0,1,4,0.3,0.3,26.8,100,0.9091,11,10,2024-01-1-22
23,9011012065200000,MANY_SEATS_AVAILABLE,MANY_SEATS_AVAILABLE,2024,1,1,0,0,1,0,0.0,0.6,25.9,99,1.0,7,10,2024-01-1-23
4,9011012065200000,EMPTY,EMPTY,2024,1,2,0,0,1,0,0.1,0.0,36.1,100,0.4444,9,10,2024-01-2-04
5,9011012065200000,MANY_SEATS_AVAILABLE,MANY_SEATS_AVAILABLE,2024,1,2,0,0,1,1,0.3,0.0,38.1,100,0.6522,23,10,2024-01-2-05
6,9011012065200000,MANY_SEATS_AVAILABLE,MANY_SEATS_AVAILABLE,2024,1,2,0,0,1,1,0.2,0.0,41.4,100,1.0857,35,10,2024-01-2-06
7,9011012065200000,MANY_SEATS_AVAILABLE,MANY_SEATS_AVAILABLE,2024,1,2,0,0,1,1,0.1,0.1,43.2,100,1.5946,37,10,2024-01-2-07
8,9011012065200000,MANY_SEATS_AVAILABLE,MANY_SEATS_AVAILABLE,2024,1,2,0,0,1,1,-0.2,0.5,44.2,100,1.4138,29,10,2024-01-2-08
9,9011012065200000,MANY_SEATS_AVAILABLE,MANY_SEATS_AVAILABLE,2024,1,2,0,0,1,1,-0.1,0.3,45.8,100,0.875,24,10,2024-01-2-09
10,9011012065200000,MANY_SEATS_AVAILABLE,MANY_SEATS_AVAILABLE,2024,1,2,0,0,1,2,-0.2,0.7,43.5,100,0.8125,16,10,2024-01-2-10
11,9011012065200000,MANY_SEATS_AVAILABLE,MANY_SEATS_AVAILABLE,2024,1,2,0,0,1,2,0.0,0.3,43.0,100,0.9375,16,10,2024-01-2-11
12,9011012065200000,MANY_SEATS_AVAILABLE,MANY_SEATS_AVAILABLE,2024,1,2,0,0,1,2,-0.1,0.2,39.6,100,1.0625,16,10,2024-01-2-12
13,9011012065200000,MANY_SEATS_AVAILABLE,MANY_SEATS_AVAILABLE,2024,1,2,0,0,1,2,-0.2,0.2,35.3,100,1.1538,26,10,2024-01-2-13
14,9011012065200000,MANY_SEATS_AVAILABLE,MANY_SEATS_AVAILABLE,2024,1,2,0,0,1,2,-0.3,0.1,29.8,100,1.125,40,10,2024-01-2-14
15,9011012065200000,MANY_SEATS_AVAILABLE,MANY_SEATS_AVAILABLE,2024,1,2,0,0,1,3,-0.3,0.1,26.0,100,1.1053,38,10,2024-01-2-15
16,9011012065200000,MANY_SEATS_AVAILABLE,MANY_SEATS_AVAILABLE,2024,1,2,0,0,1,3,-0.3,0.1,23.2,100,1.1,30,10,2024-01-2-16
17,9011012065200000,MANY_SEATS_AVAILABLE,MANY_SEATS_AVAILABLE,2024,1,2,0,0,1,3,-0.1,0.1,21.4,100,1.1739,23,10,2024-01-2-17
18,9011012065200000,MANY_SEATS_AVAILABLE,MANY_SEATS_AVAILABLE,2024,1,2,0,0,1,3,0.1,0.0,20.5,100,1.3333,18,10,2024-01-2-18
19,9011012065200000,MANY_SEATS_AVAILABLE,MANY_SEATS_AVAILABLE,2024,1,2,0,0,1,4,0.2,0.0,19.8,100,1.0,13,10,2024-01-2-19
20,9011012065200000,MANY_SEATS_AVAILABLE,MANY_SEATS_AVAILABLE,2024,1,2,0,0,1,4,0.3,0.0,18.1,97,0.9091,22,10,2024-01-2-20
21,9011012065200000,MANY_SEATS_AVAILABLE,MANY_SEATS_AVAILABLE,2024,1,2,0,0,1,4,0.1,0.0,15.0,74,1.0,12,10,2024-01-2-21
22,9011012065200000,MANY_SEATS_AVAILABLE,MANY_SEATS_AVAILABLE,2024,1,2,0,0,1,4,-0.5,0.0,13.3,30,0.5833,12,10,2024-01-2-22
23,9011012065200000,MANY_SEATS_AVAILABLE,MANY_SEATS_AVAILABLE,2024,1,2,0,0,1,0,-1.1,0.0,11.2,0,0.8333,6,10,2024-01-2-23
4,9011012065200000,MANY_SEATS_AVAILABLE,MANY_SEATS_AVAILABLE,2024,1,3,0,0,1,0,-1.9,0.0,14.9,0,0.6,10,10,2024-01-3-04
5,9011012065200000,MANY_SEATS_AVAILABLE,MANY_SEATS_AVAILABLE,2024,1,3,0,0,1,1,-1.9,0.0,15.8,0,0.8571,21,10,2024-01-3-05
6,9011012065200000,MANY_SEATS_AVAILABLE,MANY_SEATS_AVAILABLE,2024,1,3,0,0,1,1,-1.8,0.0,16.1,0,1.0312,32,10,2024-01-3-06
7,9011012065200000,MANY_SEATS_AVAILABLE,MANY_SEATS_AVAILABLE,2024,1,3,0,0,1,1,-1.7,0.0,16.1,0,1.4,40,10,2024-01-3-07
8,9011012065200000,MANY_SEATS_AVAILABLE,MANY_SEATS_AVAILABLE,2024,1,3,0,0,1,1,-1.6,0.0,16.3,16,1.2632,38,10,2024-01-3-08
9,9011012065200000,MANY_SEATS_AVAILABLE,MANY_SEATS_AVAILABLE,2024,1,3,0,0,1,1,-1.5,0.0,17.5,8,1.3077,26,10,2024-01-3-09
10,9011012065200000,MANY_SEATS_AVAILABLE,MANY_SEATS_AVAILABLE,2024,1,3,0,0,1,2,-1.0,0.0,18.4,0,0.9474,19,10,2024-01-3-10
11,9011012065200000,MANY_SEATS_AVAILABLE,MANY_SEATS_AVAILABLE,2024,1,3,0,0,1,2,-0.5,0.0,19.2,0,0.8667,15,10,2024-01-3-11
12,9011012065200000,MANY_SEATS_AVAILABLE,MANY_SEATS_AVAILABLE,2024,1,3,0,0,1,2,-0.2,0.0,18.4,0,1.0,18,10,2024-01-3-12
13,9011012065200000,MANY_SEATS_AVAILABLE,MANY_SEATS_AVAILABLE,2024,1,3,0,0,1,2,-0.0,0.0,17.7,0,1.087,23,10,2024-01-3-13
14,9011012065200000,MANY_SEATS_AVAILABLE,MANY_SEATS_AVAILABLE,2024,1,3,0,0,1,2,-0.7,0.0,17.9,0,1.2791,43,10,2024-01-3-14
15,9011012065200000,MANY_SEATS_AVAILABLE,MANY_SEATS_AVAILABLE,2024,1,3,0,0,1,3,-1.2,0.0,20.2,0,1.3514,37,10,2024-01-3-15
16,9011012065200000,MANY_SEATS_AVAILABLE,MANY_SEATS_AVAILABLE,2024,1,3,0,0,1,3,-1.9,0.0,17.7,0,1.3077,52,10,2024-01-3-16
17,9011012065200000,MANY_SEATS_AVAILABLE,MANY_SEATS_AVAILABLE,2024,1,3,0,0,1,3,-2.1,0.0,17.4,0,1.2414,29,10,2024-01-3-17
18,9011012065200000,MANY_SEATS_AVAILABLE,MANY_SEATS_AVAILABLE,2024,1,3,0,0,1,3,-1.9,0.0,19.1,1,0.9048,21,10,2024-01-3-18
19,9011012065200000,MANY_SEATS_AVAILABLE,MANY_SEATS_AVAILABLE,2024,1,3,0,0,1,4,-0.9,0.0,22.9,24,0.8846,26,10,2024-01-3-19
20,9011012065200000,MANY_SEATS_AVAILABLE,MANY_SEATS_AVAILABLE,2024,1,3,0,0,1,4,-0.2,0.0,26.3,0,1.0588,17,10,2024-01-3-20
21,9011012065200000,MANY_SEATS_AVAILABLE,MANY_SEATS_AVAILABLE,2024,1,3,0,0,1,4,-0.6,0.0,23.0,26,0.875,8,10,2024-01-3-21
22,9011012065200000,MANY_SEATS_AVAILABLE,MANY_SEATS_AVAILABLE,2024,1,3,0,0,1,4,-0.6,0.0,24.1,8,1.0,6,10,2024-01-3-22
4,9011012065200000,EMPTY,EMPTY,2024,1,4,0,0,1,0,0.4,0.2,32.7,52,0.5,6,10,2024-01-4-04
5,9011012065200000,MANY_SEATS_AVAILABLE,MANY_SEATS_AVAILABLE,2024,1,4,0,0,1,1,0.0,0.0,33.9,21,0.875,24,10,2024-01-4-05
6,9011012065200000,MANY_SEATS_AVAILABLE,MANY_SEATS_AVAILABLE,2024,1,4,0,0,1,1,-0.2,0.0,31.2,0,0.875,32,10,2024-01-4-06
7,9011012065200000,MANY_SEATS_AVAILABLE,MANY_SEATS_AVAILABLE,2024,1,4,0,0,1,1,-0.8,0.0,26.0,5,1.6129,31,10,2024-01-4-07
8,9011012065200000,MANY_SEATS_AVAILABLE,MANY_SEATS_AVAILABLE,2024,1,4,0,0,1,1,-0.9,0.0,24.0,15,1.1562,32,10,2024-01-4-08
9,9011012065200000,MANY_SEATS_AVAILABLE,MANY_SEATS_AVAILABLE,2024,1,4,0,0,1,1,-0.8,0.0,24.3,14,1.3333,21,10,2024-01-4-09
10,9011012065200000,MANY_SEATS_AVAILABLE,MANY_SEATS_AVAILABLE,2024,1,4,0,0,1,2,-0.5,0.0,25.6,12,1.1875,16,10,2024-01-4-10
11,9011012065200000,MANY_SEATS_AVAILABLE,MANY_SEATS_AVAILABLE,2024,1,4,0,0,1,2,0.1,0.0,26.0,25,1.1852,27,10,2024-01-4-11
12,9011012065200000,MANY_SEATS_AVAILABLE,MANY_SEATS_AVAILABLE,2024,1,4,0,0,1,2,0.5,0.0,24.2,1,1.2083,24,10,2024-01-4-12
13,9011012065200000,MANY_SEATS_AVAILABLE,MANY_SEATS_AVAILABLE,2024,1,4,0,0,1,2,0.8,0.0,24.6,17,1.8846,26,10,2024-01-4-13
14,9011012065200000,MANY_SEATS_AVAILABLE,MANY_SEATS_AVAILABLE,2024,1,4,0,0,1,2,0.6,0.0,28.6,29,1.4167,48,10,2024-01-4-14
15,9011012065200000,MANY_SEATS_AVAILABLE,MANY_SEATS_AVAILABLE,2024,1,4,0,0,1,3,0.8,0.0,26.4,100,1.0889,45,10,2024-01-4-15
16,9011012065200000,MANY_SEATS_AVAILABLE,MANY_SEATS_AVAILABLE,2024,1,4,0,0,1,3,0.7,0.0,27.3,100,1.1154,52,10,2024-01-4-16
17,9011012065200000,MANY_SEATS_AVAILABLE,MANY_SEATS_AVAILABLE,2024,1,4,0,0,1,3,0.8,0.2,24.4,100,1.1538,26,10,2024-01-4-17
18,9011012065200000,MANY_SEATS_AVAILABLE,MANY_SEATS_AVAILABLE,2024,1,4,0,0,1,3,1.2,0.3,23.8,93,1.0385,26,10,2024-01-4-18
19,9011012065200000,MANY_SEATS_AVAILABLE,MANY_SEATS_AVAILABLE,2024,1,4,0,0,1,4,0.8,1.1,22.2,96,0.8636,22,10,2024-01-4-19
20,9011012065200000,MANY_SEATS_AVAILABLE,MANY_SEATS_AVAILABLE,2024,1,4,0,0,1,4,0.9,1.3,19.1,100,0.6364,22,10,2024-01-4-20
21,9011012065200000,MANY_SEATS_AVAILABLE,MANY_SEATS_AVAILABLE,2024,1,4,0,0,1,4,1.4,0.4,24.9,100,0.8125,16,10,2024-01-4-21
22,9011012065200000,MANY_SEATS_AVAILABLE,MANY_SEATS_AVAILABLE,2024,1,4,0,0,1,4,1.5,0.1,25.9,100,1.0,12,10,2024-01-4-22
23,9011012065200000,MANY_SEATS_AVAILABLE,MANY_SEATS_AVAILABLE,2024,1,4,0,0,1,0,1.0,0.8,23.8,100,1.0,11,10,2024-01-4-23
0,9011012065200000,MANY_SEATS_AVAILABLE,MANY_SEATS_AVAILABLE,2024,1,5,1,0,0,0,1.0,0.5,27.9,100,0.9167,12,10,2024-01-5-00
1,9011012065200000,MANY_SEATS_AVAILABLE,MANY_SEATS_AVAILABLE,2024,1,5,1,0,0,0,1.9,0.2,34.7,100,0.8,5,10,2024-01-5-01
5,9011012065200000,MANY_SEATS_AVAILABLE,MANY_SEATS_AVAILABLE,2024,1,5,1,0,0,1,2.8,0.5,40.9,100,0.75,4,10,2024-01-5-05
6,9011012065200000,MANY_SEATS_AVAILABLE,MANY_SEATS_AVAILABLE,2024,1,5,1,0,0,1,2.9,0.3,43.0,100,0.9231,13,10,2024-01-5-06
7,9011012065200000,MANY_SEATS_AVAILABLE,MANY_SEATS_AVAILABLE,2024,1,5,1,0,0,1,3.0,0.8,40.0,100,0.8333,12,10,2024-01-5-07
8,9011012065200000,MANY_SEATS_AVAILABLE,MANY_SEATS_AVAILABLE,2024,1,5,1,0,0,1,2.8,1.0,41.8,100,0.5385,13,10,2024-01-5-08
9,9011012065200000,MANY_SEATS_AVAILABLE,MANY_SEATS_AVAILABLE,2024,1,5,1,0,0,1,2.3,1.2,34.3,100,0.7692,13,10,2024-01-5-09
10,9011012065200000,MANY_SEATS_AVAILABLE,MANY_SEATS_AVAILABLE,2024,1,5,1,0,0,2,2.4,0.5,30.2,100,1.0,12,10,2024-01-5-10
11,9011012065200000,MANY_SEATS_AVAILABLE,MANY_SEATS_AVAILABLE,2024,1,5,1,0,0,2,2.5,0.3,26.1,100,0.9167,12,10,2024-01-5-11
12,9011012065200000,MANY_SEATS_AVAILABLE,MANY_SEATS_AVAILABLE,2024,1,5,1,0,0,2,2.4,0.1,20.6,100,0.8462,13,10,2024-01-5-12
13,9011012065200000,MANY_SEATS_AVAILABLE,MANY_SEATS_AVAILABLE,2024,1,5,1,0,0,2,2.3,0.1,16.6,100,1.0909,11,10,2024-01-5-13
14,9011012065200000,MANY_SEATS_AVAILABLE,MANY_SEATS_AVAILABLE,2024,1,5,1,0,0,2,1.0,0.2,13.3,100,0.9231,13,10,2024-01-5-14
15,9011012065200000,MANY_SEATS_AVAILABLE,MANY_SEATS_AVAILABLE,2024,1,5,1,0,0,3,0.7,0.3,7.9,100,0.9231,13,10,2024-01-5-15
16,9011012065200000,MANY_SEATS_AVAILABLE,MANY_SEATS_AVAILABLE,2024,1,5,1,0,0,3,0.7,0.1,4.3,100,1.3636,11,10,2024-01-5-16
17,9011012065200000,MANY_SEATS_AVAILABLE,MANY_SEATS_AVAILABLE,2024,1,5,1,0,0,3,0.8,0.1,5.8,100,1.0833,12,10,2024-01-5-17
18,9011012065200000,MANY_SEATS_AVAILABLE,MANY_SEATS_AVAILABLE,2024,1,5,1,0,0,3,1.2,0.1,9.7,100,1.0,11,10,2024-01-5-18
19,9011012065200000,MANY_SEATS_AVAILABLE,MANY_SEATS_AVAILABLE,2024,1,5,1,0,0,4,1.8,0.0,13.0,100,1.0,13,10,2024-01-5-19
20,9011012065200000,MANY_SEATS_AVAILABLE,MANY_SEATS_AVAILABLE,2024,1,5,1,0,0,4,2.9,0.0,17.3,100,0.875,8,10,2024-01-5-20
21,9011012065200000,MANY_SEATS_AVAILABLE,MANY_SEATS_AVAILABLE,2024,1,5,1,0,0,4,3.1,0.0,18.4,100,1.0,6,10,2024-01-5-21
22,9011012065200000,MANY_SEATS_AVAILABLE,MANY_SEATS_AVAILABLE,2024,1,5,1,0,0,4,3.0,0.0,21.6,100,0.9231,13,10,2024-01-5-22
23,9011012065200000,MANY_SEATS_AVAILABLE,MANY_SEATS_AVAILABLE,2024,1,5,1,0,0,0,2.8,0.0,24.2,99,0.9091,11,10,2024-01-5-23
4,9011012065200000,EMPTY,EMPTY,2024,1,2,0,0,1,0,6.0,0.9,41.2,100,0.2222,9,10,2024-01-2-04
5,9011012065200000,MANY_SEATS_AVAILABLE,MANY_SEATS_AVAILABLE,2024,1,2,0,0,1,1,7.4,0.2,39.7,100,1.0,23,10,2024-01-2-05
6,9011012065200000,MANY_SEATS_AVAILABLE,MANY_SEATS_AVAILABLE,2024,1,2,0,0,1,1,7.8,0.1,38.6,100,1.4839,31,10,2024-01-2-06
7,9011012065200000,MANY_SEATS_AVAILABLE,MANY_SEATS_AVAILABLE,2024,1,2,0,0,1,1,7.8,0.1,39.6,64,1.6531,49,10,2024-01-2-07
8,9011012065200000,CROWDED,STANDING_ROOM_ONLY,2024,1,2,0,0,1,1,7.4,0.0,40.9,55,1.7843,51,10,2024-01-2-08
9,9011012065200000,MANY_SEATS_AVAILABLE,MANY_SEATS_AVAILABLE,2024,1,2,0,0,1,1,7.0,0.0,40.9,43,1.875,24,10,2024-01-2-09
10,9011012065200000,MANY_SEATS_AVAILABLE,MANY_SEATS_AVAILABLE,2024,1,2,0,0,1,2,6.7,0.0,39.8,71,0.7917,24,10,2024-01-2-10
11,9011012065200000,MANY_SEATS_AVAILABLE,MANY_SEATS_AVAILABLE,2024,1,2,0,0,1,2,6.9,0.1,41.6,100,0.8095,21,10,2024-01-2-11
12,9011012065200000,MANY_SEATS_AVAILABLE,MANY_SEATS_AVAILABLE,2024,1,2,0,0,1,2,7.1,0.0,42.2,100,0.9091,11,10,2024-01-2-12
13,9011012065200000,MANY_SEATS_AVAILABLE,MANY_SEATS_AVAILABLE,2024,1,2,0,0,1,2,7.2,0.0,41.3,100,0.8636,22,10,2024-01-2-13
14,9011012065200000,MANY_SEATS_AVAILABLE,MANY_SEATS_AVAILABLE,2024,1,2,0,0,1,2,7.3,0.2,40.3,84,1.0,43,10,2024-01-2-14
15,9011012065200000,MANY_SEATS_AVAILABLE,MANY_SEATS_AVAILABLE,2024,1,2,0,0,1,3,7.4,0.1,39.5,41,1.6364,44,10,2024-01-2-15
16,9011012065200000,MANY_SEATS_AVAILABLE,MANY_SEATS_AVAILABLE,2024,1,2,0,0,1,3,7.1,0.1,41.0,100,1.3243,37,10,2024-01-2-16
17,9011012065200000,MANY_SEATS_AVAILABLE,MANY_SEATS_AVAILABLE,2024,1,2,0,0,1,3,6.9,0.1,45.3,100,1.087,23,10,2024-01-2-17
18,9011012065200000,MANY_SEATS_AVAILABLE,MANY_SEATS_AVAILABLE,2024,1,2,0,0,1,3,6.9,0.1,46.2,100,1.2632,19,10,2024-01-2-18
19,9011012065200000,MANY_SEATS_AVAILABLE,MANY_SEATS_AVAILABLE,2024,1,2,0,0,1,4,6.7,0.0,45.2,88,0.8947,19,10,2024-01-2-19
20,9011012065200000,MANY_SEATS_AVAILABLE,MANY_SEATS_AVAILABLE,2024,1,2,0,0,1,4,6.4,0.0,46.4,100,0.9231,13,10,2024-01-2-20
21,9011012065200000,CROWDED,FEW_SEATS_AVAILABLE,2024,1,2,0,0,1,4,6.7,0.0,48.9,100,1.6667,6,10,2024-01-2-21
22,9011012065200000,MANY_SEATS_AVAILABLE,MANY_SEATS_AVAILABLE,2024,1,2,0,0,1,4,6.7,0.0,50.4,100,1.0,4,10,2024-01-2-22
23,9011012065200000,MANY_SEATS_AVAILABLE,MANY_SEATS_AVAILABLE,2024,1,2,0,0,1,0,6.5,0.0,48.0,100,1.0,7,10,2024-01-2-23
0,9011012065200000,MANY_SEATS_AVAILABLE,MANY_SEATS_AVAILABLE,2024,2,5,1,0,0,0,7.7,0.0,37.8,100,1.0,16,10,2024-02-5-00
1,9011012065200000,MANY_SEATS_AVAILABLE,MANY_SEATS_AVAILABLE,2024,2,5,1,0,0,0,7.8,0.0,36.7,99,0.5,6,10,2024-02-5-01
5,9011012065200000,MANY_SEATS_AVAILABLE,MANY_SEATS_AVAILABLE,2024,2,5,1,0,0,1,7.3,0.0,31.2,100,1.0,4,10,2024-02-5-05
6,9011012065200000,MANY_SEATS_AVAILABLE,MANY_SEATS_AVAILABLE,2024,2,5,1,0,0,1,7.5,0.0,30.0,42,0.9231,13,10,2024-02-5-06
7,9011012065200000,MANY_SEATS_AVAILABLE,MANY_SEATS_AVAILABLE,2024,2,5,1,0,0,1,6.9,0.0,29.9,90,0.8462,13,10,2024-02-5-07
8,9011012065200000,MANY_SEATS_AVAILABLE,MANY_SEATS_AVAILABLE,2024,2,5,1,0,0,1,7.1,0.0,32.8,41,0.7,10,10,2024-02-5-08
9,9011012065200000,MANY_SEATS_AVAILABLE,MANY_SEATS_AVAILABLE,2024,2,5,1,0,0,1,7.5,0.0,34.0,92,0.9231,13,10,2024-02-5-09
10,9011012065200000,MANY_SEATS_AVAILABLE,MANY_SEATS_AVAILABLE,2024,2,5,1,0,0,2,7.6,0.0,33.9,0,0.9167,12,10,2024-02-5-10
11,9011012065200000,MANY_SEATS_AVAILABLE,MANY_SEATS_AVAILABLE,2024,2,5,1,0,0,2,7.9,0.0,35.8,0,1.0,12,10,2024-02-5-11
12,9011012065200000,MANY_SEATS_AVAILABLE,MANY_SEATS_AVAILABLE,2024,2,5,1,0,0,2,8.1,0.0,32.4,66,1.0833,12,10,2024-02-5-12
13,9011012065200000,MANY_SEATS_AVAILABLE,MANY_SEATS_AVAILABLE,2024,2,5,1,0,0,2,8.3,0.0,33.0,93,1.0,12,10,2024-02-5-13
14,9011012065200000,MANY_SEATS_AVAILABLE,MANY_SEATS_AVAILABLE,2024,2,5,1,0,0,2,7.3,0.0,31.0,28,1.1,10,10,2024-02-5-14
15,9011012065200000,MANY_SEATS_AVAILABLE,MANY_SEATS_AVAILABLE,2024,2,5,1,0,0,3,7.1,0.0,33.5,20,1.3571,14,10,2024-02-5-15
16,9011012065200000,MANY_SEATS_AVAILABLE,MANY_SEATS_AVAILABLE,2024,2,5,1,0,0,3,6.5,0.0,31.4,40,1.1667,12,10,2024-02-5-16
17,9011012065200000,MANY_SEATS_AVAILABLE,MANY_SEATS_AVAILABLE,2024,2,5,1,0,0,3,6.1,0.0,32.8,99,0.75,12,10,2024-02-5-17
18,9011012065200000,MANY_SEATS_AVAILABLE,MANY_SEATS_AVAILABLE,2024,2,5,1,0,0,3,5.7,0.0,31.4,90,1.1429,14,10,2024-02-5-18
19,9011012065200000,MANY_SEATS_AVAILABLE,MANY_SEATS_AVAILABLE,2024,2,5,1,0,0,4,5.3,0.0,30.4,85,1.0,7,10,2024-02-5-19
20,9011012065200000,MANY_SEATS_AVAILABLE,MANY_SEATS_AVAILABLE,2024,2,5,1,0,0,4,4.9,0.0,30.1,100,0.75,4,10,2024-02-5-20
21,9011012065200000,MANY_SEATS_AVAILABLE,MANY_SEATS_AVAILABLE,2024,2,5,1,0,0,4,4.6,0.0,31.7,100,0.875,8,10,2024-02-5-21
22,9011012065200000,MANY_SEATS_AVAILABLE,MANY_SEATS_AVAILABLE,2024,2,5,1,0,0,4,4.3,0.0,32.4,100,1.0,5,10,2024-02-5-22
23,9011012065200000,MANY_SEATS_AVAILABLE,MANY_SEATS_AVAILABLE,2024,2,5,1,0,0,0,4.2,0.0,34.6,100,0.875,8,10,2024-02-5-23
4,9011012065200000,EMPTY,EMPTY,2024,3,4,0,0,1,0,4.7,0.0,20.9,87,0.375,8,10,2024-03-4-04
5,9011012065200000,MANY_SEATS_AVAILABLE,MANY_SEATS_AVAILABLE,2024,3,4,0,0,1,1,5.1,0.0,21.9,92,0.625,24,10,2024-03-4-05
6,9011012065200000,MANY_SEATS_AVAILABLE,MANY_SEATS_AVAILABLE,2024,3,4,0,0,1,1,5.2,0.0,21.4,100,1.0741,27,10,2024-03-4-06
7,9011012065200000,MANY_SEATS_AVAILABLE,MANY_SEATS_AVAILABLE,2024,3,4,0,0,1,1,5.4,0.0,22.3,100,1.2,40,10,2024-03-4-07
8,9011012065200000,MANY_SEATS_AVAILABLE,MANY_SEATS_AVAILABLE,2024,3,4,0,0,1,1,5.8,0.0,21.6,100,1.2105,38,10,2024-03-4-08
9,9011012065200000,MANY_SEATS_AVAILABLE,MANY_SEATS_AVAILABLE,2024,3,4,0,0,1,1,6.6,0.0,22.3,100,1.375,24,10,2024-03-4-09
10,9011012065200000,MANY_SEATS_AVAILABLE,MANY_SEATS_AVAILABLE,2024,3,4,0,0,1,2,6.9,0.0,22.4,100,1.0,22,10,2024-03-4-10
11,9011012065200000,MANY_SEATS_AVAILABLE,MANY_SEATS_AVAILABLE,2024,3,4,0,0,1,2,6.8,0.0,24.1,100,1.16,25,10,2024-03-4-11
12,9011012065200000,MANY_SEATS_AVAILABLE,MANY_SEATS_AVAILABLE,2024,3,4,0,0,1,2,6.7,0.0,23.0,100,1.2174,23,10,2024-03-4-12
13,9011012065200000,MANY_SEATS_AVAILABLE,MANY_SEATS_AVAILABLE,2024,3,4,0,0,1,2,6.7,0.1,20.7,100,1.48,25,10,2024-03-4-13
14,9011012065200000,MANY_SEATS_AVAILABLE,MANY_SEATS_AVAILABLE,2024,3,4,0,0,1,2,6.4,0.0,17.4,100,1.0732,41,10,2024-03-4-14
15,9011012065200000,MANY_SEATS_AVAILABLE,MANY_SEATS_AVAILABLE,2024,3,4,0,0,1,3,6.8,0.0,18.3,100,1.0,54,10,2024-03-4-15
16,9011012065200000,MANY_SEATS_AVAILABLE,MANY_SEATS_AVAILABLE,2024,3,4,0,0,1,3,6.6,0.0,17.8,100,0.9574,47,10,2024-03-4-16
17,9011012065200000,MANY_SEATS_AVAILABLE,MANY_SEATS_AVAILABLE,2024,3,4,0,0,1,3,6.7,0.0,16.1,98,0.963,27,10,2024-03-4-17
18,9011012065200000,MANY_SEATS_AVAILABLE,MANY_SEATS_AVAILABLE,2024,3,4,0,0,1,3,6.6,0.0,14.5,2,0.8824,17,10,2024-03-4-18
19,9011012065200000,MANY_SEATS_AVAILABLE,MANY_SEATS_AVAILABLE,2024,3,4,0,0,1,4,5.7,0.0,16.3,70,1.0952,21,10,2024-03-4-19
20,9011012065200000,MANY_SEATS_AVAILABLE,MANY_SEATS_AVAILABLE,2024,3,4,0,0,1,4,5.5,0.0,16.1,94,0.9524,21,10,2024-03-4-20
21,9011012065200000,MANY_SEATS_AVAILABLE,MANY_SEATS_AVAILABLE,2024,3,4,0,0,1,4,5.6,0.0,12.9,100,1.0,16,10,2024-03-4-21
22,9011012065200000,MANY_SEATS_AVAILABLE,MANY_SEATS_AVAILABLE,2024,3,4,0,0,1,4,5.3,0.0,8.9,100,1.0,11,10,2024-03-4-22
23,9011012065200000,MANY_SEATS_AVAILABLE,MANY_SEATS_AVAILABLE,2024,3,4,0,0,1,0,4.5,0.0,11.5,100,0.9,10,10,2024-03-4-23
0,9011012065200000,EMPTY,EMPTY,2024,3,5,1,0,0,0,4.5,0.0,12.9,100,0.4286,7,10,2024-03-5-00
5,9011012065200000,MANY_SEATS_AVAILABLE,MANY_SEATS_AVAILABLE,2024,3,5,1,0,0,1,6.4,0.0,14.6,100,0.75,4,10,2024-03-5-05
6,9011012065200000,MANY_SEATS_AVAILABLE,MANY_SEATS_AVAILABLE,2024,3,5,1,0,0,1,6.9,0.1,16.9,100,0.9167,12,10,2024-03-5-06
7,9011012065200000,MANY_SEATS_AVAILABLE,MANY_SEATS_AVAILABLE,2024,3,5,1,0,0,1,7.0,0.5,16.9,100,0.7692,13,10,2024-03-5-07
8,9011012065200000,MANY_SEATS_AVAILABLE,MANY_SEATS_AVAILABLE,2024,3,5,1,0,0,1,7.0,0.6,19.6,100,0.6667,12,10,2024-03-5-08
9,9011012065200000,MANY_SEATS_AVAILABLE,MANY_SEATS_AVAILABLE,2024,3,5,1,0,0,1,7.4,0.0,20.4,100,0.8462,13,10,2024-03-5-09
10,9011012065200000,MANY_SEATS_AVAILABLE,MANY_SEATS_AVAILABLE,2024,3,5,1,0,0,2,7.4,0.1,20.6,100,1.0,12,10,2024-03-5-10
11,9011012065200000,MANY_SEATS_AVAILABLE,MANY_SEATS_AVAILABLE,2024,3,5,1,0,0,2,7.6,0.0,20.1,100,1.0,12,10,2024-03-5-11
12,9011012065200000,MANY_SEATS_AVAILABLE,MANY_SEATS_AVAILABLE,2024,3,5,1,0,0,2,7.5,0.0,19.4,100,1.25,12,10,2024-03-5-12
13,9011012065200000,MANY_SEATS_AVAILABLE,MANY_SEATS_AVAILABLE,2024,3,5,1,0,0,2,7.3,0.0,17.9,100,0.8462,13,10,2024-03-5-13
14,9011012065200000,MANY_SEATS_AVAILABLE,MANY_SEATS_AVAILABLE,2024,3,5,1,0,0,2,7.3,0.0,16.1,100,0.9167,12,10,2024-03-5-14
15,9011012065200000,MANY_SEATS_AVAILABLE,MANY_SEATS_AVAILABLE,2024,3,5,1,0,0,3,7.4,0.0,14.3,100,1.5,8,10,2024-03-5-15
16,9011012065200000,MANY_SEATS_AVAILABLE,MANY_SEATS_AVAILABLE,2024,3,5,1,0,0,3,7.2,0.0,13.0,100,1.25,4,10,2024-03-5-16
17,9011012065200000,MANY_SEATS_AVAILABLE,MANY_SEATS_AVAILABLE,2024,3,5,1,0,0,3,7.2,0.0,16.3,100,1.0,8,10,2024-03-5-17
18,9011012065200000,MANY_SEATS_AVAILABLE,MANY_SEATS_AVAILABLE,2024,3,5,1,0,0,3,7.3,0.0,18.8,100,1.25,4,10,2024-03-5-18
19,9011012065200000,MANY_SEATS_AVAILABLE,MANY_SEATS_AVAILABLE,2024,3,5,1,0,0,4,7.4,0.0,17.7,91,1.0,8,10,2024-03-5-19
20,9011012065200000,MANY_SEATS_AVAILABLE,MANY_SEATS_AVAILABLE,2024,3,5,1,0,0,4,7.1,0.0,15.1,100,1.0,6,10,2024-03-5-20
21,9011012065200000,MANY_SEATS_AVAILABLE,MANY_SEATS_AVAILABLE,2024,3,5,1,0,0,4,6.9,0.0,14.7,100,1.0,7,10,2024-03-5-21
22,9011012065200000,MANY_SEATS_AVAILABLE,MANY_SEATS_AVAILABLE,2024,3,5,1,0,0,4,7.0,0.0,14.4,99,1.4,5,10,2024-03-5-22
23,9011012065200000,EMPTY,EMPTY,2024,3,5,1,0,0,0,7.1,0.0,16.2,100,0.2857,7,10,2024-03-5-23
0,9011012065200000,MANY_SEATS_AVAILABLE,MANY_SEATS_AVAILABLE,2024,3,6,1,1,0,0,7.2,0.0,17.8,100,1.0,6,10,2024-03-6-00
1,9011012065200000,MANY_SEATS_AVAILABLE,MANY_SEATS_AVAILABLE,2024,3,6,1,1,0,0,7.2,0.0,17.5,100,0.5714,7,10,2024-03-6-01
5,9011012065200000,MANY_SEATS_AVAILABLE,MANY_SEATS_AVAILABLE,2024,3,6,1,1,0,1,6.6,0.0,18.0,100,0.8333,6,10,2024-03-6-05
6,9011012065200000,MANY_SEATS_AVAILABLE,MANY_SEATS_AVAILABLE,2024,3,6,1,1,0,1,6.7,0.0,17.3,100,1.0,11,10,2024-03-6-06
7,9011012065200000,MANY_SEATS_AVAILABLE,MANY_SEATS_AVAILABLE,2024,3,6,1,1,0,1,6.8,0.0,18.4,100,0.9231,13,10,2024-03-6-07
8,9011012065200000,MANY_SEATS_AVAILABLE,MANY_SEATS_AVAILABLE,2024,3,6,1,1,0,1,6.8,0.0,21.6,100,0.9091,11,10,2024-03-6-08
9,9011012065200000,MANY_SEATS_AVAILABLE,MANY_SEATS_AVAILABLE,2024,3,6,1,1,0,1,6.9,0.0,22.3,100,0.7692,13,10,2024-03-6-09
10,9011012065200000,MANY_SEATS_AVAILABLE,MANY_SEATS_AVAILABLE,2024,3,6,1,1,0,2,7.2,0.0,22.4,100,0.75,12,10,2024-03-6-10
11,9011012065200000,MANY_SEATS_AVAILABLE,MANY_SEATS_AVAILABLE,2024,3,6,1,1,0,2,7.9,0.0,21.3,100,1.0,12,10,2024-03-6-11
12,9011012065200000,MANY_SEATS_AVAILABLE,MANY_SEATS_AVAILABLE,2024,3,6,1,1,0,2,8.4,0.0,20.2,100,1.0,12,10,2024-03-6-12
13,9011012065200000,MANY_SEATS_AVAILABLE,MANY_SEATS_AVAILABLE,2024,3,6,1,1,0,2,9.1,0.0,21.0,100,1.0769,13,10,2024-03-6-13
14,9011012065200000,MANY_SEATS_AVAILABLE,MANY_SEATS_AVAILABLE,2024,3,6,1,1,0,2,7.6,0.1,20.6,100,1.0,12,10,2024-03-6-14
15,9011012065200000,MANY_SEATS_AVAILABLE,MANY_SEATS_AVAILABLE,2024,3,6,1,1,0,3,7.9,0.1,20.8,99,1.0,7,10,2024-03-6-15
16,9011012065200000,MANY_SEATS_AVAILABLE,MANY_SEATS_AVAILABLE,2024,3,6,1,1,0,3,7.6,0.0,22.9,96,1.0,5,10,2024-03-6-16
17,9011012065200000,MANY_SEATS_AVAILABLE,MANY_SEATS_AVAILABLE,2024,3,6,1,1,0,3,6.7,0.0,24.7,54,1.2857,7,10,2024-03-6-17
18,9011012065200000,MANY_SEATS_AVAILABLE,MANY_SEATS_AVAILABLE,2024,3,6,1,1,0,3,5.3,0.0,25.6,44,1.0,6,10,2024-03-6-18
19,9011012065200000,MANY_SEATS_AVAILABLE,MANY_SEATS_AVAILABLE,2024,3,6,1,1,0,4,4.5,0.0,25.6,34,0.8571,7,10,2024-03-6-19
20,9011012065200000,MANY_SEATS_AVAILABLE,MANY_SEATS_AVAILABLE,2024,3,6,1,1,0,4,4.1,0.0,25.8,34,1.0,5,10,2024-03-6-20
21,9011012065200000,MANY_SEATS_AVAILABLE,MANY_SEATS_AVAILABLE,2024,3,6,1,1,0,4,4.0,0.0,24.7,6,0.8571,7,10,2024-03-6-21
4,9011012065200000,EMPTY,EMPTY,2024,3,0,0,0,1,0,3.8,0.0,21.0,3,0.0,9,10,2024-03-0-04
5,9011012065200000,MANY_SEATS_AVAILABLE,MANY_SEATS_AVAILABLE,2024,3,0,0,0,1,1,3.6,0.0,22.0,20,0.6957,23,10,2024-03-0-05
6,9011012065200000,MANY_SEATS_AVAILABLE,MANY_SEATS_AVAILABLE,2024,3,0,0,0,1,1,3.4,0.0,23.6,10,0.9429,35,10,2024-03-0-06
7,9011012065200000,MANY_SEATS_AVAILABLE,MANY_SEATS_AVAILABLE,2024,3,0,0,0,1,1,3.3,0.0,24.7,9,1.16,50,10,2024-03-0-07
8,9011012065200000,MANY_SEATS_AVAILABLE,MANY_SEATS_AVAILABLE,2024,3,0,0,0,1,1,3.8,0.0,26.8,7,1.3182,44,10,2024-03-0-08
9,9011012065200000,MANY_SEATS_AVAILABLE,MANY_SEATS_AVAILABLE,2024,3,0,0,0,1,1,4.9,0.0,26.4,22,1.3871,31,10,2024-03-0-09
10,9011012065200000,MANY_SEATS_AVAILABLE,MANY_SEATS_AVAILABLE,2024,3,0,0,0,1,2,5.9,0.0,26.8,44,0.9565,23,10,2024-03-0-10
11,9011012065200000,MANY_SEATS_AVAILABLE,MANY_SEATS_AVAILABLE,2024,3,0,0,0,1,2,6.6,0.0,26.8,52,1.0,23,10,2024-03-0-11
12,9011012065200000,MANY_SEATS_AVAILABLE,MANY_SEATS_AVAILABLE,2024,3,0,0,0,1,2,7.1,0.0,26.8,17,1.0435,23,10,2024-03-0-12
13,9011012065200000,MANY_SEATS_AVAILABLE,MANY_SEATS_AVAILABLE,2024,3,0,0,0,1,2,7.1,0.0,27.5,2,1.1538,26,10,2024-03-0-13
14,9011012065200000,MANY_SEATS_AVAILABLE,MANY_SEATS_AVAILABLE,2024,3,0,0,0,1,2,6.8,0.0,28.1,0,1.119,42,10,2024-03-0-14
15,9011012065200000,MANY_SEATS_AVAILABLE,MANY_SEATS_AVAILABLE,2024,3,0,0,0,1,3,6.4,0.0,28.0,0,1.2708,48,10,2024-03-0-15
16,9011012065200000,MANY_SEATS_AVAILABLE,MANY_SEATS_AVAILABLE,2024,3,0,0,0,1,3,5.6,0.0,27.0,0,1.3,50,10,2024-03-0-16
17,9011012065200000,MANY_SEATS_AVAILABLE,MANY_SEATS_AVAILABLE,2024,3,0,0,0,1,3,4.8,0.0,24.2,0,1.069,29,10,2024-03-0-17
18,9011012065200000,MANY_SEATS_AVAILABLE,MANY_SEATS_AVAILABLE,2024,3,0,0,0,1,3,3.6,0.0,21.4,0,1.0,22,10,2024-03-0-18
19,9011012065200000,MANY_SEATS_AVAILABLE,MANY_SEATS_AVAILABLE,2024,3,0,0,0,1,4,3.0,0.0,20.0,0,0.9565,23,10,2024-03-0-19
20,9011012065200000,MANY_SEATS_AVAILABLE,MANY_SEATS_AVAILABLE,2024,3,0,0,0,1,4,2.8,0.0,19.3,0,0.9565,23,10,2024-03-0-20
21,9011012065200000,MANY_SEATS_AVAILABLE,MANY_SEATS_AVAILABLE,2024,3,0,0,0,1,4,2.8,0.0,20.5,0,1.2857,14,10,2024-03-0-21
22,9011012065200000,MANY_SEATS_AVAILABLE,MANY_SEATS_AVAILABLE,2024,3,0,0,0,1,4,2.5,0.0,20.4,0,1.0,11,10,2024-03-0-22
23,9011012065200000,MANY_SEATS_AVAILABLE,MANY_SEATS_AVAILABLE,2024,3,0,0,0,1,0,2.2,0.0,19.1,0,1.0,6,10,2024-03-0-23
4,9011012065200000,EMPTY,EMPTY,2024,4,0,0,0,1,0,10.3,0.3,20.5,100,0.7778,9,10,2024-04-0-04
5,9011012065200000,MANY_SEATS_AVAILABLE,MANY_SEATS_AVAILABLE,2024,4,0,0,0,1,1,9.2,3.0,22.2,100,0.8696,23,10,2024-04-0-05
6,9011012065200000,MANY_SEATS_AVAILABLE,MANY_SEATS_AVAILABLE,2024,4,0,0,0,1,1,8.9,1.0,19.9,100,0.6923,26,10,2024-04-0-06
7,9011012065200000,MANY_SEATS_AVAILABLE,MANY_SEATS_AVAILABLE,2024,4,0,0,0,1,1,8.7,0.8,17.8,100,1.225,40,10,2024-04-0-07
8,9011012065200000,MANY_SEATS_AVAILABLE,MANY_SEATS_AVAILABLE,2024,4,0,0,0,1,1,8.8,0.0,16.8,100,1.6486,37,10,2024-04-0-08
9,9011012065200000,MANY_SEATS_AVAILABLE,MANY_SEATS_AVAILABLE,2024,4,0,0,0,1,1,9.7,0.0,16.0,100,1.5417,24,10,2024-04-0-09
10,9011012065200000,MANY_SEATS_AVAILABLE,MANY_SEATS_AVAILABLE,2024,4,0,0,0,1,2,10.3,0.0,13.3,100,0.8261,23,10,2024-04-0-10
11,9011012065200000,MANY_SEATS_AVAILABLE,MANY_SEATS_AVAILABLE,2024,4,0,0,0,1,2,11.2,0.0,12.2,1,0.913,23,10,2024-04-0-11
12,9011012065200000,MANY_SEATS_AVAILABLE,MANY_SEATS_AVAILABLE,2024,4,0,0,0,1,2,12.2,0.0,11.2,48,1.2273,22,10,2024-04-0-12
13,9011012065200000,MANY_SEATS_AVAILABLE,MANY_SEATS_AVAILABLE,2024,4,0,0,0,1,2,12.7,0.0,9.6,94,1.0741,27,10,2024-04-0-13
14,9011012065200000,MANY_SEATS_AVAILABLE,MANY_SEATS_AVAILABLE,2024,4,0,0,0,1,2,13.6,0.0,8.6,100,1.1556,45,10,2024-04-0-14
15,9011012065200000,MANY_SEATS_AVAILABLE,MANY_SEATS_AVAILABLE,2024,4,0,0,0,1,3,13.9,0.0,7.8,100,1.2889,45,10,2024-04-0-15
16,9011012065200000,MANY_SEATS_AVAILABLE,MANY_SEATS_AVAILABLE,2024,4,0,0,0,1,3,13.9,0.0,8.8,100,1.2549,51,10,2024-04-0-16
17,9011012065200000,MANY_SEATS_AVAILABLE,MANY_SEATS_AVAILABLE,2024,4,0,0,0,1,3,12.1,0.0,4.8,100,1.1071,28,10,2024-04-0-17
18,9011012065200000,MANY_SEATS_AVAILABLE,MANY_SEATS_AVAILABLE,2024,4,0,0,0,1,3,9.5,0.0,5.5,99,0.7857,14,10,2024-04-0-18
19,9011012065200000,MANY_SEATS_AVAILABLE,MANY_SEATS_AVAILABLE,2024,4,0,0,0,1,4,7.7,0.0,3.3,100,0.7727,22,10,2024-04-0-19
20,9011012065200000,MANY_SEATS_AVAILABLE,MANY_SEATS_AVAILABLE,2024,4,0,0,0,1,4,6.9,0.0,6.2,100,0.9167,24,10,2024-04-0-20
21,9011012065200000,MANY_SEATS_AVAILABLE,MANY_SEATS_AVAILABLE,2024,4,0,0,0,1,4,8.4,0.0,5.4,100,1.0,13,10,2024-04-0-21
22,9011012065200000,MANY_SEATS_AVAILABLE,MANY_SEATS_AVAILABLE,2024,4,0,0,0,1,4,9.0,0.6,3.2,100,0.7273,11,10,2024-04-0-22
23,9011012065200000,EMPTY,EMPTY,2024,4,0,0,0,1,0,8.4,1.8,2.1,100,0.0,6,10,2024-04-0-23
4,9011012065200000,EMPTY,EMPTY,2024,5,2,0,0,1,0,4.2,0.0,8.3,96,0.2222,9,10,2024-05-2-04
5,9011012065200000,MANY_SEATS_AVAILABLE,MANY_SEATS_AVAILABLE,2024,5,2,0,0,1,1,6.6,0.0,5.4,100,0.7391,23,10,2024-05-2-05
6,9011012065200000,MANY_SEATS_AVAILABLE,MANY_SEATS_AVAILABLE,2024,5,2,0,0,1,1,7.9,0.0,9.4,100,0.9355,31,10,2024-05-2-06
7,9011012065200000,MANY_SEATS_AVAILABLE,MANY_SEATS_AVAILABLE,2024,5,2,0,0,1,1,8.8,0.0,11.3,67,1.2593,54,10,2024-05-2-07
8,9011012065200000,MANY_SEATS_AVAILABLE,MANY_SEATS_AVAILABLE,2024,5,2,0,0,1,1,9.8,0.0,9.3,5,1.3556,45,10,2024-05-2-08
9,9011012065200000,MANY_SEATS_AVAILABLE,MANY_SEATS_AVAILABLE,2024,5,2,0,0,1,1,10.8,0.0,9.7,9,1.44,25,10,2024-05-2-09
10,9011012065200000,MANY_SEATS_AVAILABLE,MANY_SEATS_AVAILABLE,2024,5,2,0,0,1,2,11.4,0.0,11.1,20,1.2308,26,10,2024-05-2-10
11,9011012065200000,MANY_SEATS_AVAILABLE,MANY_SEATS_AVAILABLE,2024,5,2,0,0,1,2,12.0,0.0,11.1,6,1.0,24,10,2024-05-2-11
12,9011012065200000,MANY_SEATS_AVAILABLE,MANY_SEATS_AVAILABLE,2024,5,2,0,0,1,2,12.7,0.0,10.9,21,1.087,23,10,2024-05-2-12
13,9011012065200000,MANY_SEATS_AVAILABLE,MANY_SEATS_AVAILABLE,2024,5,2,0,0,1,2,12.8,0.0,13.4,3,1.2857,28,10,2024-05-2-13
14,9011012065200000,MANY_SEATS_AVAILABLE,MANY_SEATS_AVAILABLE,2024,5,2,0,0,1,2,12.6,0.0,14.5,4,1.3684,38,10,2024-05-2-14
15,9011012065200000,MANY_SEATS_AVAILABLE,MANY_SEATS_AVAILABLE,2024,5,2,0,0,1,3,12.5,0.0,12.7,3,1.3778,45,10,2024-05-2-15
16,9011012065200000,MANY_SEATS_AVAILABLE,MANY_SEATS_AVAILABLE,2024,5,2,0,0,1,3,12.0,0.0,14.3,0,1.234,47,10,2024-05-2-16
17,9011012065200000,MANY_SEATS_AVAILABLE,MANY_SEATS_AVAILABLE,2024,5,2,0,0,1,3,11.7,0.0,13.5,2,1.3,30,10,2024-05-2-17
18,9011012065200000,MANY_SEATS_AVAILABLE,MANY_SEATS_AVAILABLE,2024,5,2,0,0,1,3,11.4,0.0,13.7,7,1.381,21,10,2024-05-2-18
19,9011012065200000,MANY_SEATS_AVAILABLE,MANY_SEATS_AVAILABLE,2024,5,2,0,0,1,4,10.7,0.0,12.9,14,1.0,25,10,2024-05-2-19
20,9011012065200000,MANY_SEATS_AVAILABLE,MANY_SEATS_AVAILABLE,2024,5,2,0,0,1,4,10.2,0.0,11.7,15,0.913,23,10,2024-05-2-20
21,9011012065200000,MANY_SEATS_AVAILABLE,MANY_SEATS_AVAILABLE,2024,5,2,0,0,1,4,10.3,0.0,11.0,11,1.3333,12,10,2024-05-2-21
22,9011012065200000,MANY_SEATS_AVAILABLE,MANY_SEATS_AVAILABLE,2024,5,2,0,0,1,4,10.4,0.0,10.3,3,1.0833,12,10,2024-05-2-22
23,9011012065200000,MANY_SEATS_AVAILABLE,MANY_SEATS_AVAILABLE,2024,5,2,0,0,1,0,10.2,0.0,10.2,20,1.0,6,10,2024-05-2-23
17,9011012065200000,MANY_SEATS_AVAILABLE,MANY_SEATS_AVAILABLE,2024,6,0,0,0,1,3,18.0,0.0,24.7,93,1.3077,13,10,2024-06-0-17
18,9011012065200000,MANY_SEATS_AVAILABLE,MANY_SEATS_AVAILABLE,2024,6,0,0,0,1,3,18.0,0.0,24.4,98,1.0,24,10,2024-06-0-18
19,9011012065200000,MANY_SEATS_AVAILABLE,MANY_SEATS_AVAILABLE,2024,6,0,0,0,1,4,17.6,0.0,24.8,87,1.0,23,10,2024-06-0-19
20,9011012065200000,MANY_SEATS_AVAILABLE,MANY_SEATS_AVAILABLE,2024,6,0,0,0,1,4,17.1,0.0,25.0,20,0.9167,24,10,2024-06-0-20
21,9011012065200000,MANY_SEATS_AVAILABLE,MANY_SEATS_AVAILABLE,2024,6,0,0,0,1,4,15.9,0.0,23.8,26,0.7692,13,10,2024-06-0-21
22,9011012065200000,MANY_SEATS_AVAILABLE,MANY_SEATS_AVAILABLE,2024,6,0,0,0,1,4,15.2,0.0,22.1,97,0.8182,11,10,2024-06-0-22
23,9011012065200000,MANY_SEATS_AVAILABLE,MANY_SEATS_AVAILABLE,2024,6,0,0,0,1,0,14.6,0.0,21.3,100,0.5,6,10,2024-06-0-23
0,9011012065200000,MANY_SEATS_AVAILABLE,MANY_SEATS_AVAILABLE,2024,8,5,1,0,0,0,16.3,0.0,7.4,42,0.9231,13,10,2024-08-5-00
1,9011012065200000,EMPTY,EMPTY,2024,8,5,1,0,0,0,15.7,0.0,6.2,3,0.2,5,10,2024-08-5-01
5,9011012065200000,MANY_SEATS_AVAILABLE,MANY_SEATS_AVAILABLE,2024,8,5,1,0,0,1,14.0,0.0,7.5,17,1.0,5,10,2024-08-5-05
6,9011012065200000,MANY_SEATS_AVAILABLE,MANY_SEATS_AVAILABLE,2024,8,5,1,0,0,1,16.7,0.0,9.8,18,0.9167,12,10,2024-08-5-06
7,9011012065200000,MANY_SEATS_AVAILABLE,MANY_SEATS_AVAILABLE,2024,8,5,1,0,0,1,17.6,0.0,13.8,42,0.8571,7,10,2024-08-5-07
8,9011012065200000,MANY_SEATS_AVAILABLE,MANY_SEATS_AVAILABLE,2024,8,5,1,0,0,1,18.3,0.0,14.6,57,1.0,6,10,2024-08-5-08
9,9011012065200000,MANY_SEATS_AVAILABLE,MANY_SEATS_AVAILABLE,2024,8,5,1,0,0,1,19.0,0.0,13.4,77,0.8571,7,10,2024-08-5-09
10,9011012065200000,CROWDED,FEW_SEATS_AVAILABLE,2024,8,5,1,0,0,2,19.7,0.1,12.3,93,2.4,5,10,2024-08-5-10
11,9011012065200000,MANY_SEATS_AVAILABLE,MANY_SEATS_AVAILABLE,2024,8,5,1,0,0,2,19.9,0.2,13.3,93,1.4375,16,10,2024-08-5-11
12,9011012065200000,MANY_SEATS_AVAILABLE,MANY_SEATS_AVAILABLE,2024,8,5,1,0,0,2,20.4,0.1,13.2,100,1.6,15,10,2024-08-5-12
13,9011012065200000,CROWDED,STANDING_ROOM_ONLY,2024,8,5,1,0,0,2,20.9,0.1,12.9,98,2.2,15,10,2024-08-5-13
14,9011012065200000,CROWDED,STANDING_ROOM_ONLY,2024,8,5,1,0,0,2,21.2,0.0,11.9,99,2.2667,15,10,2024-08-5-14
15,9011012065200000,CROWDED,FEW_SEATS_AVAILABLE,2024,8,5,1,0,0,3,21.3,0.0,10.3,100,2.1,10,10,2024-08-5-15
16,9011012065200000,CROWDED,FEW_SEATS_AVAILABLE,2024,8,5,1,0,0,3,21.1,0.0,6.2,96,2.4,5,10,2024-08-5-16
17,9011012065200000,MANY_SEATS_AVAILABLE,MANY_SEATS_AVAILABLE,2024,8,5,1,0,0,3,20.8,0.0,7.3,69,1.125,8,10,2024-08-5-17
18,9011012065200000,CROWDED,STANDING_ROOM_ONLY,2024,8,5,1,0,0,3,20.5,0.0,7.1,100,2.2,5,10,2024-08-5-18
19,9011012065200000,MANY_SEATS_AVAILABLE,MANY_SEATS_AVAILABLE,2024,8,5,1,0,0,4,20.1,0.0,8.2,100,1.125,8,10,2024-08-5-19
20,9011012065200000,MANY_SEATS_AVAILABLE,MANY_SEATS_AVAILABLE,2024,8,5,1,0,0,4,18.7,0.0,4.7,99,0.8333,6,10,2024-08-5-20
21,9011012065200000,MANY_SEATS_AVAILABLE,MANY_SEATS_AVAILABLE,2024,8,5,1,0,0,4,18.1,0.0,4.1,100,1.0714,14,10,2024-08-5-21
22,9011012065200000,MANY_SEATS_AVAILABLE,MANY_SEATS_AVAILABLE,2024,8,5,1,0,0,4,17.5,0.0,5.9,100,1.2727,11,10,2024-08-5-22
23,9011012065200000,MANY_SEATS_AVAILABLE,MANY_SEATS_AVAILABLE,2024,8,5,1,0,0,0,18.0,0.0,5.5,100,1.25,12,10,2024-08-5-23
4,9011012065200000,EMPTY,EMPTY,2024,10,2,0,0,1,0,12.1,0.0,24.9,100,0.0,7,10,2024-10-2-04
5,9011012065200000,MANY_SEATS_AVAILABLE,MANY_SEATS_AVAILABLE,2024,10,2,0,0,1,1,11.9,0.0,25.9,100,0.6522,23,10,2024-10-2-05
6,9011012065200000,MANY_SEATS_AVAILABLE,MANY_SEATS_AVAILABLE,2024,10,2,0,0,1,1,11.8,0.0,27.2,100,1.0,32,10,2024-10-2-06
7,9011012065200000,MANY_SEATS_AVAILABLE,MANY_SEATS_AVAILABLE,2024,10,2,0,0,1,1,11.4,0.0,27.3,100,1.0,54,10,2024-10-2-07
8,9011012065200000,MANY_SEATS_AVAILABLE,MANY_SEATS_AVAILABLE,2024,10,2,0,0,1,1,11.2,0.0,27.6,100,0.9111,45,10,2024-10-2-08
9,9011012065200000,MANY_SEATS_AVAILABLE,MANY_SEATS_AVAILABLE,2024,10,2,0,0,1,1,11.1,0.0,27.0,97,0.9667,30,10,2024-10-2-09
10,9011012065200000,MANY_SEATS_AVAILABLE,MANY_SEATS_AVAILABLE,2024,10,2,0,0,1,2,11.3,0.0,29.1,99,1.0,24,10,2024-10-2-10
11,9011012065200000,MANY_SEATS_AVAILABLE,MANY_SEATS_AVAILABLE,2024,10,2,0,0,1,2,11.4,0.0,32.6,100,1.0455,22,10,2024-10-2-11
12,9011012065200000,MANY_SEATS_AVAILABLE,MANY_SEATS_AVAILABLE,2024,10,2,0,0,1,2,11.6,0.0,33.4,97,1.1667,24,10,2024-10-2-12
13,9011012065200000,MANY_SEATS_AVAILABLE,MANY_SEATS_AVAILABLE,2024,10,2,0,0,1,2,11.7,0.0,37.5,99,1.0645,31,10,2024-10-2-13
14,9011012065200000,MANY_SEATS_AVAILABLE,MANY_SEATS_AVAILABLE,2024,10,2,0,0,1,2,11.9,0.0,29.4,99,0.9024,41,10,2024-10-2-14
15,9011012065200000,MANY_SEATS_AVAILABLE,MANY_SEATS_AVAILABLE,2024,10,2,0,0,1,3,11.7,0.0,27.9,96,0.9623,53,10,2024-10-2-15
16,9011012065200000,MANY_SEATS_AVAILABLE,MANY_SEATS_AVAILABLE,2024,10,2,0,0,1,3,11.1,0.0,27.1,92,0.9362,47,10,2024-10-2-16
17,9011012065200000,MANY_SEATS_AVAILABLE,MANY_SEATS_AVAILABLE,2024,10,2,0,0,1,3,10.5,0.0,25.7,95,1.3462,26,10,2024-10-2-17
18,9011012065200000,MANY_SEATS_AVAILABLE,MANY_SEATS_AVAILABLE,2024,10,2,0,0,1,3,10.5,0.0,26.8,59,0.9259,27,10,2024-10-2-18
19,9011012065200000,MANY_SEATS_AVAILABLE,MANY_SEATS_AVAILABLE,2024,10,2,0,0,1,4,10.3,0.0,24.5,88,1.1304,23,10,2024-10-2-19
20,9011012065200000,MANY_SEATS_AVAILABLE,MANY_SEATS_AVAILABLE,2024,10,2,0,0,1,4,10.3,0.0,25.8,100,0.7391,23,10,2024-10-2-20
21,9011012065200000,MANY_SEATS_AVAILABLE,MANY_SEATS_AVAILABLE,2024,10,2,0,0,1,4,10.3,0.0,26.3,99,1.0,13,10,2024-10-2-21
22,9011012065200000,MANY_SEATS_AVAILABLE,MANY_SEATS_AVAILABLE,2024,10,2,0,0,1,4,10.3,0.0,27.2,98,0.5455,11,10,2024-10-2-22
23,9011012065200000,MANY_SEATS_AVAILABLE,MANY_SEATS_AVAILABLE,2024,10,2,0,0,1,0,10.4,0.0,26.0,100,1.0,6,10,2024-10-2-23
4,9011012065200000,EMPTY,EMPTY,2024,11,1,0,0,1,0,7.9,0.0,5.1,99,0.0,9,10,2024-11-1-04
5,9011012065200000,MANY_SEATS_AVAILABLE,MANY_SEATS_AVAILABLE,2024,11,1,0,0,1,1,7.5,0.0,3.7,88,0.8261,23,10,2024-11-1-05
6,9011012065200000,MANY_SEATS_AVAILABLE,MANY_SEATS_AVAILABLE,2024,11,1,0,0,1,1,6.8,0.0,4.7,20,1.0303,33,10,2024-11-1-06
7,9011012065200000,MANY_SEATS_AVAILABLE,MANY_SEATS_AVAILABLE,2024,11,1,0,0,1,1,6.8,0.0,7.5,38,1.1837,49,10,2024-11-1-07
8,9011012065200000,MANY_SEATS_AVAILABLE,MANY_SEATS_AVAILABLE,2024,11,1,0,0,1,1,6.2,0.0,12.6,100,1.1458,48,10,2024-11-1-08
9,9011012065200000,MANY_SEATS_AVAILABLE,MANY_SEATS_AVAILABLE,2024,11,1,0,0,1,1,5.7,0.0,10.5,100,1.3333,27,10,2024-11-1-09
10,9011012065200000,MANY_SEATS_AVAILABLE,MANY_SEATS_AVAILABLE,2024,11,1,0,0,1,2,5.4,0.0,9.0,100,0.9167,24,10,2024-11-1-10
11,9011012065200000,MANY_SEATS_AVAILABLE,MANY_SEATS_AVAILABLE,2024,11,1,0,0,1,2,5.3,0.0,12.8,100,0.875,24,10,2024-11-1-11
12,9011012065200000,MANY_SEATS_AVAILABLE,MANY_SEATS_AVAILABLE,2024,11,1,0,0,1,2,5.4,0.0,13.2,100,1.0,22,10,2024-11-1-12
13,9011012065200000,MANY_SEATS_AVAILABLE,MANY_SEATS_AVAILABLE,2024,11,1,0,0,1,2,5.5,0.0,12.4,100,1.1071,28,10,2024-11-1-13
14,9011012065200000,MANY_SEATS_AVAILABLE,MANY_SEATS_AVAILABLE,2024,11,1,0,0,1,2,5.2,0.0,14.5,100,1.4,45,10,2024-11-1-14
15,9011012065200000,MANY_SEATS_AVAILABLE,MANY_SEATS_AVAILABLE,2024,11,1,0,0,1,3,5.1,0.0,14.8,100,1.449,49,10,2024-11-1-15
16,9011012065200000,MANY_SEATS_AVAILABLE,MANY_SEATS_AVAILABLE,2024,11,1,0,0,1,3,5.4,0.0,16.3,100,1.2083,48,10,2024-11-1-16
17,9011012065200000,MANY_SEATS_AVAILABLE,MANY_SEATS_AVAILABLE,2024,11,1,0,0,1,3,5.7,0.0,14.2,100,1.0357,28,10,2024-11-1-17
18,9011012065200000,MANY_SEATS_AVAILABLE,MANY_SEATS_AVAILABLE,2024,11,1,0,0,1,3,5.8,0.0,13.3,100,1.087,23,10,2024-11-1-18
19,9011012065200000,MANY_SEATS_AVAILABLE,MANY_SEATS_AVAILABLE,2024,11,1,0,0,1,4,5.7,0.0,12.1,100,0.7083,24,10,2024-11-1-19
20,9011012065200000,MANY_SEATS_AVAILABLE,MANY_SEATS_AVAILABLE,2024,11,1,0,0,1,4,5.8,0.0,12.4,100,0.8696,23,10,2024-11-1-20
21,9011012065200000,MANY_SEATS_AVAILABLE,MANY_SEATS_AVAILABLE,2024,11,1,0,0,1,4,6.0,0.0,12.3,100,0.7692,13,10,2024-11-1-21
22,9011012065200000,MANY_SEATS_AVAILABLE,MANY_SEATS_AVAILABLE,2024,11,1,0,0,1,4,5.9,0.0,10.0,100,0.8462,13,10,2024-11-1-22
23,9011012065200000,MANY_SEATS_AVAILABLE,MANY_SEATS_AVAILABLE,2024,11,1,0,0,1,0,5.9,0.0,8.9,100,0.6667,6,10,2024-11-1-23
0,9011012065200000,MANY_SEATS_AVAILABLE,MANY_SEATS_AVAILABLE,2024,12,6,1,1,0,0,5.3,0.0,19.4,22,0.8333,6,10,2024-12-6-00
1,9011012065200000,MANY_SEATS_AVAILABLE,MANY_SEATS_AVAILABLE,2024,12,6,1,1,0,0,5.3,0.0,19.0,14,1.1429,7,10,2024-12-6-01
5,9011012065200000,MANY_SEATS_AVAILABLE,MANY_SEATS_AVAILABLE,2024,12,6,1,1,0,1,5.2,0.0,15.5,0,1.0,5,10,2024-12-6-05
6,9011012065200000,EMPTY,EMPTY,2024,12,6,1,1,0,1,5.1,0.0,14.9,0,0.1429,7,10,2024-12-6-06
7,9011012065200000,EMPTY,EMPTY,2024,12,6,1,1,0,1,5.1,0.0,14.7,0,0.0,5,10,2024-12-6-07
8,9011012065200000,MANY_SEATS_AVAILABLE,MANY_SEATS_AVAILABLE,2024,12,6,1,1,0,1,5.0,0.0,14.1,1,0.7143,7,10,2024-12-6-08
9,9011012065200000,MANY_SEATS_AVAILABLE,MANY_SEATS_AVAILABLE,2024,12,6,1,1,0,1,5.0,0.0,14.7,6,1.0,5,10,2024-12-6-09
10,9011012065200000,EMPTY,EMPTY,2024,12,6,1,1,0,2,5.5,0.0,15.5,6,0.2857,7,10,2024-12-6-10
11,9011012065200000,MANY_SEATS_AVAILABLE,MANY_SEATS_AVAILABLE,2024,12,6,1,1,0,2,5.7,0.0,16.6,20,0.8333,6,10,2024-12-6-11
12,9011012065200000,CROWDED,FEW_SEATS_AVAILABLE,2024,12,6,1,1,0,2,5.7,0.0,17.1,17,1.125,8,10,2024-12-6-12
13,9011012065200000,MANY_SEATS_AVAILABLE,MANY_SEATS_AVAILABLE,2024,12,6,1,1,0,2,5.6,0.0,16.8,13,1.0,5,10,2024-12-6-13
14,9011012065200000,MANY_SEATS_AVAILABLE,MANY_SEATS_AVAILABLE,2024,12,6,1,1,0,2,5.6,0.0,16.0,0,1.25,8,10,2024-12-6-14
20,9011012065200000,MANY_SEATS_AVAILABLE,MANY_SEATS_AVAILABLE,2024,12,6,1,1,0,4,5.1,0.0,21.7,2,1.0,5,10,2024-12-6-20
21,9011012065200000,MANY_SEATS_AVAILABLE,MANY_SEATS_AVAILABLE,2024,12,6,1,1,0,4,4.9,0.0,21.5,98,0.9167,12,10,2024-12-6-21
22,9011012065200000,MANY_SEATS_AVAILABLE,MANY_SEATS_AVAILABLE,2024,12,6,1,1,0,4,5.0,0.0,22.2,100,0.6667,6,10,2024-12-6-22
4,9011012065200000,EMPTY,EMPTY,2024,12,0,0,0,1,0,5.7,0.0,22.1,100,0.4444,9,10,2024-12-0-04
5,9011012065200000,MANY_SEATS_AVAILABLE,MANY_SEATS_AVAILABLE,2024,12,0,0,0,1,1,6.0,0.0,23.4,100,0.9167,12,10,2024-12-0-05
6,9011012065200000,MANY_SEATS_AVAILABLE,MANY_SEATS_AVAILABLE,2024,12,0,0,0,1,1,5.7,0.1,22.6,100,0.931,29,10,2024-12-0-06
7,9011012065200000,MANY_SEATS_AVAILABLE,MANY_SEATS_AVAILABLE,2024,12,0,0,0,1,1,6.0,0.0,19.4,100,1.0833,36,10,2024-12-0-07
8,9011012065200000,MANY_SEATS_AVAILABLE,MANY_SEATS_AVAILABLE,2024,12,0,0,0,1,1,6.7,0.0,18.6,100,1.2857,42,10,2024-12-0-08
9,9011012065200000,MANY_SEATS_AVAILABLE,MANY_SEATS_AVAILABLE,2024,12,0,0,0,1,1,7.3,0.2,19.1,100,1.0,25,10,2024-12-0-09
10,9011012065200000,MANY_SEATS_AVAILABLE,MANY_SEATS_AVAILABLE,2024,12,0,0,0,1,2,7.7,0.0,20.4,100,1.0,18,10,2024-12-0-10
11,9011012065200000,MANY_SEATS_AVAILABLE,MANY_SEATS_AVAILABLE,2024,12,0,0,0,1,2,8.1,0.0,21.8,100,0.9474,19,10,2024-12-0-11
12,9011012065200000,MANY_SEATS_AVAILABLE,MANY_SEATS_AVAILABLE,2024,12,0,0,0,1,2,8.3,0.0,22.9,98,1.1429,7,10,2024-12-0-12
13,9011012065200000,MANY_SEATS_AVAILABLE,MANY_SEATS_AVAILABLE,2024,12,0,0,0,1,2,8.4,0.0,23.7,100,0.9474,19,10,2024-12-0-13
14,9011012065200000,MANY_SEATS_AVAILABLE,MANY_SEATS_AVAILABLE,2024,12,0,0,0,1,2,7.9,0.1,21.6,100,1.037,27,10,2024-12-0-14
15,9011012065200000,MANY_SEATS_AVAILABLE,MANY_SEATS_AVAILABLE,2024,12,0,0,0,1,3,7.9,0.2,21.4,100,1.1795,39,10,2024-12-0-15
16,9011012065200000,MANY_SEATS_AVAILABLE,MANY_SEATS_AVAILABLE,2024,12,0,0,0,1,3,7.9,0.6,21.1,100,1.1892,37,10,2024-12-0-16
17,9011012065200000,MANY_SEATS_AVAILABLE,MANY_SEATS_AVAILABLE,2024,12,0,0,0,1,3,8.0,0.3,21.9,100,1.0,22,10,2024-12-0-17
18,9011012065200000,MANY_SEATS_AVAILABLE,MANY_SEATS_AVAILABLE,2024,12,0,0,0,1,3,8.0,0.0,22.9,100,0.8,10,10,2024-12-0-18
19,9011012065200000,MANY_SEATS_AVAILABLE,MANY_SEATS_AVAILABLE,2024,12,0,0,0,1,4,8.1,0.0,22.7,100,0.8667,15,10,2024-12-0-19
20,9011012065200000,MANY_SEATS_AVAILABLE,MANY_SEATS_AVAILABLE,2024,12,0,0,0,1,4,8.1,0.0,22.7,100,0.5714,14,10,2024-12-0-20
21,9011012065200000,MANY_SEATS_AVAILABLE,MANY_SEATS_AVAILABLE,2024,12,0,0,0,1,4,8.1,0.0,22.2,100,0.5455,11,10,2024-12-0-21
22,9011012065200000,EMPTY,EMPTY,2024,12,0,0,0,1,4,8.0,0.0,20.9,100,0.4545,11,10,2024-12-0-22
23,9011012065200000,EMPTY,EMPTY,2024,12,0,0,0,1,0,8.0,0.0,21.0,100,0.3333,6,10,2024-12-0-23
4,9011012065200000,EMPTY,EMPTY,2024,12,2,0,0,1,0,1.4,0.0,13.1,100,0.0,5,10,2024-12-2-04
5,9011012065200000,MANY_SEATS_AVAILABLE,MANY_SEATS_AVAILABLE,2024,12,2,0,0,1,1,1.8,0.0,13.5,94,0.8571,21,10,2024-12-2-05
6,9011012065200000,MANY_SEATS_AVAILABLE,MANY_SEATS_AVAILABLE,2024,12,2,0,0,1,1,2.0,0.0,12.7,60,1.0,25,10,2024-12-2-06
7,9011012065200000,MANY_SEATS_AVAILABLE,MANY_SEATS_AVAILABLE,2024,12,2,0,0,1,1,1.9,0.0,12.9,95,1.3714,35,10,2024-12-2-07
8,9011012065200000,MANY_SEATS_AVAILABLE,MANY_SEATS_AVAILABLE,2024,12,2,0,0,1,1,2.1,0.0,11.8,100,1.3333,42,10,2024-12-2-08
9,9011012065200000,MANY_SEATS_AVAILABLE,MANY_SEATS_AVAILABLE,2024,12,2,0,0,1,1,2.7,0.0,12.6,100,1.1,20,10,2024-12-2-09
10,9011012065200000,MANY_SEATS_AVAILABLE,MANY_SEATS_AVAILABLE,2024,12,2,0,0,1,2,3.1,0.0,10.5,100,1.0,19,10,2024-12-2-10
11,9011012065200000,MANY_SEATS_AVAILABLE,MANY_SEATS_AVAILABLE,2024,12,2,0,0,1,2,3.2,0.0,7.9,100,0.9167,12,10,2024-12-2-11
12,9011012065200000,MANY_SEATS_AVAILABLE,MANY_SEATS_AVAILABLE,2024,12,2,0,0,1,2,3.3,0.0,7.0,100,1.0,15,10,2024-12-2-12
13,9011012065200000,MANY_SEATS_AVAILABLE,MANY_SEATS_AVAILABLE,2024,12,2,0,0,1,2,3.3,0.0,4.8,100,1.2222,18,10,2024-12-2-13
14,9011012065200000,MANY_SEATS_AVAILABLE,MANY_SEATS_AVAILABLE,2024,12,2,0,0,1,2,3.0,0.0,6.6,100,1.0571,35,10,2024-12-2-14
15,9011012065200000,MANY_SEATS_AVAILABLE,MANY_SEATS_AVAILABLE,2024,12,2,0,0,1,3,2.9,0.0,6.5,100,1.2778,36,10,2024-12-2-15
16,9011012065200000,MANY_SEATS_AVAILABLE,MANY_SEATS_AVAILABLE,2024,12,2,0,0,1,3,2.7,0.0,5.4,100,1.3889,36,10,2024-12-2-16
17,9011012065200000,MANY_SEATS_AVAILABLE,MANY_SEATS_AVAILABLE,2024,12,2,0,0,1,3,2.4,0.0,7.8,100,1.4286,21,10,2024-12-2-17
18,9011012065200000,MANY_SEATS_AVAILABLE,MANY_SEATS_AVAILABLE,2024,12,2,0,0,1,3,2.0,0.0,7.3,100,1.0,7,10,2024-12-2-18
19,9011012065200000,MANY_SEATS_AVAILABLE,MANY_SEATS_AVAILABLE,2024,12,2,0,0,1,4,1.7,0.0,7.4,100,1.0,16,10,2024-12-2-19
20,9011012065200000,MANY_SEATS_AVAILABLE,MANY_SEATS_AVAILABLE,2024,12,2,0,0,1,4,1.6,0.0,6.4,100,1.0,15,10,2024-12-2-20
21,9011012065200000,MANY_SEATS_AVAILABLE,MANY_SEATS_AVAILABLE,2024,12,2,0,0,1,4,1.5,0.0,8.2,93,0.8889,9,10,2024-12-2-21
22,9011012065200000,MANY_SEATS_AVAILABLE,MANY_SEATS_AVAILABLE,2024,12,2,0,0,1,4,1.0,0.0,8.4,97,1.0,4,10,2024-12-2-22
23,9011012065200000,MANY_SEATS_AVAILABLE,MANY_SEATS_AVAILABLE,2024,12,2,0,0,1,0,0.8,0.0,10.2,99,1.0,5,10,2024-12-2-23
4,9011012065200000,EMPTY,EMPTY,2024,12,3,0,0,1,0,0.7,0.0,9.7,79,0.0,4,10,2024-12-3-04
5,9011012065200000,EMPTY,EMPTY,2024,12,3,0,0,1,1,0.6,0.0,7.7,42,0.5,2,10,2024-12-3-05
6,9011012065200000,MANY_SEATS_AVAILABLE,MANY_SEATS_AVAILABLE,2024,12,3,0,0,1,1,0.4,0.0,6.4,6,0.9444,18,10,2024-12-3-06
7,9011012065200000,MANY_SEATS_AVAILABLE,MANY_SEATS_AVAILABLE,2024,12,3,0,0,1,1,0.0,0.0,5.1,4,1.3103,29,10,2024-12-3-07
8,9011012065200000,MANY_SEATS_AVAILABLE,MANY_SEATS_AVAILABLE,2024,12,3,0,0,1,1,-0.5,0.0,3.4,7,1.2121,33,10,2024-12-3-08
9,9011012065200000,MANY_SEATS_AVAILABLE,MANY_SEATS_AVAILABLE,2024,12,3,0,0,1,1,-0.5,0.0,2.8,12,1.3077,13,10,2024-12-3-09
10,9011012065200000,MANY_SEATS_AVAILABLE,MANY_SEATS_AVAILABLE,2024,12,3,0,0,1,2,1.2,0.0,3.0,14,1.0,15,10,2024-12-3-10
11,9011012065200000,MANY_SEATS_AVAILABLE,MANY_SEATS_AVAILABLE,2024,12,3,0,0,1,2,2.2,0.0,5.8,6,0.8667,15,10,2024-12-3-11
12,9011012065200000,MANY_SEATS_AVAILABLE,MANY_SEATS_AVAILABLE,2024,12,3,0,0,1,2,2.6,0.0,7.3,7,1.0,12,10,2024-12-3-12
13,9011012065200000,MANY_SEATS_AVAILABLE,MANY_SEATS_AVAILABLE,2024,12,3,0,0,1,2,2.8,0.0,9.7,40,0.9167,12,10,2024-12-3-13
14,9011012065200000,MANY_SEATS_AVAILABLE,MANY_SEATS_AVAILABLE,2024,12,3,0,0,1,2,2.2,0.0,10.8,100,1.0,16,10,2024-12-3-14
15,9011012065200000,MANY_SEATS_AVAILABLE,MANY_SEATS_AVAILABLE,2024,12,3,0,0,1,3,2.1,0.0,8.5,100,1.15,20,10,2024-12-3-15
16,9011012065200000,MANY_SEATS_AVAILABLE,MANY_SEATS_AVAILABLE,2024,12,3,0,0,1,3,2.0,0.0,6.5,100,1.05,20,10,2024-12-3-16
17,9011012065200000,MANY_SEATS_AVAILABLE,MANY_SEATS_AVAILABLE,2024,12,3,0,0,1,3,1.9,0.0,5.4,100,0.8667,15,10,2024-12-3-17
18,9011012065200000,MANY_SEATS_AVAILABLE,MANY_SEATS_AVAILABLE,2024,12,3,0,0,1,3,1.6,0.0,5.8,100,1.0,12,10,2024-12-3-18
19,9011012065200000,MANY_SEATS_AVAILABLE,MANY_SEATS_AVAILABLE,2024,12,3,0,0,1,4,1.2,0.0,6.7,100,0.7895,19,10,2024-12-3-19
20,9011012065200000,MANY_SEATS_AVAILABLE,MANY_SEATS_AVAILABLE,2024,12,3,0,0,1,4,0.9,0.0,6.7,84,0.9231,13,10,2024-12-3-20
21,9011012065200000,MANY_SEATS_AVAILABLE,MANY_SEATS_AVAILABLE,2024,12,3,0,0,1,4,0.6,0.0,6.7,83,1.0,11,10,2024-12-3-21
22,9011012065200000,MANY_SEATS_AVAILABLE,MANY_SEATS_AVAILABLE,2024,12,3,0,0,1,4,0.2,0.0,7.2,100,1.0,12,10,2024-12-3-22
23,9011012065200000,EMPTY,EMPTY,2024,12,3,0,0,1,0,-0.3,0.0,7.0,100,0.1667,6,10,2024-12-3-23
4,9011012065200000,MANY_SEATS_AVAILABLE,MANY_SEATS_AVAILABLE,2024,12,4,0,0,1,0,-0.2,0.0,8.5,96,0.5556,9,10,2024-12-4-04
5,9011012065200000,MANY_SEATS_AVAILABLE,MANY_SEATS_AVAILABLE,2024,12,4,0,0,1,1,0.6,0.0,8.2,100,0.6957,23,10,2024-12-4-05
6,9011012065200000,MANY_SEATS_AVAILABLE,MANY_SEATS_AVAILABLE,2024,12,4,0,0,1,1,1.7,0.0,7.4,100,0.9615,26,10,2024-12-4-06
7,9011012065200000,MANY_SEATS_AVAILABLE,MANY_SEATS_AVAILABLE,2024,12,4,0,0,1,1,2.4,0.0,8.0,100,1.275,40,10,2024-12-4-07
8,9011012065200000,MANY_SEATS_AVAILABLE,MANY_SEATS_AVAILABLE,2024,12,4,0,0,1,1,2.9,0.0,10.4,100,1.3421,38,10,2024-12-4-08
9,9011012065200000,MANY_SEATS_AVAILABLE,MANY_SEATS_AVAILABLE,2024,12,4,0,0,1,1,3.3,0.0,12.9,100,1.2727,22,10,2024-12-4-09
10,9011012065200000,MANY_SEATS_AVAILABLE,MANY_SEATS_AVAILABLE,2024,12,4,0,0,1,2,3.7,0.0,12.6,100,1.0,16,10,2024-12-4-10
11,9011012065200000,MANY_SEATS_AVAILABLE,MANY_SEATS_AVAILABLE,2024,12,4,0,0,1,2,4.0,0.0,17.4,100,1.2941,17,10,2024-12-4-11
12,9011012065200000,MANY_SEATS_AVAILABLE,MANY_SEATS_AVAILABLE,2024,12,4,0,0,1,2,4.2,0.0,17.8,100,1.25,12,10,2024-12-4-12
13,9011012065200000,MANY_SEATS_AVAILABLE,MANY_SEATS_AVAILABLE,2024,12,4,0,0,1,2,4.0,0.0,18.0,100,1.6471,17,10,2024-12-4-13
14,9011012065200000,MANY_SEATS_AVAILABLE,MANY_SEATS_AVAILABLE,2024,12,4,0,0,1,2,3.6,0.0,16.9,100,1.4643,28,10,2024-12-4-14
15,9011012065200000,MANY_SEATS_AVAILABLE,MANY_SEATS_AVAILABLE,2024,12,4,0,0,1,3,3.4,0.0,15.4,100,1.0741,27,10,2024-12-4-15
16,9011012065200000,MANY_SEATS_AVAILABLE,MANY_SEATS_AVAILABLE,2024,12,4,0,0,1,3,3.3,0.0,15.6,100,0.9459,37,10,2024-12-4-16
17,9011012065200000,MANY_SEATS_AVAILABLE,MANY_SEATS_AVAILABLE,2024,12,4,0,0,1,3,3.3,0.0,16.7,100,1.0556,18,10,2024-12-4-17
18,9011012065200000,MANY_SEATS_AVAILABLE,MANY_SEATS_AVAILABLE,2024,12,4,0,0,1,3,3.3,0.0,18.2,100,1.3077,13,10,2024-12-4-18
19,9011012065200000,MANY_SEATS_AVAILABLE,MANY_SEATS_AVAILABLE,2024,12,4,0,0,1,4,3.2,0.0,18.8,100,1.0,6,10,2024-12-4-19
20,9011012065200000,MANY_SEATS_AVAILABLE,MANY_SEATS_AVAILABLE,2024,12,4,0,0,1,4,3.0,0.0,18.9,100,1.2143,14,10,2024-12-4-20
21,9011012065200000,MANY_SEATS_AVAILABLE,MANY_SEATS_AVAILABLE,2024,12,4,0,0,1,4,3.0,0.0,19.2,100,1.375,8,10,2024-12-4-21
22,9011012065200000,CROWDED,FEW_SEATS_AVAILABLE,2024,12,4,0,0,1,4,2.9,0.0,20.9,100,1.8,5,10,2024-12-4-22
23,9011012065200000,MANY_SEATS_AVAILABLE,MANY_SEATS_AVAILABLE,2024,12,4,0,0,1,0,2.7,0.0,22.0,100,0.5714,7,10,2024-12-4-23
6,9011012065200000,MANY_SEATS_AVAILABLE,MANY_SEATS_AVAILABLE,2024,12,5,1,0,0,1,1.2,0.0,20.9,100,1.0,5,10,2024-12-5-06
7,9011012065200000,MANY_SEATS_AVAILABLE,MANY_SEATS_AVAILABLE,2024,12,5,1,0,0,1,1.3,0.0,19.1,100,0.5714,7,10,2024-12-5-07
8,9011012065200000,MANY_SEATS_AVAILABLE,MANY_SEATS_AVAILABLE,2024,12,5,1,0,0,1,1.8,0.0,22.0,100,0.8333,6,10,2024-12-5-08
9,9011012065200000,MANY_SEATS_AVAILABLE,MANY_SEATS_AVAILABLE,2024,12,5,1,0,0,1,2.4,0.0,26.3,100,0.5714,7,10,2024-12-5-09
10,9011012065200000,MANY_SEATS_AVAILABLE,MANY_SEATS_AVAILABLE,2024,12,5,1,0,0,2,3.1,0.0,28.6,100,1.0,5,10,2024-12-5-10
11,9011012065200000,MANY_SEATS_AVAILABLE,MANY_SEATS_AVAILABLE,2024,12,5,1,0,0,2,3.4,0.0,30.7,100,0.8571,7,10,2024-12-5-11
12,9011012065200000,MANY_SEATS_AVAILABLE,MANY_SEATS_AVAILABLE,2024,12,5,1,0,0,2,3.5,0.0,32.0,100,1.0,4,10,2024-12-5-12
13,9011012065200000,MANY_SEATS_AVAILABLE,MANY_SEATS_AVAILABLE,2024,12,5,1,0,0,2,3.5,0.1,31.6,100,0.875,8,10,2024-12-5-13
15,9011012065200000,MANY_SEATS_AVAILABLE,MANY_SEATS_AVAILABLE,2024,12,5,1,0,0,3,4.0,0.2,30.7,100,1.0,5,10,2024-12-5-15
16,9011012065200000,CROWDED,FEW_SEATS_AVAILABLE,2024,12,5,1,0,0,3,5.1,0.0,29.9,100,1.25,8,10,2024-12-5-16
17,9011012065200000,MANY_SEATS_AVAILABLE,MANY_SEATS_AVAILABLE,2024,12,5,1,0,0,3,5.6,0.0,27.7,96,1.4,5,10,2024-12-5-17
18,9011012065200000,MANY_SEATS_AVAILABLE,MANY_SEATS_AVAILABLE,2024,12,5,1,0,0,3,5.2,0.0,28.2,62,1.1818,11,10,2024-12-5-18
19,9011012065200000,MANY_SEATS_AVAILABLE,MANY_SEATS_AVAILABLE,2024,12,5,1,0,0,4,5.1,0.0,28.1,13,1.0,13,10,2024-12-5-19
20,9011012065200000,MANY_SEATS_AVAILABLE,MANY_SEATS_AVAILABLE,2024,12,5,1,0,0,4,4.9,0.0,28.7,24,0.9167,12,10,2024-12-5-20
21,9011012065200000,MANY_SEATS_AVAILABLE,MANY_SEATS_AVAILABLE,2024,12,5,1,0,0,4,4.7,0.0,29.5,13,1.0909,11,10,2024-12-5-21
22,9011012065200000,MANY_SEATS_AVAILABLE,MANY_SEATS_AVAILABLE,2024,12,5,1,0,0,4,4.6,0.0,30.2,9,0.875,8,10,2024-12-5-22
23,9011012065200000,MANY_SEATS_AVAILABLE,MANY_SEATS_AVAILABLE,2024,12,5,1,0,0,0,4.3,0.0,27.2,0,1.0,5,10,2024-12-5-23
0,9011012065200000,EMPTY,EMPTY,2024,12,6,1,1,0,0,4.0,0.0,25.4,0,0.2857,7,10,2024-12-6-00
8,9011012065200000,EMPTY,EMPTY,2024,12,6,1,1,0,1,4.2,0.0,22.5,80,0.4,5,10,2024-12-6-08
9,9011012065200000,MANY_SEATS_AVAILABLE,MANY_SEATS_AVAILABLE,2024,12,6,1,1,0,1,4.6,0.0,23.3,95,0.5714,7,10,2024-12-6-09
16,9011012065200000,MANY_SEATS_AVAILABLE,MANY_SEATS_AVAILABLE,2024,12,6,1,1,0,3,6.5,0.3,30.3,100,0.75,4,10,2024-12-6-16
17,9011012065200000,EMPTY,EMPTY,2024,12,6,1,1,0,3,7.2,0.4,30.5,100,0.2857,7,10,2024-12-6-17
18,9011012065200000,MANY_SEATS_AVAILABLE,MANY_SEATS_AVAILABLE,2024,12,6,1,1,0,3,8.3,0.2,31.6,100,1.0,5,10,2024-12-6-18
19,9011012065200000,MANY_SEATS_AVAILABLE,MANY_SEATS_AVAILABLE,2024,12,6,1,1,0,4,9.0,0.0,32.1,100,0.5455,11,10,2024-12-6-19
20,9011012065200000,MANY_SEATS_AVAILABLE,MANY_SEATS_AVAILABLE,2024,12,6,1,1,0,4,9.2,0.0,34.5,100,1.0,7,10,2024-12-6-20
21,9011012065200000,MANY_SEATS_AVAILABLE,MANY_SEATS_AVAILABLE,2024,12,6,1,1,0,4,9.2,0.0,36.7,100,1.0,4,10,2024-12-6-21
22,9011012065200000,MANY_SEATS_AVAILABLE,MANY_SEATS_AVAILABLE,2024,12,6,1,1,0,4,8.9,0.0,38.1,100,0.5714,7,10,2024-12-6-22
4,9011012065200000,EMPTY,EMPTY,2024,12,0,0,0,1,0,10.0,0.0,42.5,100,0.4444,9,10,2024-12-0-04
5,9011012065200000,MANY_SEATS_AVAILABLE,MANY_SEATS_AVAILABLE,2024,12,0,0,0,1,1,10.1,0.1,40.6,100,0.7778,18,10,2024-12-0-05
6,9011012065200000,MANY_SEATS_AVAILABLE,MANY_SEATS_AVAILABLE,2024,12,0,0,0,1,1,10.1,0.2,37.4,100,1.0,20,10,2024-12-0-06
7,9011012065200000,MANY_SEATS_AVAILABLE,MANY_SEATS_AVAILABLE,2024,12,0,0,0,1,1,10.2,0.0,37.1,100,1.2,30,10,2024-12-0-07
8,9011012065200000,CROWDED,FEW_SEATS_AVAILABLE,2024,12,0,0,0,1,1,9.9,0.0,36.4,100,1.4667,30,10,2024-12-0-08
9,9011012065200000,MANY_SEATS_AVAILABLE,MANY_SEATS_AVAILABLE,2024,12,0,0,0,1,1,9.3,0.0,31.8,100,1.35,20,10,2024-12-0-09
10,9011012065200000,CROWDED,FEW_SEATS_AVAILABLE,2024,12,0,0,0,1,2,9.0,0.0,30.2,100,1.5714,7,10,2024-12-0-10
11,9011012065200000,MANY_SEATS_AVAILABLE,MANY_SEATS_AVAILABLE,2024,12,0,0,0,1,2,8.7,0.0,28.5,100,0.9412,17,10,2024-12-0-11
12,9011012065200000,MANY_SEATS_AVAILABLE,MANY_SEATS_AVAILABLE,2024,12,0,0,0,1,2,8.7,0.0,28.1,100,1.4167,12,10,2024-12-0-12
13,9011012065200000,MANY_SEATS_AVAILABLE,MANY_SEATS_AVAILABLE,2024,12,0,0,0,1,2,8.6,0.0,26.7,100,0.9375,16,10,2024-12-0-13
14,9011012065200000,MANY_SEATS_AVAILABLE,MANY_SEATS_AVAILABLE,2024,12,0,0,0,1,2,8.8,0.0,28.5,100,1.125,32,10,2024-12-0-14
15,9011012065200000,MANY_SEATS_AVAILABLE,MANY_SEATS_AVAILABLE,2024,12,0,0,0,1,3,8.7,0.0,30.2,100,1.0667,30,10,2024-12-0-15
16,9011012065200000,MANY_SEATS_AVAILABLE,MANY_SEATS_AVAILABLE,2024,12,0,0,0,1,3,8.6,0.2,29.2,100,1.1111,27,10,2024-12-0-16
17,9011012065200000,MANY_SEATS_AVAILABLE,MANY_SEATS_AVAILABLE,2024,12,0,0,0,1,3,8.4,0.5,24.5,100,1.1,10,10,2024-12-0-17
18,9011012065200000,MANY_SEATS_AVAILABLE,MANY_SEATS_AVAILABLE,2024,12,0,0,0,1,3,8.0,0.8,24.4,100,0.7143,14,10,2024-12-0-18
19,9011012065200000,MANY_SEATS_AVAILABLE,MANY_SEATS_AVAILABLE,2024,12,0,0,0,1,4,8.4,1.0,35.5,100,0.75,8,10,2024-12-0-19
20,9011012065200000,MANY_SEATS_AVAILABLE,MANY_SEATS_AVAILABLE,2024,12,0,0,0,1,4,8.5,0.8,36.2,100,0.6471,17,10,2024-12-0-20
21,9011012065200000,MANY_SEATS_AVAILABLE,MANY_SEATS_AVAILABLE,2024,12,0,0,0,1,4,8.7,0.2,35.4,100,1.0,14,10,2024-12-0-21
22,9011012065200000,MANY_SEATS_AVAILABLE,MANY_SEATS_AVAILABLE,2024,12,0,0,0,1,4,8.8,0.1,36.0,100,0.5455,11,10,2024-12-0-22
23,9011012065200000,EMPTY,EMPTY,2024,12,0,0,0,1,0,9.2,0.0,37.4,100,0.0,6,10,2024-12-0-23
4,9011012065200000,EMPTY,EMPTY,2024,12,1,0,0,1,0,8.8,0.6,33.8,100,0.0,3,10,2024-12-1-04
5,9011012065200000,MANY_SEATS_AVAILABLE,MANY_SEATS_AVAILABLE,2024,12,1,0,0,1,1,8.5,0.2,32.9,81,1.0,2,10,2024-12-1-05
6,9011012065200000,MANY_SEATS_AVAILABLE,MANY_SEATS_AVAILABLE,2024,12,1,0,0,1,1,8.4,0.0,32.1,94,1.0,4,10,2024-12-1-06
7,9011012065200000,MANY_SEATS_AVAILABLE,MANY_SEATS_AVAILABLE,2024,12,1,0,0,1,1,8.1,0.0,29.7,100,1.1818,11,10,2024-12-1-07
8,9011012065200000,MANY_SEATS_AVAILABLE,MANY_SEATS_AVAILABLE,2024,12,1,0,0,1,1,8.2,0.0,28.0,80,1.8,10,10,2024-12-1-08
9,9011012065200000,MANY_SEATS_AVAILABLE,MANY_SEATS_AVAILABLE,2024,12,1,0,0,1,1,7.9,0.0,26.3,75,1.0,3,10,2024-12-1-09
10,9011012065200000,MANY_SEATS_AVAILABLE,MANY_SEATS_AVAILABLE,2024,12,1,0,0,1,2,8.0,0.0,25.9,78,1.0,9,10,2024-12-1-10
11,9011012065200000,MANY_SEATS_AVAILABLE,MANY_SEATS_AVAILABLE,2024,12,1,0,0,1,2,8.4,0.0,25.2,47,1.1667,6,10,2024-12-1-11
12,9011012065200000,MANY_SEATS_AVAILABLE,MANY_SEATS_AVAILABLE,2024,12,1,0,0,1,2,8.6,0.0,25.0,51,1.0769,13,10,2024-12-1-12
13,9011012065200000,MANY_SEATS_AVAILABLE,MANY_SEATS_AVAILABLE,2024,12,1,0,0,1,2,8.7,0.0,23.7,22,1.1,10,10,2024-12-1-13
14,9011012065200000,MANY_SEATS_AVAILABLE,MANY_SEATS_AVAILABLE,2024,12,1,0,0,1,2,8.2,0.0,21.0,64,1.0769,13,10,2024-12-1-14
15,9011012065200000,MANY_SEATS_AVAILABLE,MANY_SEATS_AVAILABLE,2024,12,1,0,0,1,3,7.8,0.0,19.8,81,1.0,20,10,2024-12-1-15
16,9011012065200000,MANY_SEATS_AVAILABLE,MANY_SEATS_AVAILABLE,2024,12,1,0,0,1,3,7.4,0.0,18.0,90,1.1364,22,10,2024-12-1-16
17,9011012065200000,MANY_SEATS_AVAILABLE,MANY_SEATS_AVAILABLE,2024,12,1,0,0,1,3,7.2,0.0,15.6,100,1.0,19,10,2024-12-1-17
18,9011012065200000,MANY_SEATS_AVAILABLE,MANY_SEATS_AVAILABLE,2024,12,1,0,0,1,3,7.2,0.0,13.4,100,1.0,9,10,2024-12-1-18
19,9011012065200000,MANY_SEATS_AVAILABLE,MANY_SEATS_AVAILABLE,2024,12,1,0,0,1,4,7.4,0.1,11.0,100,0.8462,13,10,2024-12-1-19
20,9011012065200000,MANY_SEATS_AVAILABLE,MANY_SEATS_AVAILABLE,2024,12,1,0,0,1,4,7.3,1.1,11.9,100,0.6875,16,10,2024-12-1-20
21,9011012065200000,MANY_SEATS_AVAILABLE,MANY_SEATS_AVAILABLE,2024,12,1,0,0,1,4,7.7,0.8,20.4,100,1.0,11,10,2024-12-1-21
22,9011012065200000,MANY_SEATS_AVAILABLE,MANY_SEATS_AVAILABLE,2024,12,1,0,0,1,4,7.7,0.0,23.7,100,0.8,10,10,2024-12-1-22
23,9011012065200000,MANY_SEATS_AVAILABLE,MANY_SEATS_AVAILABLE,2024,12,1,0,0,1,0,7.6,0.0,23.1,100,0.7143,7,10,2024-12-1-23
4,9011012065200000,EMPTY,EMPTY,2024,12,2,0,0,1,0,6.8,0.0,21.4,100,0.0,9,10,2024-12-2-04
5,9011012065200000,MANY_SEATS_AVAILABLE,MANY_SEATS_AVAILABLE,2024,12,2,0,0,1,1,6.7,0.0,22.8,100,0.8462,13,10,2024-12-2-05
6,9011012065200000,MANY_SEATS_AVAILABLE,MANY_SEATS_AVAILABLE,2024,12,2,0,0,1,1,6.4,0.0,26.0,100,0.9545,22,10,2024-12-2-06
7,9011012065200000,MANY_SEATS_AVAILABLE,MANY_SEATS_AVAILABLE,2024,12,2,0,0,1,1,6.5,0.0,28.0,100,1.2333,30,10,2024-12-2-07
8,9011012065200000,MANY_SEATS_AVAILABLE,MANY_SEATS_AVAILABLE,2024,12,2,0,0,1,1,6.5,0.0,28.8,100,1.1429,28,10,2024-12-2-08
9,9011012065200000,MANY_SEATS_AVAILABLE,MANY_SEATS_AVAILABLE,2024,12,2,0,0,1,1,6.6,0.0,30.1,100,1.2727,22,10,2024-12-2-09
10,9011012065200000,MANY_SEATS_AVAILABLE,MANY_SEATS_AVAILABLE,2024,12,2,0,0,1,2,6.5,1.3,30.5,100,1.0,14,10,2024-12-2-10
11,9011012065200000,MANY_SEATS_AVAILABLE,MANY_SEATS_AVAILABLE,2024,12,2,0,0,1,2,6.4,0.6,29.0,100,0.9545,22,10,2024-12-2-11
12,9011012065200000,MANY_SEATS_AVAILABLE,MANY_SEATS_AVAILABLE,2024,12,2,0,0,1,2,6.7,0.0,28.3,100,1.0,8,10,2024-12-2-12
13,9011012065200000,MANY_SEATS_AVAILABLE,MANY_SEATS_AVAILABLE,2024,12,2,0,0,1,2,6.8,1.9,27.3,100,1.3,10,10,2024-12-2-13
14,9011012065200000,MANY_SEATS_AVAILABLE,MANY_SEATS_AVAILABLE,2024,12,2,0,0,1,2,7.6,0.1,28.9,100,1.6,10,10,2024-12-2-14
15,9011012065200000,MANY_SEATS_AVAILABLE,MANY_SEATS_AVAILABLE,2024,12,2,0,0,1,3,8.0,0.1,30.6,100,1.0,10,10,2024-12-2-15
16,9011012065200000,MANY_SEATS_AVAILABLE,MANY_SEATS_AVAILABLE,2024,12,2,0,0,1,3,8.3,0.2,31.8,100,1.0,7,10,2024-12-2-16
18,9011012065200000,MANY_SEATS_AVAILABLE,MANY_SEATS_AVAILABLE,2024,12,2,0,0,1,3,9.0,0.3,35.5,100,0.9,10,10,2024-12-2-18
19,9011012065200000,MANY_SEATS_AVAILABLE,MANY_SEATS_AVAILABLE,2024,12,2,0,0,1,4,9.2,0.4,39.1,100,1.0,6,10,2024-12-2-19
20,9011012065200000,EMPTY,EMPTY,2024,12,2,0,0,1,4,9.4,0.1,39.4,100,0.2857,7,10,2024-12-2-20
21,9011012065200000,MANY_SEATS_AVAILABLE,MANY_SEATS_AVAILABLE,2024,12,2,0,0,1,4,9.9,0.1,36.4,100,1.2,5,10,2024-12-2-21
22,9011012065200000,MANY_SEATS_AVAILABLE,MANY_SEATS_AVAILABLE,2024,12,2,0,0,1,4,9.9,0.0,30.4,100,0.5,6,10,2024-12-2-22
6,9011012065200000,MANY_SEATS_AVAILABLE,MANY_SEATS_AVAILABLE,2024,12,3,0,0,1,1,8.3,1.4,24.2,100,1.0,6,10,2024-12-3-06
7,9011012065200000,MANY_SEATS_AVAILABLE,MANY_SEATS_AVAILABLE,2024,12,3,0,0,1,1,9.0,0.8,34.9,100,1.1111,9,10,2024-12-3-07
8,9011012065200000,MANY_SEATS_AVAILABLE,MANY_SEATS_AVAILABLE,2024,12,3,0,0,1,1,8.6,0.7,35.1,100,0.9091,11,10,2024-12-3-08
9,9011012065200000,MANY_SEATS_AVAILABLE,MANY_SEATS_AVAILABLE,2024,12,3,0,0,1,1,8.6,1.9,39.6,100,0.8182,11,10,2024-12-3-09
10,9011012065200000,MANY_SEATS_AVAILABLE,MANY_SEATS_AVAILABLE,2024,12,3,0,0,1,2,9.1,3.3,39.2,100,0.9167,12,10,2024-12-3-10
11,9011012065200000,MANY_SEATS_AVAILABLE,MANY_SEATS_AVAILABLE,2024,12,3,0,0,1,2,8.9,1.4,30.8,100,1.1333,15,10,2024-12-3-11
12,9011012065200000,MANY_SEATS_AVAILABLE,MANY_SEATS_AVAILABLE,2024,12,3,0,0,1,2,9.6,0.1,32.1,100,1.2,15,10,2024-12-3-12
13,9011012065200000,MANY_SEATS_AVAILABLE,MANY_SEATS_AVAILABLE,2024,12,3,0,0,1,2,9.6,0.2,29.8,100,0.9091,11,10,2024-12-3-13
14,9011012065200000,MANY_SEATS_AVAILABLE,MANY_SEATS_AVAILABLE,2024,12,3,0,0,1,2,6.5,0.1,31.9,100,1.0,15,10,2024-12-3-14
15,9011012065200000,MANY_SEATS_AVAILABLE,MANY_SEATS_AVAILABLE,2024,12,3,0,0,1,3,5.9,0.1,22.5,100,1.2222,18,10,2024-12-3-15
16,9011012065200000,MANY_SEATS_AVAILABLE,MANY_SEATS_AVAILABLE,2024,12,3,0,0,1,3,5.9,0.0,18.8,100,1.0455,22,10,2024-12-3-16
17,9011012065200000,MANY_SEATS_AVAILABLE,MANY_SEATS_AVAILABLE,2024,12,3,0,0,1,3,5.8,0.0,20.0,100,1.45,20,10,2024-12-3-17
18,9011012065200000,MANY_SEATS_AVAILABLE,MANY_SEATS_AVAILABLE,2024,12,3,0,0,1,3,5.9,0.0,20.9,100,1.1111,18,10,2024-12-3-18
19,9011012065200000,MANY_SEATS_AVAILABLE,MANY_SEATS_AVAILABLE,2024,12,3,0,0,1,4,5.9,0.0,22.6,44,1.0,7,10,2024-12-3-19
20,9011012065200000,MANY_SEATS_AVAILABLE,MANY_SEATS_AVAILABLE,2024,12,3,0,0,1,4,5.7,0.0,27.9,1,1.0,12,10,2024-12-3-20
21,9011012065200000,MANY_SEATS_AVAILABLE,MANY_SEATS_AVAILABLE,2024,12,3,0,0,1,4,5.3,0.0,27.8,39,1.0909,11,10,2024-12-3-21
22,9011012065200000,MANY_SEATS_AVAILABLE,MANY_SEATS_AVAILABLE,2024,12,3,0,0,1,4,5.4,0.0,28.9,42,0.7273,11,10,2024-12-3-22
23,9011012065200000,EMPTY,EMPTY,2024,12,3,0,0,1,0,5.4,0.0,30.8,41,0.0,6,10,2024-12-3-23
10,9011012065200000,MANY_SEATS_AVAILABLE,MANY_SEATS_AVAILABLE,2024,12,4,0,0,1,2,4.6,0.0,26.4,0,1.4,10,10,2024-12-4-10
11,9011012065200000,MANY_SEATS_AVAILABLE,MANY_SEATS_AVAILABLE,2024,12,4,0,0,1,2,5.0,0.0,25.5,0,1.7143,7,10,2024-12-4-11
12,9011012065200000,MANY_SEATS_AVAILABLE,MANY_SEATS_AVAILABLE,2024,12,4,0,0,1,2,5.3,0.0,26.3,0,1.2727,11,10,2024-12-4-12
13,9011012065200000,MANY_SEATS_AVAILABLE,MANY_SEATS_AVAILABLE,2024,12,4,0,0,1,2,5.5,0.0,27.1,0,1.0833,12,10,2024-12-4-13
14,9011012065200000,MANY_SEATS_AVAILABLE,MANY_SEATS_AVAILABLE,2024,12,4,0,0,1,2,5.6,0.0,30.2,8,0.9565,23,10,2024-12-4-14
15,9011012065200000,MANY_SEATS_AVAILABLE,MANY_SEATS_AVAILABLE,2024,12,4,0,0,1,3,5.3,0.0,29.3,46,0.9667,30,10,2024-12-4-15
16,9011012065200000,MANY_SEATS_AVAILABLE,MANY_SEATS_AVAILABLE,2024,12,4,0,0,1,3,5.1,0.0,27.0,28,1.0,30,10,2024-12-4-16
17,9011012065200000,MANY_SEATS_AVAILABLE,MANY_SEATS_AVAILABLE,2024,12,4,0,0,1,3,5.0,0.0,24.9,31,1.0,18,10,2024-12-4-17
18,9011012065200000,MANY_SEATS_AVAILABLE,MANY_SEATS_AVAILABLE,2024,12,4,0,0,1,3,5.1,0.0,23.3,56,1.0,2,10,2024-12-4-18
19,9011012065200000,MANY_SEATS_AVAILABLE,MANY_SEATS_AVAILABLE,2024,12,4,0,0,1,4,5.1,0.0,22.3,85,0.7692,13,10,2024-12-4-19
20,9011012065200000,MANY_SEATS_AVAILABLE,MANY_SEATS_AVAILABLE,2024,12,4,0,0,1,4,4.8,0.0,21.4,82,1.0,8,10,2024-12-4-20
5,9011012065200000,MANY_SEATS_AVAILABLE,MANY_SEATS_AVAILABLE,2024,12,5,1,0,0,1,6.0,0.0,37.0,100,1.0,4,10,2024-12-5-05
6,9011012065200000,MANY_SEATS_AVAILABLE,MANY_SEATS_AVAILABLE,2024,12,5,1,0,0,1,6.0,0.3,37.6,100,0.75,8,10,2024-12-5-06
14,9011012065200000,MANY_SEATS_AVAILABLE,MANY_SEATS_AVAILABLE,2024,12,5,1,0,0,2,7.0,0.1,29.8,100,1.25,4,10,2024-12-5-14
15,9011012065200000,MANY_SEATS_AVAILABLE,MANY_SEATS_AVAILABLE,2024,12,5,1,0,0,3,6.9,0.3,33.0,100,0.875,8,10,2024-12-5-15
16,9011012065200000,MANY_SEATS_AVAILABLE,MANY_SEATS_AVAILABLE,2024,12,5,1,0,0,3,6.8,0.5,34.5,100,1.4,5,10,2024-12-5-16
17,9011012065200000,MANY_SEATS_AVAILABLE,MANY_SEATS_AVAILABLE,2024,12,5,1,0,0,3,6.5,0.2,31.5,100,1.2857,7,10,2024-12-5-17
18,9011012065200000,MANY_SEATS_AVAILABLE,MANY_SEATS_AVAILABLE,2024,12,5,1,0,0,3,6.6,0.1,33.8,100,1.0,5,10,2024-12-5-18
19,9011012065200000,MANY_SEATS_AVAILABLE,MANY_SEATS_AVAILABLE,2024,12,5,1,0,0,4,6.5,0.2,34.3,100,1.0,7,10,2024-12-5-19
20,9011012065200000,MANY_SEATS_AVAILABLE,MANY_SEATS_AVAILABLE,2024,12,5,1,0,0,4,6.6,0.2,39.9,100,0.8333,6,10,2024-12-5-20
21,9011012065200000,MANY_SEATS_AVAILABLE,MANY_SEATS_AVAILABLE,2024,12,5,1,0,0,4,6.6,1.1,41.7,100,0.8333,6,10,2024-12-5-21
6,9011012065200000,MANY_SEATS_AVAILABLE,MANY_SEATS_AVAILABLE,2024,12,6,1,1,0,1,6.5,0.2,28.5,100,1.0,5,10,2024-12-6-06
7,9011012065200000,MANY_SEATS_AVAILABLE,MANY_SEATS_AVAILABLE,2024,12,6,1,1,0,1,6.3,0.5,26.3,98,0.8889,9,10,2024-12-6-07
8,9011012065200000,MANY_SEATS_AVAILABLE,MANY_SEATS_AVAILABLE,2024,12,6,1,1,0,1,6.0,0.0,24.1,97,0.875,8,10,2024-12-6-08
11,9011012065200000,MANY_SEATS_AVAILABLE,MANY_SEATS_AVAILABLE,2024,12,6,1,1,0,2,6.1,0.0,22.4,38,1.0,5,10,2024-12-6-11
12,9011012065200000,MANY_SEATS_AVAILABLE,MANY_SEATS_AVAILABLE,2024,12,6,1,1,0,2,6.2,0.0,22.4,20,0.9167,12,10,2024-12-6-12
13,9011012065200000,MANY_SEATS_AVAILABLE,MANY_SEATS_AVAILABLE,2024,12,6,1,1,0,2,6.1,0.0,20.9,41,1.0,11,10,2024-12-6-13
14,9011012065200000,MANY_SEATS_AVAILABLE,MANY_SEATS_AVAILABLE,2024,12,6,1,1,0,2,5.6,0.0,20.4,84,0.9091,11,10,2024-12-6-14
15,9011012065200000,MANY_SEATS_AVAILABLE,MANY_SEATS_AVAILABLE,2024,12,6,1,1,0,3,5.2,0.2,21.1,57,1.0,12,10,2024-12-6-15
16,9011012065200000,MANY_SEATS_AVAILABLE,MANY_SEATS_AVAILABLE,2024,12,6,1,1,0,3,5.1,0.1,19.2,59,1.0,11,10,2024-12-6-16
17,9011012065200000,MANY_SEATS_AVAILABLE,MANY_SEATS_AVAILABLE,2024,12,6,1,1,0,3,5.1,0.0,18.2,97,0.875,8,10,2024-12-6-17
18,9011012065200000,MANY_SEATS_AVAILABLE,MANY_SEATS_AVAILABLE,2024,12,6,1,1,0,3,4.9,0.0,17.9,43,1.0,5,10,2024-12-6-18
19,9011012065200000,MANY_SEATS_AVAILABLE,MANY_SEATS_AVAILABLE,2024,12,6,1,1,0,4,4.7,0.0,17.1,100,1.0,7,10,2024-12-6-19
20,9011012065200000,MANY_SEATS_AVAILABLE,MANY_SEATS_AVAILABLE,2024,12,6,1,1,0,4,4.7,0.0,15.7,100,1.0,4,10,2024-12-6-20
21,9011012065200000,MANY_SEATS_AVAILABLE,MANY_SEATS_AVAILABLE,2024,12,6,1,1,0,4,4.6,0.0,15.7,74,0.875,8,10,2024-12-6-21
4,9011012065200000,EMPTY,EMPTY,2024,12,0,0,0,1,0,5.2,0.0,21.2,1,0.0,7,10,2024-12-0-04
5,9011012065200000,MANY_SEATS_AVAILABLE,MANY_SEATS_AVAILABLE,2024,12,0,0,0,1,1,5.3,0.0,23.3,79,0.6667,9,10,2024-12-0-05
6,9011012065200000,MANY_SEATS_AVAILABLE,MANY_SEATS_AVAILABLE,2024,12,0,0,0,1,1,5.3,0.0,25.2,100,0.64,25,10,2024-12-0-06
7,9011012065200000,MANY_SEATS_AVAILABLE,MANY_SEATS_AVAILABLE,2024,12,0,0,0,1,1,5.3,0.0,27.6,100,0.825,40,10,2024-12-0-07
8,9011012065200000,MANY_SEATS_AVAILABLE,MANY_SEATS_AVAILABLE,2024,12,0,0,0,1,1,4.8,0.1,22.4,100,0.8,40,10,2024-12-0-08
9,9011012065200000,MANY_SEATS_AVAILABLE,MANY_SEATS_AVAILABLE,2024,12,0,0,0,1,1,4.4,0.1,18.9,100,1.0,22,10,2024-12-0-09
10,9011012065200000,MANY_SEATS_AVAILABLE,MANY_SEATS_AVAILABLE,2024,12,0,0,0,1,2,4.4,0.2,16.9,100,1.0,17,10,2024-12-0-10
11,9011012065200000,MANY_SEATS_AVAILABLE,MANY_SEATS_AVAILABLE,2024,12,0,0,0,1,2,4.4,0.1,13.9,100,0.8421,19,10,2024-12-0-11
12,9011012065200000,MANY_SEATS_AVAILABLE,MANY_SEATS_AVAILABLE,2024,12,0,0,0,1,2,4.0,0.0,14.4,100,1.0,6,10,2024-12-0-12
13,9011012065200000,MANY_SEATS_AVAILABLE,MANY_SEATS_AVAILABLE,2024,12,0,0,0,1,2,4.1,0.0,10.3,100,1.0,24,10,2024-12-0-13
14,9011012065200000,MANY_SEATS_AVAILABLE,MANY_SEATS_AVAILABLE,2024,12,0,0,0,1,2,4.7,0.1,10.2,100,0.9167,24,10,2024-12-0-14
15,9011012065200000,MANY_SEATS_AVAILABLE,MANY_SEATS_AVAILABLE,2024,12,0,0,0,1,3,4.9,0.2,12.4,100,1.0,31,10,2024-12-0-15
16,9011012065200000,MANY_SEATS_AVAILABLE,MANY_SEATS_AVAILABLE,2024,12,0,0,0,1,3,5.0,0.3,10.3,100,0.963,27,10,2024-12-0-16
17,9011012065200000,MANY_SEATS_AVAILABLE,MANY_SEATS_AVAILABLE,2024,12,0,0,0,1,3,4.9,0.1,10.1,100,0.9091,11,10,2024-12-0-17
18,9011012065200000,MANY_SEATS_AVAILABLE,MANY_SEATS_AVAILABLE,2024,12,0,0,0,1,3,4.9,0.0,9.8,100,0.7778,9,10,2024-12-0-18
19,9011012065200000,MANY_SEATS_AVAILABLE,MANY_SEATS_AVAILABLE,2024,12,0,0,0,1,4,4.9,0.0,8.9,98,0.8235,17,10,2024-12-0-19
20,9011012065200000,MANY_SEATS_AVAILABLE,MANY_SEATS_AVAILABLE,2024,12,0,0,0,1,4,4.9,0.0,4.7,91,0.6667,9,10,2024-12-0-20
5,9011012065200000,MANY_SEATS_AVAILABLE,MANY_SEATS_AVAILABLE,2024,12,1,0,1,0,1,2.2,0.0,4.5,100,0.75,4,10,2024-12-1-05
6,9011012065200000,EMPTY,EMPTY,2024,12,1,0,1,0,1,2.3,0.0,5.5,100,0.25,8,10,2024-12-1-06
8,9011012065200000,EMPTY,EMPTY,2024,12,1,0,1,0,1,2.4,0.0,1.6,100,0.0,5,10,2024-12-1-08
9,9011012065200000,EMPTY,EMPTY,2024,12,1,0,1,0,1,2.8,0.0,5.1,100,0.5,6,10,2024-12-1-09
14,9011012065200000,MANY_SEATS_AVAILABLE,MANY_SEATS_AVAILABLE,2024,12,1,0,1,0,2,5.0,0.0,8.8,100,1.0,5,10,2024-12-1-14
15,9011012065200000,MANY_SEATS_AVAILABLE,MANY_SEATS_AVAILABLE,2024,12,1,0,1,0,3,4.8,0.0,11.0,91,0.7143,7,10,2024-12-1-15
16,9011012065200000,MANY_SEATS_AVAILABLE,MANY_SEATS_AVAILABLE,2024,12,1,0,1,0,3,4.2,0.0,13.0,100,1.0,4,10,2024-12-1-16
17,9011012065200000,EMPTY,EMPTY,2024,12,1,0,1,0,3,4.3,0.0,13.3,100,0.2857,7,10,2024-12-1-17
18,9011012065200000,MANY_SEATS_AVAILABLE,MANY_SEATS_AVAILABLE,2024,12,1,0,1,0,3,4.4,0.0,14.5,100,1.0,4,10,2024-12-1-18
19,9011012065200000,MANY_SEATS_AVAILABLE,MANY_SEATS_AVAILABLE,2024,12,1,0,1,0,4,4.7,0.0,17.5,100,0.5714,7,10,2024-12-1-19
20,9011012065200000,MANY_SEATS_AVAILABLE,MANY_SEATS_AVAILABLE,2024,12,1,0,1,0,4,5.0,0.0,18.4,100,0.8333,6,10,2024-12-1-20
21,9011012065200000,MANY_SEATS_AVAILABLE,MANY_SEATS_AVAILABLE,2024,12,1,0,1,0,4,5.0,0.0,17.7,100,1.0,7,10,2024-12-1-21
8,9011012065200000,EMPTY,EMPTY,2024,12,2,0,1,0,1,6.1,0.1,20.0,100,0.2,5,10,2024-12-2-08
9,9011012065200000,MANY_SEATS_AVAILABLE,MANY_SEATS_AVAILABLE,2024,12,2,0,1,0,1,6.3,0.1,19.7,100,0.8182,11,10,2024-12-2-09
10,9011012065200000,EMPTY,EMPTY,2024,12,2,0,1,0,2,6.5,0.1,19.6,100,0.4615,13,10,2024-12-2-10
11,9011012065200000,MANY_SEATS_AVAILABLE,MANY_SEATS_AVAILABLE,2024,12,2,0,1,0,2,6.7,0.2,19.7,100,0.5714,7,10,2024-12-2-11
17,9011012065200000,MANY_SEATS_AVAILABLE,MANY_SEATS_AVAILABLE,2024,12,2,0,1,0,3,7.3,0.0,15.5,100,1.0,5,10,2024-12-2-17
18,9011012065200000,MANY_SEATS_AVAILABLE,MANY_SEATS_AVAILABLE,2024,12,2,0,1,0,3,7.3,0.0,15.3,100,0.8571,7,10,2024-12-2-18
19,9011012065200000,MANY_SEATS_AVAILABLE,MANY_SEATS_AVAILABLE,2024,12,2,0,1,0,4,7.4,0.0,15.6,100,1.0,5,10,2024-12-2-19
20,9011012065200000,MANY_SEATS_AVAILABLE,MANY_SEATS_AVAILABLE,2024,12,2,0,1,0,4,7.5,0.1,16.1,100,0.5556,9,10,2024-12-2-20
21,9011012065200000,MANY_SEATS_AVAILABLE,MANY_SEATS_AVAILABLE,2024,12,2,0,1,0,4,7.5,0.1,16.9,100,1.2,15,10,2024-12-2-21
22,9011012065200000,MANY_SEATS_AVAILABLE,MANY_SEATS_AVAILABLE,2024,12,2,0,1,0,4,7.4,0.1,18.0,100,1.1429,7,10,2024-12-2-22
8,9011012065200000,EMPTY,EMPTY,2024,12,3,0,1,0,1,6.2,0.0,16.4,72,0.0,5,10,2024-12-3-08
9,9011012065200000,MANY_SEATS_AVAILABLE,MANY_SEATS_AVAILABLE,2024,12,3,0,1,0,1,6.1,0.0,15.0,78,0.6667,6,10,2024-12-3-09
10,9011012065200000,MANY_SEATS_AVAILABLE,MANY_SEATS_AVAILABLE,2024,12,3,0,1,0,2,6.3,0.0,13.3,84,1.0,6,10,2024-12-3-10
11,9011012065200000,MANY_SEATS_AVAILABLE,MANY_SEATS_AVAILABLE,2024,12,3,0,1,0,2,6.5,0.0,13.0,61,0.7143,7,10,2024-12-3-11
19,9011012065200000,MANY_SEATS_AVAILABLE,MANY_SEATS_AVAILABLE,2024,12,3,0,1,0,4,6.8,0.0,12.2,100,1.0,5,10,2024-12-3-19
20,9011012065200000,MANY_SEATS_AVAILABLE,MANY_SEATS_AVAILABLE,2024,12,3,0,1,0,4,6.7,0.0,12.0,100,0.75,8,10,2024-12-3-20
21,9011012065200000,MANY_SEATS_AVAILABLE,MANY_SEATS_AVAILABLE,2024,12,3,0,1,0,4,6.6,0.0,12.1,100,1.0,6,10,2024-12-3-21
22,9011012065200000,MANY_SEATS_AVAILABLE,MANY_SEATS_AVAILABLE,2024,12,3,0,1,0,4,6.6,0.0,13.8,100,0.75,8,10,2024-12-3-22
5,9011012065200000,MANY_SEATS_AVAILABLE,MANY_SEATS_AVAILABLE,2024,12,4,0,0,1,1,5.5,4.8,10.6,100,0.8667,15,10,2024-12-4-05
6,9011012065200000,MANY_SEATS_AVAILABLE,MANY_SEATS_AVAILABLE,2024,12,4,0,0,1,1,5.7,0.5,9.4,100,0.7333,15,10,2024-12-4-06
7,9011012065200000,MANY_SEATS_AVAILABLE,MANY_SEATS_AVAILABLE,2024,12,4,0,0,1,1,5.7,0.0,8.5,100,0.7368,19,10,2024-12-4-07
8,9011012065200000,MANY_SEATS_AVAILABLE,MANY_SEATS_AVAILABLE,2024,12,4,0,0,1,1,5.5,0.0,7.2,100,0.875,16,10,2024-12-4-08
9,9011012065200000,MANY_SEATS_AVAILABLE,MANY_SEATS_AVAILABLE,2024,12,4,0,0,1,1,5.4,0.0,6.7,100,1.0,9,10,2024-12-4-09
10,9011012065200000,MANY_SEATS_AVAILABLE,MANY_SEATS_AVAILABLE,2024,12,4,0,0,1,2,5.6,0.0,8.9,100,1.0,15,10,2024-12-4-10
11,9011012065200000,MANY_SEATS_AVAILABLE,MANY_SEATS_AVAILABLE,2024,12,4,0,0,1,2,5.9,0.0,9.5,100,1.0,8,10,2024-12-4-11
12,9011012065200000,MANY_SEATS_AVAILABLE,MANY_SEATS_AVAILABLE,2024,12,4,0,0,1,2,6.0,0.0,11.1,100,0.9524,21,10,2024-12-4-12
13,9011012065200000,MANY_SEATS_AVAILABLE,MANY_SEATS_AVAILABLE,2024,12,4,0,0,1,2,5.8,0.0,11.3,100,1.2222,9,10,2024-12-4-13
14,9011012065200000,MANY_SEATS_AVAILABLE,MANY_SEATS_AVAILABLE,2024,12,4,0,0,1,2,5.4,0.0,10.0,100,1.0,5,10,2024-12-4-14
15,9011012065200000,MANY_SEATS_AVAILABLE,MANY_SEATS_AVAILABLE,2024,12,4,0,0,1,3,5.5,0.0,7.5,100,0.9,10,10,2024-12-4-15
16,9011012065200000,MANY_SEATS_AVAILABLE,MANY_SEATS_AVAILABLE,2024,12,4,0,0,1,3,5.4,0.0,5.4,100,0.9,10,10,2024-12-4-16
17,9011012065200000,MANY_SEATS_AVAILABLE,MANY_SEATS_AVAILABLE,2024,12,4,0,0,1,3,5.5,0.0,6.7,100,1.0,10,10,2024-12-4-17
18,9011012065200000,MANY_SEATS_AVAILABLE,MANY_SEATS_AVAILABLE,2024,12,4,0,0,1,3,5.6,0.0,9.0,100,1.0,2,10,2024-12-4-18
19,9011012065200000,EMPTY,EMPTY,2024,12,4,0,0,1,4,5.7,0.0,9.6,100,0.4,5,10,2024-12-4-19
20,9011012065200000,MANY_SEATS_AVAILABLE,MANY_SEATS_AVAILABLE,2024,12,4,0,0,1,4,5.6,0.0,8.8,100,1.0,6,10,2024-12-4-20
21,9011012065200000,MANY_SEATS_AVAILABLE,MANY_SEATS_AVAILABLE,2024,12,4,0,0,1,4,5.6,0.0,8.1,95,1.0,5,10,2024-12-4-21
22,9011012065200000,MANY_SEATS_AVAILABLE,MANY_SEATS_AVAILABLE,2024,12,4,0,0,1,4,5.4,0.0,7.7,86,0.8333,6,10,2024-12-4-22
0,9011012065200000,MANY_SEATS_AVAILABLE,MANY_SEATS_AVAILABLE,2024,12,5,1,0,0,0,5.3,0.0,8.4,98,0.8333,6,10,2024-12-5-00
1,9011012065200000,MANY_SEATS_AVAILABLE,MANY_SEATS_AVAILABLE,2024,12,5,1,0,0,0,5.2,0.0,7.9,100,1.0,6,10,2024-12-5-01
5,9011012065200000,MANY_SEATS_AVAILABLE,MANY_SEATS_AVAILABLE,2024,12,5,1,0,0,1,4.7,0.0,6.4,100,1.0,5,10,2024-12-5-05
6,9011012065200000,MANY_SEATS_AVAILABLE,MANY_SEATS_AVAILABLE,2024,12,5,1,0,0,1,4.7,0.0,7.2,100,0.6364,11,10,2024-12-5-06
7,9011012065200000,MANY_SEATS_AVAILABLE,MANY_SEATS_AVAILABLE,2024,12,5,1,0,0,1,4.8,0.0,7.4,100,0.8571,7,10,2024-12-5-07
10,9011012065200000,MANY_SEATS_AVAILABLE,MANY_SEATS_AVAILABLE,2024,12,5,1,0,0,2,4.9,0.0,8.5,79,1.0,5,10,2024-12-5-10
11,9011012065200000,MANY_SEATS_AVAILABLE,MANY_SEATS_AVAILABLE,2024,12,5,1,0,0,2,5.2,0.0,7.2,89,1.0,7,10,2024-12-5-11
12,9011012065200000,MANY_SEATS_AVAILABLE,MANY_SEATS_AVAILABLE,2024,12,5,1,0,0,2,5.4,0.0,7.6,100,1.0,5,10,2024-12-5-12
13,9011012065200000,MANY_SEATS_AVAILABLE,MANY_SEATS_AVAILABLE,2024,12,5,1,0,0,2,5.5,0.0,8.3,100,0.8571,7,10,2024-12-5-13
14,9011012065200000,MANY_SEATS_AVAILABLE,MANY_SEATS_AVAILABLE,2024,12,5,1,0,0,2,4.5,0.0,8.5,100,1.0,5,10,2024-12-5-14
15,9011012065200000,MANY_SEATS_AVAILABLE,MANY_SEATS_AVAILABLE,2024,12,5,1,0,0,3,4.4,0.0,9.8,99,0.9091,11,10,2024-12-5-15
16,9011012065200000,MANY_SEATS_AVAILABLE,MANY_SEATS_AVAILABLE,2024,12,5,1,0,0,3,4.5,0.0,11.1,100,1.1667,12,10,2024-12-5-16
17,9011012065200000,MANY_SEATS_AVAILABLE,MANY_SEATS_AVAILABLE,2024,12,5,1,0,0,3,4.5,0.0,12.1,100,1.4286,14,10,2024-12-5-17
18,9011012065200000,MANY_SEATS_AVAILABLE,MANY_SEATS_AVAILABLE,2024,12,5,1,0,0,3,4.4,0.0,12.7,100,0.9167,12,10,2024-12-5-18
19,9011012065200000,MANY_SEATS_AVAILABLE,MANY_SEATS_AVAILABLE,2024,12,5,1,0,0,4,4.4,0.0,14.4,100,1.0,12,10,2024-12-5-19
20,9011012065200000,MANY_SEATS_AVAILABLE,MANY_SEATS_AVAILABLE,2024,12,5,1,0,0,4,4.4,0.0,15.9,100,1.1667,12,10,2024-12-5-20
21,9011012065200000,MANY_SEATS_AVAILABLE,MANY_SEATS_AVAILABLE,2024,12,5,1,0,0,4,4.2,0.0,17.5,100,0.875,8,10,2024-12-5-21
22,9011012065200000,CROWDED,FEW_SEATS_AVAILABLE,2024,12,5,1,0,0,4,4.2,0.0,18.5,100,1.8,5,10,2024-12-5-22
23,9011012065200000,MANY_SEATS_AVAILABLE,MANY_SEATS_AVAILABLE,2024,12,5,1,0,0,0,4.1,0.0,17.7,100,0.5,6,10,2024-12-5-23
0,9011012065200000,MANY_SEATS_AVAILABLE,MANY_SEATS_AVAILABLE,2024,12,6,1,1,0,0,4.0,0.0,17.9,100,0.8333,6,10,2024-12-6-00
1,9011012065200000,MANY_SEATS_AVAILABLE,MANY_SEATS_AVAILABLE,2024,12,6,1,1,0,0,3.9,0.0,19.3,100,1.0,7,10,2024-12-6-01
5,9011012065200000,MANY_SEATS_AVAILABLE,MANY_SEATS_AVAILABLE,2024,12,6,1,1,0,1,4.0,0.0,19.9,100,1.0,5,10,2024-12-6-05
6,9011012065200000,EMPTY,EMPTY,2024,12,6,1,1,0,1,4.5,0.0,21.9,100,0.4545,11,10,2024-12-6-06
7,9011012065200000,MANY_SEATS_AVAILABLE,MANY_SEATS_AVAILABLE,2024,12,6,1,1,0,1,5.2,0.1,22.1,100,0.5833,12,10,2024-12-6-07
8,9011012065200000,EMPTY,EMPTY,2024,12,6,1,1,0,1,5.5,0.0,20.4,100,0.3571,14,10,2024-12-6-08
9,9011012065200000,EMPTY,EMPTY,2024,12,6,1,1,0,1,5.7,0.0,20.9,100,0.4545,11,10,2024-12-6-09
10,9011012065200000,EMPTY,EMPTY,2024,12,6,1,1,0,2,5.8,0.0,23.0,100,0.5,8,10,2024-12-6-10
11,9011012065200000,MANY_SEATS_AVAILABLE,MANY_SEATS_AVAILABLE,2024,12,6,1,1,0,2,5.9,0.0,23.4,100,0.6,5,10,2024-12-6-11
12,9011012065200000,MANY_SEATS_AVAILABLE,MANY_SEATS_AVAILABLE,2024,12,6,1,1,0,2,6.3,0.1,24.7,100,0.625,8,10,2024-12-6-12
13,9011012065200000,MANY_SEATS_AVAILABLE,MANY_SEATS_AVAILABLE,2024,12,6,1,1,0,2,6.6,0.0,26.4,100,1.0,5,10,2024-12-6-13
14,9011012065200000,MANY_SEATS_AVAILABLE,MANY_SEATS_AVAILABLE,2024,12,6,1,1,0,2,6.3,0.0,28.1,100,0.8571,7,10,2024-12-6-14
15,9011012065200000,MANY_SEATS_AVAILABLE,MANY_SEATS_AVAILABLE,2024,12,6,1,1,0,3,6.0,0.0,28.0,100,0.8,5,10,2024-12-6-15
16,9011012065200000,MANY_SEATS_AVAILABLE,MANY_SEATS_AVAILABLE,2024,12,6,1,1,0,3,5.9,0.0,28.1,100,0.8571,7,10,2024-12-6-16
17,9011012065200000,MANY_SEATS_AVAILABLE,MANY_SEATS_AVAILABLE,2024,12,6,1,1,0,3,6.1,0.0,27.5,100,1.0,5,10,2024-12-6-17
18,9011012065200000,MANY_SEATS_AVAILABLE,MANY_SEATS_AVAILABLE,2024,12,6,1,1,0,3,6.0,0.0,27.8,100,0.8571,7,10,2024-12-6-18
19,9011012065200000,MANY_SEATS_AVAILABLE,MANY_SEATS_AVAILABLE,2024,12,6,1,1,0,4,6.1,0.0,29.8,100,1.0,5,10,2024-12-6-19
20,9011012065200000,MANY_SEATS_AVAILABLE,MANY_SEATS_AVAILABLE,2024,12,6,1,1,0,4,6.1,1.0,32.5,100,1.0,11,10,2024-12-6-20
21,9011012065200000,MANY_SEATS_AVAILABLE,MANY_SEATS_AVAILABLE,2024,12,6,1,1,0,4,6.2,0.0,33.3,100,0.9231,13,10,2024-12-6-21
22,9011012065200000,EMPTY,EMPTY,2024,12,6,1,1,0,4,6.4,0.1,32.7,100,0.25,8,10,2024-12-6-22
4,9011012065200000,EMPTY,EMPTY,2024,12,0,0,0,1,0,6.9,0.1,31.4,100,0.0,9,10,2024-12-0-04
5,9011012065200000,MANY_SEATS_AVAILABLE,MANY_SEATS_AVAILABLE,2024,12,0,0,0,1,1,7.0,0.1,33.0,100,0.8333,12,10,2024-12-0-05
6,9011012065200000,MANY_SEATS_AVAILABLE,MANY_SEATS_AVAILABLE,2024,12,0,0,0,1,1,7.2,0.0,33.4,100,0.871,31,10,2024-12-0-06
7,9011012065200000,MANY_SEATS_AVAILABLE,MANY_SEATS_AVAILABLE,2024,12,0,0,0,1,1,7.2,0.0,33.7,100,0.8298,47,10,2024-12-0-07
8,9011012065200000,MANY_SEATS_AVAILABLE,MANY_SEATS_AVAILABLE,2024,12,0,0,0,1,1,7.3,0.0,33.4,100,0.9783,46,10,2024-12-0-08
9,9011012065200000,MANY_SEATS_AVAILABLE,MANY_SEATS_AVAILABLE,2024,12,0,0,0,1,1,7.3,0.0,34.2,100,0.8889,27,10,2024-12-0-09
10,9011012065200000,MANY_SEATS_AVAILABLE,MANY_SEATS_AVAILABLE,2024,12,0,0,0,1,2,7.4,0.1,34.5,100,0.7917,24,10,2024-12-0-10
11,9011012065200000,MANY_SEATS_AVAILABLE,MANY_SEATS_AVAILABLE,2024,12,0,0,0,1,2,7.6,0.0,35.4,100,0.9444,18,10,2024-12-0-11
12,9011012065200000,MANY_SEATS_AVAILABLE,MANY_SEATS_AVAILABLE,2024,12,0,0,0,1,2,7.8,0.0,35.5,100,1.0,6,10,2024-12-0-12
13,9011012065200000,MANY_SEATS_AVAILABLE,MANY_SEATS_AVAILABLE,2024,12,0,0,0,1,2,7.8,0.0,36.4,100,0.9545,22,10,2024-12-0-13
14,9011012065200000,MANY_SEATS_AVAILABLE,MANY_SEATS_AVAILABLE,2024,12,0,0,0,1,2,7.4,0.2,35.3,100,0.9167,24,10,2024-12-0-14
15,9011012065200000,MANY_SEATS_AVAILABLE,MANY_SEATS_AVAILABLE,2024,12,0,0,0,1,3,7.3,0.2,34.9,100,1.0,32,10,2024-12-0-15
16,9011012065200000,MANY_SEATS_AVAILABLE,MANY_SEATS_AVAILABLE,2024,12,0,0,0,1,3,7.2,0.3,35.5,100,1.0,24,10,2024-12-0-16
17,9011012065200000,EMPTY,EMPTY,2024,12,0,0,0,1,3,7.1,0.1,38.1,100,0.4286,14,10,2024-12-0-17
18,9011012065200000,MANY_SEATS_AVAILABLE,MANY_SEATS_AVAILABLE,2024,12,0,0,0,1,3,6.9,0.2,39.9,100,0.6667,12,10,2024-12-0-18
19,9011012065200000,MANY_SEATS_AVAILABLE,MANY_SEATS_AVAILABLE,2024,12,0,0,0,1,4,6.7,0.1,39.2,100,0.8333,12,10,2024-12-0-19
20,9011012065200000,MANY_SEATS_AVAILABLE,MANY_SEATS_AVAILABLE,2024,12,0,0,0,1,4,6.6,0.1,38.7,100,1.0,2,10,2024-12-0-20
7,9011012065200000,MANY_SEATS_AVAILABLE,MANY_SEATS_AVAILABLE,2024,12,1,0,1,0,1,4.9,0.0,7.5,100,0.75,4,10,2024-12-1-07
8,9011012065200000,MANY_SEATS_AVAILABLE,MANY_SEATS_AVAILABLE,2024,12,1,0,1,0,1,4.9,0.1,5.8,100,0.5833,12,10,2024-12-1-08
9,9011012065200000,EMPTY,EMPTY,2024,12,1,0,1,0,1,4.9,0.1,5.2,100,0.4,10,10,2024-12-1-09
10,9011012065200000,MANY_SEATS_AVAILABLE,MANY_SEATS_AVAILABLE,2024,12,1,0,1,0,2,5.3,0.2,11.3,100,0.5714,7,10,2024-12-1-10
11,9011012065200000,MANY_SEATS_AVAILABLE,MANY_SEATS_AVAILABLE,2024,12,1,0,1,0,2,6.5,0.1,34.8,100,1.0,5,10,2024-12-1-11
12,9011012065200000,MANY_SEATS_AVAILABLE,MANY_SEATS_AVAILABLE,2024,12,1,0,1,0,2,6.0,0.0,31.7,100,0.8571,7,10,2024-12-1-12
13,9011012065200000,MANY_SEATS_AVAILABLE,MANY_SEATS_AVAILABLE,2024,12,1,0,1,0,2,6.1,0.0,33.2,100,1.0,4,10,2024-12-1-13
14,9011012065200000,MANY_SEATS_AVAILABLE,MANY_SEATS_AVAILABLE,2024,12,1,0,1,0,2,6.6,0.0,33.3,100,0.875,8,10,2024-12-1-14
21,9011012065200000,MANY_SEATS_AVAILABLE,MANY_SEATS_AVAILABLE,2024,12,1,0,1,0,4,5.0,0.1,39.2,100,0.8333,6,10,2024-12-1-21
22,9011012065200000,MANY_SEATS_AVAILABLE,MANY_SEATS_AVAILABLE,2024,12,1,0,1,0,4,5.1,0.0,37.9,100,1.0,7,10,2024-12-1-22
23,9011012065200000,EMPTY,EMPTY,2024,12,1,0,1,0,0,5.1,0.1,37.2,100,0.0,4,10,2024-12-1-23
0,9011012065200000,CROWDED,STANDING_ROOM_ONLY,2025,1,2,0,1,0,0,5.7,0.5,45.4,100,2.0,10,10,2025-01-2-00
8,9011012065200000,EMPTY,EMPTY,2025,1,2,0,1,0,1,7.7,0.7,48.7,100,0.0,4,10,2025-01-2-08
9,9011012065200000,MANY_SEATS_AVAILABLE,MANY_SEATS_AVAILABLE,2025,1,2,0,1,0,1,7.8,0.6,49.6,100,0.5714,7,10,2025-01-2-09
10,9011012065200000,MANY_SEATS_AVAILABLE,MANY_SEATS_AVAILABLE,2025,1,2,0,1,0,2,7.8,0.8,48.8,100,1.0,4,10,2025-01-2-10
11,9011012065200000,MANY_SEATS_AVAILABLE,MANY_SEATS_AVAILABLE,2025,1,2,0,1,0,2,7.6,1.3,50.0,100,1.0,7,10,2025-01-2-11
17,9011012065200000,MANY_SEATS_AVAILABLE,MANY_SEATS_AVAILABLE,2025,1,2,0,1,0,3,7.1,0.4,49.1,100,1.0,5,10,2025-01-2-17
18,9011012065200000,MANY_SEATS_AVAILABLE,MANY_SEATS_AVAILABLE,2025,1,2,0,1,0,3,7.1,0.4,41.9,100,1.0,12,10,2025-01-2-18
19,9011012065200000,MANY_SEATS_AVAILABLE,MANY_SEATS_AVAILABLE,2025,1,2,0,1,0,4,6.7,0.4,35.6,100,0.6364,11,10,2025-01-2-19
20,9011012065200000,MANY_SEATS_AVAILABLE,MANY_SEATS_AVAILABLE,2025,1,2,0,1,0,4,6.4,0.1,35.3,100,1.0,6,10,2025-01-2-20
21,9011012065200000,MANY_SEATS_AVAILABLE,MANY_SEATS_AVAILABLE,2025,1,2,0,1,0,4,6.2,0.0,35.7,100,1.0,5,10,2025-01-2-21
22,9011012065200000,EMPTY,EMPTY,2025,1,2,0,1,0,4,6.0,0.1,36.4,100,0.1667,6,10,2025-01-2-22
4,9011012065200000,EMPTY,EMPTY,2025,1,3,0,0,1,0,1.8,0.2,25.0,91,0.0,9,10,2025-01-3-04
5,9011012065200000,EMPTY,EMPTY,2025,1,3,0,0,1,1,1.9,0.0,23.9,100,0.2381,21,10,2025-01-3-05
6,9011012065200000,MANY_SEATS_AVAILABLE,MANY_SEATS_AVAILABLE,2025,1,3,0,0,1,1,1.3,0.0,28.4,72,0.9375,32,10,2025-01-3-06
7,9011012065200000,MANY_SEATS_AVAILABLE,MANY_SEATS_AVAILABLE,2025,1,3,0,0,1,1,0.9,0.1,27.7,66,0.7949,39,10,2025-01-3-07
8,9011012065200000,EMPTY,EMPTY,2025,1,3,0,0,1,1,0.5,0.6,26.5,22,0.75,32,10,2025-01-3-08
9,9011012065200000,MANY_SEATS_AVAILABLE,MANY_SEATS_AVAILABLE,2025,1,3,0,0,1,1,0.4,0.1,27.9,12,0.8571,21,10,2025-01-3-09
10,9011012065200000,MANY_SEATS_AVAILABLE,MANY_SEATS_AVAILABLE,2025,1,3,0,0,1,2,0.7,0.1,25.9,14,1.0,17,10,2025-01-3-10
11,9011012065200000,MANY_SEATS_AVAILABLE,MANY_SEATS_AVAILABLE,2025,1,3,0,0,1,2,1.1,0.0,26.2,21,1.0,19,10,2025-01-3-11
12,9011012065200000,MANY_SEATS_AVAILABLE,MANY_SEATS_AVAILABLE,2025,1,3,0,0,1,2,1.4,0.0,25.1,38,0.7059,17,10,2025-01-3-12
13,9011012065200000,MANY_SEATS_AVAILABLE,MANY_SEATS_AVAILABLE,2025,1,3,0,0,1,2,1.4,0.0,21.3,10,0.9524,21,10,2025-01-3-13
14,9011012065200000,MANY_SEATS_AVAILABLE,MANY_SEATS_AVAILABLE,2025,1,3,0,0,1,2,1.9,0.0,22.0,1,0.8286,35,10,2025-01-3-14
15,9011012065200000,MANY_SEATS_AVAILABLE,MANY_SEATS_AVAILABLE,2025,1,3,0,0,1,3,1.8,0.0,19.2,0,0.8718,39,10,2025-01-3-15
16,9011012065200000,MANY_SEATS_AVAILABLE,MANY_SEATS_AVAILABLE,2025,1,3,0,0,1,3,1.5,0.0,20.3,0,0.8571,35,10,2025-01-3-16
17,9011012065200000,MANY_SEATS_AVAILABLE,MANY_SEATS_AVAILABLE,2025,1,3,0,0,1,3,1.4,0.0,21.6,100,0.7778,27,10,2025-01-3-17
18,9011012065200000,MANY_SEATS_AVAILABLE,MANY_SEATS_AVAILABLE,2025,1,3,0,0,1,3,1.5,0.0,22.0,100,0.72,25,10,2025-01-3-18
19,9011012065200000,MANY_SEATS_AVAILABLE,MANY_SEATS_AVAILABLE,2025,1,3,0,0,1,4,1.7,0.0,25.5,0,0.8,20,10,2025-01-3-19
20,9011012065200000,MANY_SEATS_AVAILABLE,MANY_SEATS_AVAILABLE,2025,1,3,0,0,1,4,1.6,0.0,25.0,7,0.75,24,10,2025-01-3-20
21,9011012065200000,MANY_SEATS_AVAILABLE,MANY_SEATS_AVAILABLE,2025,1,3,0,0,1,4,1.5,0.0,22.6,26,1.0,13,10,2025-01-3-21
22,9011012065200000,MANY_SEATS_AVAILABLE,MANY_SEATS_AVAILABLE,2025,1,3,0,0,1,4,1.6,0.0,22.3,96,1.0,10,10,2025-01-3-22
23,9011012065200000,MANY_SEATS_AVAILABLE,MANY_SEATS_AVAILABLE,2025,1,3,0,0,1,0,1.6,0.0,23.7,100,1.0,7,10,2025-01-3-23
4,9011012065200000,MANY_SEATS_AVAILABLE,MANY_SEATS_AVAILABLE,2025,1,4,0,0,1,0,1.1,0.0,26.3,4,0.5556,9,10,2025-01-4-04
5,9011012065200000,EMPTY,EMPTY,2025,1,4,0,0,1,1,0.8,0.0,28.2,5,0.4444,18,10,2025-01-4-05
6,9011012065200000,MANY_SEATS_AVAILABLE,MANY_SEATS_AVAILABLE,2025,1,4,0,0,1,1,1.0,0.0,29.9,65,1.0,20,10,2025-01-4-06
7,9011012065200000,MANY_SEATS_AVAILABLE,MANY_SEATS_AVAILABLE,2025,1,4,0,0,1,1,1.5,0.0,37.4,100,0.9259,27,10,2025-01-4-07
8,9011012065200000,MANY_SEATS_AVAILABLE,MANY_SEATS_AVAILABLE,2025,1,4,0,0,1,1,1.8,0.0,40.1,100,0.7273,33,10,2025-01-4-08
9,9011012065200000,MANY_SEATS_AVAILABLE,MANY_SEATS_AVAILABLE,2025,1,4,0,0,1,1,1.4,0.9,43.4,100,0.9444,18,10,2025-01-4-09
10,9011012065200000,MANY_SEATS_AVAILABLE,MANY_SEATS_AVAILABLE,2025,1,4,0,0,1,2,1.7,0.4,36.3,92,1.0,7,10,2025-01-4-10
11,9011012065200000,MANY_SEATS_AVAILABLE,MANY_SEATS_AVAILABLE,2025,1,4,0,0,1,2,2.0,0.0,35.6,12,0.8095,21,10,2025-01-4-11
12,9011012065200000,MANY_SEATS_AVAILABLE,MANY_SEATS_AVAILABLE,2025,1,4,0,0,1,2,1.0,0.0,40.6,65,0.8889,18,10,2025-01-4-12
13,9011012065200000,MANY_SEATS_AVAILABLE,MANY_SEATS_AVAILABLE,2025,1,4,0,0,1,2,-0.2,2.0,35.2,79,0.85,20,10,2025-01-4-13
14,9011012065200000,MANY_SEATS_AVAILABLE,MANY_SEATS_AVAILABLE,2025,1,4,0,0,1,2,0.1,0.0,34.1,19,0.8684,38,10,2025-01-4-14
15,9011012065200000,MANY_SEATS_AVAILABLE,MANY_SEATS_AVAILABLE,2025,1,4,0,0,1,3,0.3,0.0,35.3,18,0.9756,41,10,2025-01-4-15
16,9011012065200000,MANY_SEATS_AVAILABLE,MANY_SEATS_AVAILABLE,2025,1,4,0,0,1,3,0.4,0.0,35.0,7,0.9714,35,10,2025-01-4-16
17,9011012065200000,MANY_SEATS_AVAILABLE,MANY_SEATS_AVAILABLE,2025,1,4,0,0,1,3,1.0,0.0,38.1,41,0.95,20,10,2025-01-4-17
18,9011012065200000,MANY_SEATS_AVAILABLE,MANY_SEATS_AVAILABLE,2025,1,4,0,0,1,3,1.4,0.0,38.5,31,0.9565,23,10,2025-01-4-18
19,9011012065200000,MANY_SEATS_AVAILABLE,MANY_SEATS_AVAILABLE,2025,1,4,0,0,1,4,1.8,0.0,35.5,34,0.75,8,10,2025-01-4-19
20,9011012065200000,MANY_SEATS_AVAILABLE,MANY_SEATS_AVAILABLE,2025,1,4,0,0,1,4,1.4,0.0,35.9,21,0.8667,15,10,2025-01-4-20
21,9011012065200000,MANY_SEATS_AVAILABLE,MANY_SEATS_AVAILABLE,2025,1,4,0,0,1,4,0.8,0.0,31.8,29,0.8889,9,10,2025-01-4-21
22,9011012065200000,MANY_SEATS_AVAILABLE,MANY_SEATS_AVAILABLE,2025,1,4,0,0,1,4,0.2,0.0,33.6,93,1.0,4,10,2025-01-4-22
23,9011012065200000,MANY_SEATS_AVAILABLE,MANY_SEATS_AVAILABLE,2025,1,4,0,0,1,0,-1.2,0.0,29.1,3,0.9286,14,10,2025-01-4-23
0,9011012065200000,MANY_SEATS_AVAILABLE,MANY_SEATS_AVAILABLE,2025,1,5,1,0,0,0,-1.8,0.0,23.0,0,0.7273,11,10,2025-01-5-00
1,9011012065200000,MANY_SEATS_AVAILABLE,MANY_SEATS_AVAILABLE,2025,1,5,1,0,0,0,-1.6,0.0,19.3,0,0.75,8,10,2025-01-5-01
8,9011012065200000,MANY_SEATS_AVAILABLE,MANY_SEATS_AVAILABLE,2025,1,5,1,0,0,1,-0.5,0.0,17.7,100,1.0,5,10,2025-01-5-08
9,9011012065200000,MANY_SEATS_AVAILABLE,MANY_SEATS_AVAILABLE,2025,1,5,1,0,0,1,0.1,0.0,20.3,100,1.0,6,10,2025-01-5-09
21,9011012065200000,MANY_SEATS_AVAILABLE,MANY_SEATS_AVAILABLE,2025,1,5,1,0,0,4,1.5,0.0,22.0,28,1.0,4,10,2025-01-5-21
22,9011012065200000,MANY_SEATS_AVAILABLE,MANY_SEATS_AVAILABLE,2025,1,5,1,0,0,4,1.4,0.0,21.3,28,1.0,8,10,2025-01-5-22
23,9011012065200000,MANY_SEATS_AVAILABLE,MANY_SEATS_AVAILABLE,2025,1,5,1,0,0,0,1.3,0.0,21.0,23,0.8,5,10,2025-01-5-23
0,9011012065200000,MANY_SEATS_AVAILABLE,MANY_SEATS_AVAILABLE,2025,1,6,1,1,0,0,1.1,0.0,19.7,21,0.75,8,10,2025-01-6-00
8,9011012065200000,EMPTY,EMPTY,2025,1,6,1,1,0,1,1.2,0.0,8.2,100,0.0,4,10,2025-01-6-08
9,9011012065200000,MANY_SEATS_AVAILABLE,MANY_SEATS_AVAILABLE,2025,1,6,1,1,0,1,1.5,0.0,10.7,100,0.625,8,10,2025-01-6-09
14,9011012065200000,MANY_SEATS_AVAILABLE,MANY_SEATS_AVAILABLE,2025,1,6,1,1,0,2,1.6,0.0,17.1,100,0.6667,3,10,2025-01-6-14
15,9011012065200000,MANY_SEATS_AVAILABLE,MANY_SEATS_AVAILABLE,2025,1,6,1,1,0,3,1.4,0.0,18.8,100,0.625,8,10,2025-01-6-15
18,9011012065200000,MANY_SEATS_AVAILABLE,MANY_SEATS_AVAILABLE,2025,1,6,1,1,0,3,1.6,0.1,20.7,100,1.0,4,10,2025-01-6-18
19,9011012065200000,MANY_SEATS_AVAILABLE,MANY_SEATS_AVAILABLE,2025,1,6,1,1,0,4,1.6,0.1,22.3,100,0.8333,12,10,2025-01-6-19
20,9011012065200000,MANY_SEATS_AVAILABLE,MANY_SEATS_AVAILABLE,2025,1,6,1,1,0,4,1.6,0.2,22.4,100,0.8,10,10,2025-01-6-20
21,9011012065200000,MANY_SEATS_AVAILABLE,MANY_SEATS_AVAILABLE,2025,1,6,1,1,0,4,1.5,0.3,24.0,100,0.8571,7,10,2025-01-6-21
22,9011012065200000,MANY_SEATS_AVAILABLE,MANY_SEATS_AVAILABLE,2025,1,6,1,1,0,4,1.4,0.4,26.7,100,1.0,8,10,2025-01-6-22
8,9011012065200000,MANY_SEATS_AVAILABLE,MANY_SEATS_AVAILABLE,2025,1,0,0,1,0,1,2.4,1.4,25.1,100,0.75,4,10,2025-01-0-08
9,9011012065200000,MANY_SEATS_AVAILABLE,MANY_SEATS_AVAILABLE,2025,1,0,0,1,0,1,2.9,1.3,24.1,100,0.5556,9,10,2025-01-0-09
10,9011012065200000,MANY_SEATS_AVAILABLE,MANY_SEATS_AVAILABLE,2025,1,0,0,1,0,2,3.5,0.7,24.8,100,1.0,5,10,2025-01-0-10
11,9011012065200000,MANY_SEATS_AVAILABLE,MANY_SEATS_AVAILABLE,2025,1,0,0,1,0,2,4.3,0.5,20.7,100,0.8571,7,10,2025-01-0-11
18,9011012065200000,MANY_SEATS_AVAILABLE,MANY_SEATS_AVAILABLE,2025,1,0,0,1,0,3,7.5,0.7,29.0,100,1.0,4,10,2025-01-0-18
19,9011012065200000,MANY_SEATS_AVAILABLE,MANY_SEATS_AVAILABLE,2025,1,0,0,1,0,4,7.7,0.4,32.1,100,0.9167,12,10,2025-01-0-19
20,9011012065200000,MANY_SEATS_AVAILABLE,MANY_SEATS_AVAILABLE,2025,1,0,0,1,0,4,7.5,2.8,35.8,100,0.7143,7,10,2025-01-0-20
21,9011012065200000,MANY_SEATS_AVAILABLE,MANY_SEATS_AVAILABLE,2025,1,0,0,1,0,4,8.6,0.1,46.5,100,0.8333,6,10,2025-01-0-21
22,9011012065200000,MANY_SEATS_AVAILABLE,MANY_SEATS_AVAILABLE,2025,1,0,0,1,0,4,7.4,0.1,42.0,81,0.5,6,10,2025-01-0-22
4,9011012065200000,EMPTY,EMPTY,2025,1,4,0,0,1,0,2.1,0.0,14.9,94,0.4444,9,10,2025-01-4-04
5,9011012065200000,MANY_SEATS_AVAILABLE,MANY_SEATS_AVAILABLE,2025,1,4,0,0,1,1,1.8,0.0,13.7,56,0.7222,18,10,2025-01-4-05
6,9011012065200000,MANY_SEATS_AVAILABLE,MANY_SEATS_AVAILABLE,2025,1,4,0,0,1,1,1.8,0.0,17.1,40,0.8077,26,10,2025-01-4-06
7,9011012065200000,MANY_SEATS_AVAILABLE,MANY_SEATS_AVAILABLE,2025,1,4,0,0,1,1,1.5,0.0,18.4,0,1.1951,41,10,2025-01-4-07
8,9011012065200000,MANY_SEATS_AVAILABLE,MANY_SEATS_AVAILABLE,2025,1,4,0,0,1,1,1.3,0.0,17.5,10,1.3889,36,10,2025-01-4-08
9,9011012065200000,MANY_SEATS_AVAILABLE,MANY_SEATS_AVAILABLE,2025,1,4,0,0,1,1,1.0,0.0,16.3,2,1.2692,26,10,2025-01-4-09
10,9011012065200000,MANY_SEATS_AVAILABLE,MANY_SEATS_AVAILABLE,2025,1,4,0,0,1,2,0.9,0.0,18.1,47,0.8333,18,10,2025-01-4-10
11,9011012065200000,MANY_SEATS_AVAILABLE,MANY_SEATS_AVAILABLE,2025,1,4,0,0,1,2,0.5,0.0,18.5,51,1.2222,18,10,2025-01-4-11
12,9011012065200000,MANY_SEATS_AVAILABLE,MANY_SEATS_AVAILABLE,2025,1,4,0,0,1,2,0.2,0.0,20.4,55,1.2105,19,10,2025-01-4-12
13,9011012065200000,MANY_SEATS_AVAILABLE,MANY_SEATS_AVAILABLE,2025,1,4,0,0,1,2,1.5,0.0,23.9,74,1.36,25,10,2025-01-4-13
14,9011012065200000,MANY_SEATS_AVAILABLE,MANY_SEATS_AVAILABLE,2025,1,4,0,0,1,2,1.5,0.0,22.0,37,1.3824,34,10,2025-01-4-14
15,9011012065200000,MANY_SEATS_AVAILABLE,MANY_SEATS_AVAILABLE,2025,1,4,0,0,1,3,1.4,0.0,25.5,96,1.1081,37,10,2025-01-4-15
16,9011012065200000,MANY_SEATS_AVAILABLE,MANY_SEATS_AVAILABLE,2025,1,4,0,0,1,3,1.4,0.0,25.7,100,1.125,40,10,2025-01-4-16
17,9011012065200000,MANY_SEATS_AVAILABLE,MANY_SEATS_AVAILABLE,2025,1,4,0,0,1,3,1.2,0.0,26.3,100,0.9444,18,10,2025-01-4-17
18,9011012065200000,MANY_SEATS_AVAILABLE,MANY_SEATS_AVAILABLE,2025,1,4,0,0,1,3,1.2,0.0,26.8,100,1.0,17,10,2025-01-4-18
19,9011012065200000,MANY_SEATS_AVAILABLE,MANY_SEATS_AVAILABLE,2025,1,4,0,0,1,4,1.1,0.0,28.3,100,0.8824,17,10,2025-01-4-19
20,9011012065200000,MANY_SEATS_AVAILABLE,MANY_SEATS_AVAILABLE,2025,1,4,0,0,1,4,0.9,0.0,28.4,100,0.6667,12,10,2025-01-4-20
21,9011012065200000,EMPTY,EMPTY,2025,1,4,0,0,1,4,0.5,0.0,30.0,100,0.0,3,10,2025-01-4-21
23,9011012065200000,MANY_SEATS_AVAILABLE,MANY_SEATS_AVAILABLE,2025,1,4,0,0,1,0,-0.1,0.0,30.9,100,1.0,5,10,2025-01-4-23
4,9011012065200000,EMPTY,EMPTY,2025,1,4,0,0,1,0,3.2,0.0,16.7,0,0.0,9,10,2025-01-4-04
5,9011012065200000,MANY_SEATS_AVAILABLE,MANY_SEATS_AVAILABLE,2025,1,4,0,0,1,1,2.6,0.0,13.8,0,0.6522,23,10,2025-01-4-05
6,9011012065200000,MANY_SEATS_AVAILABLE,MANY_SEATS_AVAILABLE,2025,1,4,0,0,1,1,2.3,0.0,13.0,0,1.0,33,10,2025-01-4-06
7,9011012065200000,MANY_SEATS_AVAILABLE,MANY_SEATS_AVAILABLE,2025,1,4,0,0,1,1,2.1,0.0,12.7,0,1.24,50,10,2025-01-4-07
8,9011012065200000,MANY_SEATS_AVAILABLE,MANY_SEATS_AVAILABLE,2025,1,4,0,0,1,1,1.9,0.0,12.4,0,1.1667,48,10,2025-01-4-08
9,9011012065200000,MANY_SEATS_AVAILABLE,MANY_SEATS_AVAILABLE,2025,1,4,0,0,1,1,2.0,0.0,12.4,2,1.1538,26,10,2025-01-4-09
10,9011012065200000,MANY_SEATS_AVAILABLE,MANY_SEATS_AVAILABLE,2025,1,4,0,0,1,2,2.4,0.0,12.3,11,0.92,25,10,2025-01-4-10
11,9011012065200000,MANY_SEATS_AVAILABLE,MANY_SEATS_AVAILABLE,2025,1,4,0,0,1,2,2.5,0.0,11.6,38,1.2609,23,10,2025-01-4-11
12,9011012065200000,MANY_SEATS_AVAILABLE,MANY_SEATS_AVAILABLE,2025,1,4,0,0,1,2,2.8,0.0,8.3,38,1.381,21,10,2025-01-4-12
13,9011012065200000,MANY_SEATS_AVAILABLE,MANY_SEATS_AVAILABLE,2025,1,4,0,0,1,2,3.2,0.0,9.5,100,1.2414,29,10,2025-01-4-13
14,9011012065200000,MANY_SEATS_AVAILABLE,MANY_SEATS_AVAILABLE,2025,1,4,0,0,1,2,3.4,0.0,15.4,100,1.0909,44,10,2025-01-4-14
15,9011012065200000,MANY_SEATS_AVAILABLE,MANY_SEATS_AVAILABLE,2025,1,4,0,0,1,3,3.7,0.0,14.0,60,1.0,50,10,2025-01-4-15
16,9011012065200000,MANY_SEATS_AVAILABLE,MANY_SEATS_AVAILABLE,2025,1,4,0,0,1,3,3.9,0.0,13.5,100,1.0909,44,10,2025-01-4-16
17,9011012065200000,MANY_SEATS_AVAILABLE,MANY_SEATS_AVAILABLE,2025,1,4,0,0,1,3,3.9,0.1,16.7,100,1.1667,30,10,2025-01-4-17
18,9011012065200000,MANY_SEATS_AVAILABLE,MANY_SEATS_AVAILABLE,2025,1,4,0,0,1,3,4.1,0.0,18.0,51,1.32,25,10,2025-01-4-18
19,9011012065200000,MANY_SEATS_AVAILABLE,MANY_SEATS_AVAILABLE,2025,1,4,0,0,1,4,3.6,0.0,18.7,11,0.8571,21,10,2025-01-4-19
20,9011012065200000,MANY_SEATS_AVAILABLE,MANY_SEATS_AVAILABLE,2025,1,4,0,0,1,4,3.4,0.0,19.4,17,0.8846,26,10,2025-01-4-20
21,9011012065200000,MANY_SEATS_AVAILABLE,MANY_SEATS_AVAILABLE,2025,1,4,0,0,1,4,3.3,0.0,18.3,1,1.0769,13,10,2025-01-4-21
22,9011012065200000,MANY_SEATS_AVAILABLE,MANY_SEATS_AVAILABLE,2025,1,4,0,0,1,4,3.1,0.0,14.9,0,1.0,11,10,2025-01-4-22
23,9011012065200000,MANY_SEATS_AVAILABLE,MANY_SEATS_AVAILABLE,2025,1,4,0,0,1,0,2.8,0.0,13.1,94,0.9091,11,10,2025-01-4-23
4,9011012065200000,EMPTY,EMPTY,2025,2,0,0,0,1,0,1.3,0.0,10.7,100,0.3333,9,10,2025-02-0-04
5,9011012065200000,MANY_SEATS_AVAILABLE,MANY_SEATS_AVAILABLE,2025,2,0,0,0,1,1,1.2,0.0,9.4,100,0.8261,23,10,2025-02-0-05
6,9011012065200000,MANY_SEATS_AVAILABLE,MANY_SEATS_AVAILABLE,2025,2,0,0,0,1,1,1.0,0.0,8.8,100,0.9412,34,10,2025-02-0-06
7,9011012065200000,MANY_SEATS_AVAILABLE,MANY_SEATS_AVAILABLE,2025,2,0,0,0,1,1,0.7,0.0,6.7,98,1.06,50,10,2025-02-0-07
8,9011012065200000,MANY_SEATS_AVAILABLE,MANY_SEATS_AVAILABLE,2025,2,0,0,0,1,1,0.5,0.0,6.3,39,1.2083,48,10,2025-02-0-08
9,9011012065200000,MANY_SEATS_AVAILABLE,MANY_SEATS_AVAILABLE,2025,2,0,0,0,1,1,0.6,0.0,7.0,86,0.8519,27,10,2025-02-0-09
10,9011012065200000,MANY_SEATS_AVAILABLE,MANY_SEATS_AVAILABLE,2025,2,0,0,0,1,2,1.3,0.0,10.1,67,1.2105,19,10,2025-02-0-10
11,9011012065200000,MANY_SEATS_AVAILABLE,MANY_SEATS_AVAILABLE,2025,2,0,0,0,1,2,1.9,0.0,10.3,60,1.1154,26,10,2025-02-0-11
12,9011012065200000,MANY_SEATS_AVAILABLE,MANY_SEATS_AVAILABLE,2025,2,0,0,0,1,2,2.3,0.0,10.2,77,1.0833,24,10,2025-02-0-12
13,9011012065200000,MANY_SEATS_AVAILABLE,MANY_SEATS_AVAILABLE,2025,2,0,0,0,1,2,2.7,0.0,12.3,79,1.0769,26,10,2025-02-0-13
14,9011012065200000,MANY_SEATS_AVAILABLE,MANY_SEATS_AVAILABLE,2025,2,0,0,0,1,2,2.9,0.0,14.0,51,1.1136,44,10,2025-02-0-14
15,9011012065200000,MANY_SEATS_AVAILABLE,MANY_SEATS_AVAILABLE,2025,2,0,0,0,1,3,2.7,0.0,13.2,59,1.2157,51,10,2025-02-0-15
16,9011012065200000,MANY_SEATS_AVAILABLE,MANY_SEATS_AVAILABLE,2025,2,0,0,0,1,3,2.0,0.0,12.7,88,1.1739,46,10,2025-02-0-16
17,9011012065200000,MANY_SEATS_AVAILABLE,MANY_SEATS_AVAILABLE,2025,2,0,0,0,1,3,1.2,0.0,12.1,68,1.2222,27,10,2025-02-0-17
18,9011012065200000,MANY_SEATS_AVAILABLE,MANY_SEATS_AVAILABLE,2025,2,0,0,0,1,3,1.5,0.0,12.9,100,1.1667,24,10,2025-02-0-18
19,9011012065200000,MANY_SEATS_AVAILABLE,MANY_SEATS_AVAILABLE,2025,2,0,0,0,1,4,1.8,0.0,12.5,99,0.9583,24,10,2025-02-0-19
20,9011012065200000,MANY_SEATS_AVAILABLE,MANY_SEATS_AVAILABLE,2025,2,0,0,0,1,4,2.2,0.0,14.8,85,1.0,21,10,2025-02-0-20
21,9011012065200000,MANY_SEATS_AVAILABLE,MANY_SEATS_AVAILABLE,2025,2,0,0,0,1,4,2.1,0.0,15.6,100,0.8571,14,10,2025-02-0-21
22,9011012065200000,MANY_SEATS_AVAILABLE,MANY_SEATS_AVAILABLE,2025,2,0,0,0,1,4,1.8,0.0,13.6,92,0.5455,11,10,2025-02-0-22
23,9011012065200000,MANY_SEATS_AVAILABLE,MANY_SEATS_AVAILABLE,2025,2,0,0,0,1,0,1.5,0.0,13.1,75,1.0,6,10,2025-02-0-23
4,9011012065200000,EMPTY,EMPTY,2025,2,3,0,0,1,0,-0.5,0.0,20.0,100,0.0,10,10,2025-02-3-04
5,9011012065200000,MANY_SEATS_AVAILABLE,MANY_SEATS_AVAILABLE,2025,2,3,0,0,1,1,-0.7,0.0,20.9,100,0.7727,22,10,2025-02-3-05
6,9011012065200000,MANY_SEATS_AVAILABLE,MANY_SEATS_AVAILABLE,2025,2,3,0,0,1,1,-0.7,0.0,19.5,100,0.8333,30,10,2025-02-3-06
7,9011012065200000,MANY_SEATS_AVAILABLE,MANY_SEATS_AVAILABLE,2025,2,3,0,0,1,1,-0.6,0.0,18.6,100,1.0682,44,10,2025-02-3-07
8,9011012065200000,MANY_SEATS_AVAILABLE,MANY_SEATS_AVAILABLE,2025,2,3,0,0,1,1,-0.3,0.0,19.8,100,1.0625,48,10,2025-02-3-08
9,9011012065200000,MANY_SEATS_AVAILABLE,MANY_SEATS_AVAILABLE,2025,2,3,0,0,1,1,-0.2,0.0,20.5,100,1.5185,27,10,2025-02-3-09
10,9011012065200000,MANY_SEATS_AVAILABLE,MANY_SEATS_AVAILABLE,2025,2,3,0,0,1,2,-0.2,0.0,21.9,100,1.0,23,10,2025-02-3-10
11,9011012065200000,MANY_SEATS_AVAILABLE,MANY_SEATS_AVAILABLE,2025,2,3,0,0,1,2,0.2,0.0,22.1,100,0.8571,21,10,2025-02-3-11
12,9011012065200000,MANY_SEATS_AVAILABLE,MANY_SEATS_AVAILABLE,2025,2,3,0,0,1,2,0.5,0.0,20.8,100,1.1481,27,10,2025-02-3-12
13,9011012065200000,MANY_SEATS_AVAILABLE,MANY_SEATS_AVAILABLE,2025,2,3,0,0,1,2,0.6,0.0,19.8,100,1.1111,27,10,2025-02-3-13
14,9011012065200000,MANY_SEATS_AVAILABLE,MANY_SEATS_AVAILABLE,2025,2,3,0,0,1,2,-0.2,0.0,19.2,100,1.3171,41,10,2025-02-3-14
15,9011012065200000,MANY_SEATS_AVAILABLE,MANY_SEATS_AVAILABLE,2025,2,3,0,0,1,3,-0.0,0.0,19.6,100,1.2083,48,10,2025-02-3-15
16,9011012065200000,MANY_SEATS_AVAILABLE,MANY_SEATS_AVAILABLE,2025,2,3,0,0,1,3,-0.0,0.0,19.8,100,1.0784,51,10,2025-02-3-16
17,9011012065200000,MANY_SEATS_AVAILABLE,MANY_SEATS_AVAILABLE,2025,2,3,0,0,1,3,-0.5,0.0,19.8,100,1.0,28,10,2025-02-3-17
18,9011012065200000,MANY_SEATS_AVAILABLE,MANY_SEATS_AVAILABLE,2025,2,3,0,0,1,3,-0.7,0.0,19.8,92,0.913,23,10,2025-02-3-18
19,9011012065200000,MANY_SEATS_AVAILABLE,MANY_SEATS_AVAILABLE,2025,2,3,0,0,1,4,-1.1,0.0,20.1,92,0.6957,23,10,2025-02-3-19
20,9011012065200000,MANY_SEATS_AVAILABLE,MANY_SEATS_AVAILABLE,2025,2,3,0,0,1,4,-1.2,0.0,16.5,90,0.8095,21,10,2025-02-3-20
21,9011012065200000,MANY_SEATS_AVAILABLE,MANY_SEATS_AVAILABLE,2025,2,3,0,0,1,4,-0.8,0.0,14.7,100,0.8125,16,10,2025-02-3-21
22,9011012065200000,EMPTY,EMPTY,2025,2,3,0,0,1,4,-0.3,0.0,15.3,100,0.4,10,10,2025-02-3-22
23,9011012065200000,MANY_SEATS_AVAILABLE,MANY_SEATS_AVAILABLE,2025,2,3,0,0,1,0,-0.1,0.0,16.3,100,1.0,7,10,2025-02-3-23
0,9011012065200000,MANY_SEATS_AVAILABLE,MANY_SEATS_AVAILABLE,2025,5,6,1,1,0,0,10.2,0.0,14.6,20,1.0,13,10,2025-05-6-00
1,9011012065200000,MANY_SEATS_AVAILABLE,MANY_SEATS_AVAILABLE,2025,5,6,1,1,0,0,9.3,0.0,13.2,23,0.625,8,10,2025-05-6-01
5,9011012065200000,MANY_SEATS_AVAILABLE,MANY_SEATS_AVAILABLE,2025,5,6,1,1,0,1,8.4,0.0,19.0,59,1.0,5,10,2025-05-6-05
6,9011012065200000,MANY_SEATS_AVAILABLE,MANY_SEATS_AVAILABLE,2025,5,6,1,1,0,1,8.5,0.0,19.7,79,0.5,12,10,2025-05-6-06
7,9011012065200000,MANY_SEATS_AVAILABLE,MANY_SEATS_AVAILABLE,2025,5,6,1,1,0,1,9.3,0.0,22.7,100,0.8333,12,10,2025-05-6-07
8,9011012065200000,MANY_SEATS_AVAILABLE,MANY_SEATS_AVAILABLE,2025,5,6,1,1,0,1,10.5,0.0,18.5,100,0.8333,12,10,2025-05-6-08
9,9011012065200000,MANY_SEATS_AVAILABLE,MANY_SEATS_AVAILABLE,2025,5,6,1,1,0,1,11.6,0.0,17.2,100,0.9167,12,10,2025-05-6-09
10,9011012065200000,MANY_SEATS_AVAILABLE,MANY_SEATS_AVAILABLE,2025,5,6,1,1,0,2,12.7,0.0,16.4,100,1.0,13,10,2025-05-6-10
11,9011012065200000,MANY_SEATS_AVAILABLE,MANY_SEATS_AVAILABLE,2025,5,6,1,1,0,2,12.2,0.1,15.2,100,0.7857,14,10,2025-05-6-11
12,9011012065200000,MANY_SEATS_AVAILABLE,MANY_SEATS_AVAILABLE,2025,5,6,1,1,0,2,13.1,0.1,21.2,100,1.3846,13,10,2025-05-6-12
13,9011012065200000,MANY_SEATS_AVAILABLE,MANY_SEATS_AVAILABLE,2025,5,6,1,1,0,2,13.0,0.4,19.5,100,0.9091,11,10,2025-05-6-13
14,9011012065200000,CROWDED,FEW_SEATS_AVAILABLE,2025,5,6,1,1,0,2,12.8,0.8,22.6,100,1.3077,13,10,2025-05-6-14
15,9011012065200000,MANY_SEATS_AVAILABLE,MANY_SEATS_AVAILABLE,2025,5,6,1,1,0,3,12.8,0.3,23.6,100,1.0,12,10,2025-05-6-15
16,9011012065200000,MANY_SEATS_AVAILABLE,MANY_SEATS_AVAILABLE,2025,5,6,1,1,0,3,13.2,0.1,23.5,100,1.0,12,10,2025-05-6-16
17,9011012065200000,MANY_SEATS_AVAILABLE,MANY_SEATS_AVAILABLE,2025,5,6,1,1,0,3,13.5,0.1,22.4,100,0.9167,12,10,2025-05-6-17
18,9011012065200000,MANY_SEATS_AVAILABLE,MANY_SEATS_AVAILABLE,2025,5,6,1,1,0,3,13.5,0.1,21.0,100,0.9167,12,10,2025-05-6-18
19,9011012065200000,MANY_SEATS_AVAILABLE,MANY_SEATS_AVAILABLE,2025,5,6,1,1,0,4,13.5,0.3,18.3,100,0.9231,13,10,2025-05-6-19
20,9011012065200000,MANY_SEATS_AVAILABLE,MANY_SEATS_AVAILABLE,2025,5,6,1,1,0,4,13.1,0.4,14.1,100,0.8462,13,10,2025-05-6-20
21,9011012065200000,MANY_SEATS_AVAILABLE,MANY_SEATS_AVAILABLE,2025,5,6,1,1,0,4,12.5,0.4,14.3,100,0.9231,13,10,2025-05-6-21
22,9011012065200000,MANY_SEATS_AVAILABLE,MANY_SEATS_AVAILABLE,2025,5,6,1,1,0,4,12.5,0.2,20.1,100,0.7143,7,10,2025-05-6-22
4,9011012065200000,EMPTY,EMPTY,2025,5,0,0,0,1,0,11.3,0.0,20.7,100,0.3333,9,10,2025-05-0-04
5,9011012065200000,MANY_SEATS_AVAILABLE,MANY_SEATS_AVAILABLE,2025,5,0,0,0,1,1,11.0,0.0,20.3,100,0.875,24,10,2025-05-0-05
6,9011012065200000,MANY_SEATS_AVAILABLE,MANY_SEATS_AVAILABLE,2025,5,0,0,0,1,1,10.9,0.0,19.5,100,0.9706,34,10,2025-05-0-06
7,9011012065200000,MANY_SEATS_AVAILABLE,MANY_SEATS_AVAILABLE,2025,5,0,0,0,1,1,11.0,0.0,17.9,100,1.0392,51,10,2025-05-0-07
8,9011012065200000,MANY_SEATS_AVAILABLE,MANY_SEATS_AVAILABLE,2025,5,0,0,0,1,1,11.5,0.0,17.6,83,1.383,47,10,2025-05-0-08
9,9011012065200000,MANY_SEATS_AVAILABLE,MANY_SEATS_AVAILABLE,2025,5,0,0,0,1,1,13.0,0.0,18.0,94,1.037,27,10,2025-05-0-09
10,9011012065200000,MANY_SEATS_AVAILABLE,MANY_SEATS_AVAILABLE,2025,5,0,0,0,1,2,14.2,0.0,17.2,30,0.9167,24,10,2025-05-0-10
11,9011012065200000,MANY_SEATS_AVAILABLE,MANY_SEATS_AVAILABLE,2025,5,0,0,0,1,2,15.4,0.0,17.0,20,0.8235,17,10,2025-05-0-11
12,9011012065200000,MANY_SEATS_AVAILABLE,MANY_SEATS_AVAILABLE,2025,5,0,0,0,1,2,16.2,0.0,18.4,14,1.1111,18,10,2025-05-0-12
13,9011012065200000,MANY_SEATS_AVAILABLE,MANY_SEATS_AVAILABLE,2025,5,0,0,0,1,2,16.8,0.0,17.7,24,1.1481,27,10,2025-05-0-13
14,9011012065200000,MANY_SEATS_AVAILABLE,MANY_SEATS_AVAILABLE,2025,5,0,0,0,1,2,17.8,0.0,14.2,32,1.0,46,10,2025-05-0-14
15,9011012065200000,MANY_SEATS_AVAILABLE,MANY_SEATS_AVAILABLE,2025,5,0,0,0,1,3,18.7,0.0,11.8,25,1.087,46,10,2025-05-0-15
16,9011012065200000,MANY_SEATS_AVAILABLE,MANY_SEATS_AVAILABLE,2025,5,0,0,0,1,3,18.7,0.0,10.0,8,1.1538,52,10,2025-05-0-16
17,9011012065200000,MANY_SEATS_AVAILABLE,MANY_SEATS_AVAILABLE,2025,5,0,0,0,1,3,18.0,0.0,9.7,5,1.1034,29,10,2025-05-0-17
18,9011012065200000,MANY_SEATS_AVAILABLE,MANY_SEATS_AVAILABLE,2025,5,0,0,0,1,3,17.3,0.0,13.0,0,0.8333,24,10,2025-05-0-18
19,9011012065200000,MANY_SEATS_AVAILABLE,MANY_SEATS_AVAILABLE,2025,5,0,0,0,1,4,16.2,0.0,15.0,0,0.7917,24,10,2025-05-0-19
20,9011012065200000,MANY_SEATS_AVAILABLE,MANY_SEATS_AVAILABLE,2025,5,0,0,0,1,4,15.3,0.0,14.3,0,0.875,24,10,2025-05-0-20
21,9011012065200000,MANY_SEATS_AVAILABLE,MANY_SEATS_AVAILABLE,2025,5,0,0,0,1,4,14.3,0.0,13.6,0,0.9286,14,10,2025-05-0-21
22,9011012065200000,MANY_SEATS_AVAILABLE,MANY_SEATS_AVAILABLE,2025,5,0,0,0,1,4,13.6,0.0,13.5,0,0.9091,11,10,2025-05-0-22
23,9011012065200000,EMPTY,EMPTY,2025,5,0,0,0,1,0,13.1,0.0,12.2,2,0.1667,6,10,2025-05-0-23
4,9011012065200000,EMPTY,EMPTY,2025,8,0,0,0,1,0,13.5,0.0,6.5,0,0.4444,9,10,2025-08-0-04
5,9011012065200000,EMPTY,EMPTY,2025,8,0,0,0,1,1,13.3,0.0,6.3,0,0.4583,24,10,2025-08-0-05
6,9011012065200000,MANY_SEATS_AVAILABLE,MANY_SEATS_AVAILABLE,2025,8,0,0,0,1,1,13.7,0.0,6.7,0,0.8824,34,10,2025-08-0-06
7,9011012065200000,MANY_SEATS_AVAILABLE,MANY_SEATS_AVAILABLE,2025,8,0,0,0,1,1,14.5,0.0,5.3,0,1.102,49,10,2025-08-0-07
8,9011012065200000,MANY_SEATS_AVAILABLE,MANY_SEATS_AVAILABLE,2025,8,0,0,0,1,1,15.9,0.0,5.8,0,1.25,48,10,2025-08-0-08
9,9011012065200000,MANY_SEATS_AVAILABLE,MANY_SEATS_AVAILABLE,2025,8,0,0,0,1,1,17.6,0.0,6.5,1,1.25,28,10,2025-08-0-09
10,9011012065200000,MANY_SEATS_AVAILABLE,MANY_SEATS_AVAILABLE,2025,8,0,0,0,1,2,19.0,0.0,7.2,0,1.0,23,10,2025-08-0-10
11,9011012065200000,MANY_SEATS_AVAILABLE,MANY_SEATS_AVAILABLE,2025,8,0,0,0,1,2,20.1,0.0,8.1,0,1.08,25,10,2025-08-0-11
12,9011012065200000,MANY_SEATS_AVAILABLE,MANY_SEATS_AVAILABLE,2025,8,0,0,0,1,2,20.9,0.0,9.1,0,1.0385,26,10,2025-08-0-12
13,9011012065200000,MANY_SEATS_AVAILABLE,MANY_SEATS_AVAILABLE,2025,8,0,0,0,1,2,21.6,0.0,8.7,0,1.0,27,10,2025-08-0-13
14,9011012065200000,MANY_SEATS_AVAILABLE,MANY_SEATS_AVAILABLE,2025,8,0,0,0,1,2,22.2,0.0,9.3,0,1.2667,45,10,2025-08-0-14
15,9011012065200000,MANY_SEATS_AVAILABLE,MANY_SEATS_AVAILABLE,2025,8,0,0,0,1,3,22.0,0.0,9.2,0,1.14,50,10,2025-08-0-15
16,9011012065200000,MANY_SEATS_AVAILABLE,MANY_SEATS_AVAILABLE,2025,8,0,0,0,1,3,21.8,0.0,9.0,0,1.3778,45,10,2025-08-0-16
17,9011012065200000,MANY_SEATS_AVAILABLE,MANY_SEATS_AVAILABLE,2025,8,0,0,0,1,3,21.3,0.0,8.6,0,1.069,29,10,2025-08-0-17
18,9011012065200000,MANY_SEATS_AVAILABLE,MANY_SEATS_AVAILABLE,2025,8,0,0,0,1,3,20.6,0.0,8.3,0,0.9583,24,10,2025-08-0-18
19,9011012065200000,MANY_SEATS_AVAILABLE,MANY_SEATS_AVAILABLE,2025,8,0,0,0,1,4,19.6,0.0,6.8,0,0.9091,22,10,2025-08-0-19
20,9011012065200000,MANY_SEATS_AVAILABLE,MANY_SEATS_AVAILABLE,2025,8,0,0,0,1,4,18.8,0.0,5.4,0,1.0,25,10,2025-08-0-20
21,9011012065200000,MANY_SEATS_AVAILABLE,MANY_SEATS_AVAILABLE,2025,8,0,0,0,1,4,18.8,0.0,9.0,0,0.8667,15,10,2025-08-0-21
22,9011012065200000,MANY_SEATS_AVAILABLE,MANY_SEATS_AVAILABLE,2025,8,0,0,0,1,4,18.8,0.0,9.6,0,0.8182,11,10,2025-08-0-22
23,9011012065200000,EMPTY,EMPTY,2025,8,0,0,0,1,0,18.4,0.0,7.7,0,0.2857,7,10,2025-08-0-23
4,9011012065200000,EMPTY,EMPTY,2025,8,1,0,0,1,0,16.4,0.0,12.8,0,0.0,9,10,2025-08-1-04
5,9011012065200000,MANY_SEATS_AVAILABLE,MANY_SEATS_AVAILABLE,2025,8,1,0,0,1,1,16.3,0.0,13.2,0,0.7083,24,10,2025-08-1-05
6,9011012065200000,MANY_SEATS_AVAILABLE,MANY_SEATS_AVAILABLE,2025,8,1,0,0,1,1,16.7,0.0,14.2,0,0.9714,35,10,2025-08-1-06
7,9011012065200000,MANY_SEATS_AVAILABLE,MANY_SEATS_AVAILABLE,2025,8,1,0,0,1,1,17.1,0.0,14.2,0,1.449,49,10,2025-08-1-07
8,9011012065200000,MANY_SEATS_AVAILABLE,MANY_SEATS_AVAILABLE,2025,8,1,0,0,1,1,17.4,0.0,15.3,2,1.0612,49,10,2025-08-1-08
9,9011012065200000,MANY_SEATS_AVAILABLE,MANY_SEATS_AVAILABLE,2025,8,1,0,0,1,1,18.0,0.0,16.1,3,1.2143,28,10,2025-08-1-09
10,9011012065200000,MANY_SEATS_AVAILABLE,MANY_SEATS_AVAILABLE,2025,8,1,0,0,1,2,18.5,0.0,17.0,9,0.9167,24,10,2025-08-1-10
11,9011012065200000,MANY_SEATS_AVAILABLE,MANY_SEATS_AVAILABLE,2025,8,1,0,0,1,2,19.1,0.0,18.5,19,0.92,25,10,2025-08-1-11
12,9011012065200000,MANY_SEATS_AVAILABLE,MANY_SEATS_AVAILABLE,2025,8,1,0,0,1,2,19.8,0.0,18.8,0,1.04,25,10,2025-08-1-12
13,9011012065200000,MANY_SEATS_AVAILABLE,MANY_SEATS_AVAILABLE,2025,8,1,0,0,1,2,20.6,0.0,18.4,0,1.3077,26,10,2025-08-1-13
14,9011012065200000,MANY_SEATS_AVAILABLE,MANY_SEATS_AVAILABLE,2025,8,1,0,0,1,2,21.5,0.0,15.6,7,1.3556,45,10,2025-08-1-14
15,9011012065200000,MANY_SEATS_AVAILABLE,MANY_SEATS_AVAILABLE,2025,8,1,0,0,1,3,22.1,0.0,15.6,51,1.22,50,10,2025-08-1-15
16,9011012065200000,MANY_SEATS_AVAILABLE,MANY_SEATS_AVAILABLE,2025,8,1,0,0,1,3,21.6,0.0,15.9,26,1.0851,47,10,2025-08-1-16
17,9011012065200000,MANY_SEATS_AVAILABLE,MANY_SEATS_AVAILABLE,2025,8,1,0,0,1,3,21.1,0.0,15.2,9,1.3214,28,10,2025-08-1-17
18,9011012065200000,MANY_SEATS_AVAILABLE,MANY_SEATS_AVAILABLE,2025,8,1,0,0,1,3,20.6,0.0,11.5,19,1.0,24,10,2025-08-1-18
19,9011012065200000,MANY_SEATS_AVAILABLE,MANY_SEATS_AVAILABLE,2025,8,1,0,0,1,4,20.2,0.0,6.9,47,0.7917,24,10,2025-08-1-19
20,9011012065200000,MANY_SEATS_AVAILABLE,MANY_SEATS_AVAILABLE,2025,8,1,0,0,1,4,19.9,0.0,10.2,89,1.0,24,10,2025-08-1-20
21,9011012065200000,MANY_SEATS_AVAILABLE,MANY_SEATS_AVAILABLE,2025,8,1,0,0,1,4,18.2,0.0,16.9,20,0.9286,14,10,2025-08-1-21
22,9011012065200000,MANY_SEATS_AVAILABLE,MANY_SEATS_AVAILABLE,2025,8,1,0,0,1,4,17.5,0.0,14.1,35,0.9,10,10,2025-08-1-22
23,9011012065200000,EMPTY,EMPTY,2025,8,1,0,0,1,0,17.4,0.0,14.9,59,0.0,6,10,2025-08-1-23
4,9011012065200000,EMPTY,EMPTY,2025,8,2,0,0,1,0,15.4,0.0,18.8,98,0.3333,9,10,2025-08-2-04
5,9011012065200000,MANY_SEATS_AVAILABLE,MANY_SEATS_AVAILABLE,2025,8,2,0,0,1,1,14.9,0.0,19.2,43,0.5652,23,10,2025-08-2-05
6,9011012065200000,MANY_SEATS_AVAILABLE,MANY_SEATS_AVAILABLE,2025,8,2,0,0,1,1,14.4,0.0,19.3,2,0.9429,35,10,2025-08-2-06
7,9011012065200000,MANY_SEATS_AVAILABLE,MANY_SEATS_AVAILABLE,2025,8,2,0,0,1,1,14.6,0.0,17.3,0,1.26,50,10,2025-08-2-07
8,9011012065200000,MANY_SEATS_AVAILABLE,MANY_SEATS_AVAILABLE,2025,8,2,0,0,1,1,15.6,0.0,15.3,0,1.2708,48,10,2025-08-2-08
9,9011012065200000,MANY_SEATS_AVAILABLE,MANY_SEATS_AVAILABLE,2025,8,2,0,0,1,1,17.1,0.0,13.8,0,1.3929,28,10,2025-08-2-09
10,9011012065200000,MANY_SEATS_AVAILABLE,MANY_SEATS_AVAILABLE,2025,8,2,0,0,1,2,18.5,0.0,10.9,0,1.0,22,10,2025-08-2-10
11,9011012065200000,MANY_SEATS_AVAILABLE,MANY_SEATS_AVAILABLE,2025,8,2,0,0,1,2,19.2,0.0,9.5,0,0.875,24,10,2025-08-2-11
12,9011012065200000,MANY_SEATS_AVAILABLE,MANY_SEATS_AVAILABLE,2025,8,2,0,0,1,2,19.5,0.0,12.3,0,1.0,24,10,2025-08-2-12
13,9011012065200000,MANY_SEATS_AVAILABLE,MANY_SEATS_AVAILABLE,2025,8,2,0,0,1,2,19.7,0.0,15.3,0,1.1111,27,10,2025-08-2-13
14,9011012065200000,MANY_SEATS_AVAILABLE,MANY_SEATS_AVAILABLE,2025,8,2,0,0,1,2,19.9,0.0,15.9,0,1.2391,46,10,2025-08-2-14
15,9011012065200000,MANY_SEATS_AVAILABLE,MANY_SEATS_AVAILABLE,2025,8,2,0,0,1,3,19.2,0.0,19.5,5,1.3,50,10,2025-08-2-15
16,9011012065200000,MANY_SEATS_AVAILABLE,MANY_SEATS_AVAILABLE,2025,8,2,0,0,1,3,18.5,0.0,20.4,5,1.2128,47,10,2025-08-2-16
17,9011012065200000,MANY_SEATS_AVAILABLE,MANY_SEATS_AVAILABLE,2025,8,2,0,0,1,3,18.2,0.0,21.1,0,1.0357,28,10,2025-08-2-17
18,9011012065200000,MANY_SEATS_AVAILABLE,MANY_SEATS_AVAILABLE,2025,8,2,0,0,1,3,17.6,0.0,18.8,0,1.0833,24,10,2025-08-2-18
19,9011012065200000,MANY_SEATS_AVAILABLE,MANY_SEATS_AVAILABLE,2025,8,2,0,0,1,4,16.7,0.0,17.3,0,0.7727,22,10,2025-08-2-19
20,9011012065200000,MANY_SEATS_AVAILABLE,MANY_SEATS_AVAILABLE,2025,8,2,0,0,1,4,16.2,0.0,14.2,0,0.7727,22,10,2025-08-2-20
21,9011012065200000,MANY_SEATS_AVAILABLE,MANY_SEATS_AVAILABLE,2025,8,2,0,0,1,4,16.1,0.0,12.1,0,1.0,13,10,2025-08-2-21
22,9011012065200000,MANY_SEATS_AVAILABLE,MANY_SEATS_AVAILABLE,2025,8,2,0,0,1,4,16.1,0.0,11.0,0,0.9167,12,10,2025-08-2-22
23,9011012065200000,MANY_SEATS_AVAILABLE,MANY_SEATS_AVAILABLE,2025,8,2,0,0,1,0,16.0,0.0,9.1,1,1.0,6,10,2025-08-2-23
4,9011012065200000,EMPTY,EMPTY,2025,8,3,0,0,1,0,14.9,0.0,10.8,98,0.0,9,10,2025-08-3-04
5,9011012065200000,EMPTY,EMPTY,2025,8,3,0,0,1,1,14.9,0.0,11.9,98,0.4583,24,10,2025-08-3-05
6,9011012065200000,MANY_SEATS_AVAILABLE,MANY_SEATS_AVAILABLE,2025,8,3,0,0,1,1,15.1,0.0,13.2,79,0.8571,35,10,2025-08-3-06
7,9011012065200000,MANY_SEATS_AVAILABLE,MANY_SEATS_AVAILABLE,2025,8,3,0,0,1,1,15.7,0.0,16.6,31,1.28,50,10,2025-08-3-07
8,9011012065200000,MANY_SEATS_AVAILABLE,MANY_SEATS_AVAILABLE,2025,8,3,0,0,1,1,16.0,0.0,18.4,11,1.0208,48,10,2025-08-3-08
9,9011012065200000,MANY_SEATS_AVAILABLE,MANY_SEATS_AVAILABLE,2025,8,3,0,0,1,1,16.5,0.1,16.7,13,1.6429,28,10,2025-08-3-09
10,9011012065200000,MANY_SEATS_AVAILABLE,MANY_SEATS_AVAILABLE,2025,8,3,0,0,1,2,17.0,0.2,19.8,17,1.0417,24,10,2025-08-3-10
11,9011012065200000,MANY_SEATS_AVAILABLE,MANY_SEATS_AVAILABLE,2025,8,3,0,0,1,2,17.4,0.1,19.6,13,1.0,25,10,2025-08-3-11
12,9011012065200000,MANY_SEATS_AVAILABLE,MANY_SEATS_AVAILABLE,2025,8,3,0,0,1,2,17.9,0.0,20.9,26,1.16,25,10,2025-08-3-12
13,9011012065200000,MANY_SEATS_AVAILABLE,MANY_SEATS_AVAILABLE,2025,8,3,0,0,1,2,18.2,0.0,21.9,82,1.2381,21,10,2025-08-3-13
14,9011012065200000,MANY_SEATS_AVAILABLE,MANY_SEATS_AVAILABLE,2025,8,3,0,0,1,2,18.1,0.0,23.1,77,1.3333,48,10,2025-08-3-14
15,9011012065200000,MANY_SEATS_AVAILABLE,MANY_SEATS_AVAILABLE,2025,8,3,0,0,1,3,18.0,0.0,24.3,53,1.26,50,10,2025-08-3-15
16,9011012065200000,MANY_SEATS_AVAILABLE,MANY_SEATS_AVAILABLE,2025,8,3,0,0,1,3,17.3,0.1,21.5,32,1.1053,38,10,2025-08-3-16
17,9011012065200000,MANY_SEATS_AVAILABLE,MANY_SEATS_AVAILABLE,2025,8,3,0,0,1,3,17.1,0.0,24.1,16,1.125,32,10,2025-08-3-17
18,9011012065200000,MANY_SEATS_AVAILABLE,MANY_SEATS_AVAILABLE,2025,8,3,0,0,1,3,16.4,0.0,24.4,15,1.0,24,10,2025-08-3-18
19,9011012065200000,MANY_SEATS_AVAILABLE,MANY_SEATS_AVAILABLE,2025,8,3,0,0,1,4,15.9,0.0,24.3,14,1.0,21,10,2025-08-3-19
20,9011012065200000,MANY_SEATS_AVAILABLE,MANY_SEATS_AVAILABLE,2025,8,3,0,0,1,4,15.6,0.0,23.6,13,1.0385,26,10,2025-08-3-20
21,9011012065200000,MANY_SEATS_AVAILABLE,MANY_SEATS_AVAILABLE,2025,8,3,0,0,1,4,15.4,0.0,23.1,16,1.0,14,10,2025-08-3-21
22,9011012065200000,MANY_SEATS_AVAILABLE,MANY_SEATS_AVAILABLE,2025,8,3,0,0,1,4,15.1,0.0,21.9,13,0.9091,11,10,2025-08-3-22
23,9011012065200000,MANY_SEATS_AVAILABLE,MANY_SEATS_AVAILABLE,2025,8,3,0,0,1,0,14.9,0.1,19.5,23,0.8333,6,10,2025-08-3-23
4,9011012065200000,EMPTY,EMPTY,2025,8,4,0,0,1,0,13.9,0.0,17.4,21,0.0,9,10,2025-08-4-04
5,9011012065200000,EMPTY,EMPTY,2025,8,4,0,0,1,1,13.9,0.0,15.7,4,0.3636,22,10,2025-08-4-05
6,9011012065200000,MANY_SEATS_AVAILABLE,MANY_SEATS_AVAILABLE,2025,8,4,0,0,1,1,13.4,0.0,19.6,2,0.8857,35,10,2025-08-4-06
7,9011012065200000,MANY_SEATS_AVAILABLE,MANY_SEATS_AVAILABLE,2025,8,4,0,0,1,1,13.7,0.0,20.3,6,1.18,50,10,2025-08-4-07
8,9011012065200000,MANY_SEATS_AVAILABLE,MANY_SEATS_AVAILABLE,2025,8,4,0,0,1,1,14.6,0.0,23.2,20,1.0,47,10,2025-08-4-08
9,9011012065200000,MANY_SEATS_AVAILABLE,MANY_SEATS_AVAILABLE,2025,8,4,0,0,1,1,15.3,0.1,25.2,44,1.3333,27,10,2025-08-4-09
10,9011012065200000,MANY_SEATS_AVAILABLE,MANY_SEATS_AVAILABLE,2025,8,4,0,0,1,2,16.0,0.0,27.3,96,1.04,25,10,2025-08-4-10
11,9011012065200000,MANY_SEATS_AVAILABLE,MANY_SEATS_AVAILABLE,2025,8,4,0,0,1,2,16.7,0.1,28.7,83,0.92,25,10,2025-08-4-11
12,9011012065200000,MANY_SEATS_AVAILABLE,MANY_SEATS_AVAILABLE,2025,8,4,0,0,1,2,16.9,0.0,29.0,58,1.2083,24,10,2025-08-4-12
13,9011012065200000,MANY_SEATS_AVAILABLE,MANY_SEATS_AVAILABLE,2025,8,4,0,0,1,2,17.8,0.0,30.2,63,1.4815,27,10,2025-08-4-13
14,9011012065200000,MANY_SEATS_AVAILABLE,MANY_SEATS_AVAILABLE,2025,8,4,0,0,1,2,17.5,0.0,31.0,32,1.4773,44,10,2025-08-4-14
15,9011012065200000,MANY_SEATS_AVAILABLE,MANY_SEATS_AVAILABLE,2025,8,4,0,0,1,3,17.5,0.0,30.5,25,1.0784,51,10,2025-08-4-15
16,9011012065200000,MANY_SEATS_AVAILABLE,MANY_SEATS_AVAILABLE,2025,8,4,0,0,1,3,17.4,0.1,29.4,21,1.0,43,10,2025-08-4-16
17,9011012065200000,MANY_SEATS_AVAILABLE,MANY_SEATS_AVAILABLE,2025,8,4,0,0,1,3,17.3,0.1,29.6,31,1.0323,31,10,2025-08-4-17
18,9011012065200000,MANY_SEATS_AVAILABLE,MANY_SEATS_AVAILABLE,2025,8,4,0,0,1,3,16.9,0.0,25.9,15,1.0,23,10,2025-08-4-18
19,9011012065200000,MANY_SEATS_AVAILABLE,MANY_SEATS_AVAILABLE,2025,8,4,0,0,1,4,16.3,0.0,23.9,11,0.9565,23,10,2025-08-4-19
20,9011012065200000,MANY_SEATS_AVAILABLE,MANY_SEATS_AVAILABLE,2025,8,4,0,0,1,4,15.8,0.0,22.9,26,0.875,24,10,2025-08-4-20
21,9011012065200000,MANY_SEATS_AVAILABLE,MANY_SEATS_AVAILABLE,2025,8,4,0,0,1,4,15.0,0.0,23.2,64,1.0769,13,10,2025-08-4-21
22,9011012065200000,MANY_SEATS_AVAILABLE,MANY_SEATS_AVAILABLE,2025,8,4,0,0,1,4,14.1,0.0,22.2,66,1.0,11,10,2025-08-4-22
23,9011012065200000,MANY_SEATS_AVAILABLE,MANY_SEATS_AVAILABLE,2025,8,4,0,0,1,0,13.9,0.0,19.3,36,0.9167,12,10,2025-08-4-23
0,9011012065200000,MANY_SEATS_AVAILABLE,MANY_SEATS_AVAILABLE,2025,8,5,1,0,0,0,13.4,0.0,21.3,23,0.8462,13,10,2025-08-5-00
1,9011012065200000,MANY_SEATS_AVAILABLE,MANY_SEATS_AVAILABLE,2025,8,5,1,0,0,0,13.2,0.0,18.1,28,1.0,6,10,2025-08-5-01
5,9011012065200000,MANY_SEATS_AVAILABLE,MANY_SEATS_AVAILABLE,2025,8,5,1,0,0,1,11.5,0.0,16.5,85,1.0,5,10,2025-08-5-05
6,9011012065200000,MANY_SEATS_AVAILABLE,MANY_SEATS_AVAILABLE,2025,8,5,1,0,0,1,12.0,0.4,17.8,73,0.5455,11,10,2025-08-5-06
7,9011012065200000,MANY_SEATS_AVAILABLE,MANY_SEATS_AVAILABLE,2025,8,5,1,0,0,1,12.1,1.1,14.6,80,0.8571,14,10,2025-08-5-07
8,9011012065200000,MANY_SEATS_AVAILABLE,MANY_SEATS_AVAILABLE,2025,8,5,1,0,0,1,13.5,0.1,20.4,67,0.9167,12,10,2025-08-5-08
9,9011012065200000,MANY_SEATS_AVAILABLE,MANY_SEATS_AVAILABLE,2025,8,5,1,0,0,1,13.7,0.0,23.3,93,0.8333,12,10,2025-08-5-09
10,9011012065200000,MANY_SEATS_AVAILABLE,MANY_SEATS_AVAILABLE,2025,8,5,1,0,0,2,14.2,0.0,24.6,72,1.0,12,10,2025-08-5-10
11,9011012065200000,MANY_SEATS_AVAILABLE,MANY_SEATS_AVAILABLE,2025,8,5,1,0,0,2,14.3,0.0,25.0,60,1.2667,15,10,2025-08-5-11
12,9011012065200000,CROWDED,FEW_SEATS_AVAILABLE,2025,8,5,1,0,0,2,14.8,0.1,23.6,31,1.4167,12,10,2025-08-5-12
13,9011012065200000,CROWDED,FEW_SEATS_AVAILABLE,2025,8,5,1,0,0,2,15.6,0.0,23.3,20,1.5833,12,10,2025-08-5-13
14,9011012065200000,MANY_SEATS_AVAILABLE,MANY_SEATS_AVAILABLE,2025,8,5,1,0,0,2,15.9,0.0,25.1,72,1.5,12,10,2025-08-5-14
15,9011012065200000,MANY_SEATS_AVAILABLE,MANY_SEATS_AVAILABLE,2025,8,5,1,0,0,3,16.1,0.0,27.3,56,1.5385,13,10,2025-08-5-15
16,9011012065200000,MANY_SEATS_AVAILABLE,MANY_SEATS_AVAILABLE,2025,8,5,1,0,0,3,16.0,0.0,29.0,27,1.3636,11,10,2025-08-5-16
17,9011012065200000,MANY_SEATS_AVAILABLE,MANY_SEATS_AVAILABLE,2025,8,5,1,0,0,3,16.0,0.0,26.0,10,1.5714,14,10,2025-08-5-17
18,9011012065200000,MANY_SEATS_AVAILABLE,MANY_SEATS_AVAILABLE,2025,8,5,1,0,0,3,15.7,0.0,23.8,32,1.0769,13,10,2025-08-5-18
19,9011012065200000,MANY_SEATS_AVAILABLE,MANY_SEATS_AVAILABLE,2025,8,5,1,0,0,4,15.4,0.0,23.1,51,1.1667,12,10,2025-08-5-19
20,9011012065200000,MANY_SEATS_AVAILABLE,MANY_SEATS_AVAILABLE,2025,8,5,1,0,0,4,15.0,0.0,22.3,85,1.0,8,10,2025-08-5-20
21,9011012065200000,MANY_SEATS_AVAILABLE,MANY_SEATS_AVAILABLE,2025,8,5,1,0,0,4,14.7,0.0,19.8,38,1.4,5,10,2025-08-5-21
22,9011012065200000,MANY_SEATS_AVAILABLE,MANY_SEATS_AVAILABLE,2025,8,5,1,0,0,4,14.6,0.0,18.9,3,1.3077,13,10,2025-08-5-22
23,9011012065200000,MANY_SEATS_AVAILABLE,MANY_SEATS_AVAILABLE,2025,8,5,1,0,0,0,14.5,0.0,18.2,0,1.1667,12,10,2025-08-5-23
0,9011012065200000,MANY_SEATS_AVAILABLE,MANY_SEATS_AVAILABLE,2025,8,6,1,1,0,0,14.5,0.0,15.7,0,0.9286,14,10,2025-08-6-00
1,9011012065200000,MANY_SEATS_AVAILABLE,MANY_SEATS_AVAILABLE,2025,8,6,1,1,0,0,14.2,0.0,14.3,0,1.0,6,10,2025-08-6-01
5,9011012065200000,MANY_SEATS_AVAILABLE,MANY_SEATS_AVAILABLE,2025,8,6,1,1,0,1,12.4,0.0,15.9,0,1.0,5,10,2025-08-6-05
6,9011012065200000,MANY_SEATS_AVAILABLE,MANY_SEATS_AVAILABLE,2025,8,6,1,1,0,1,12.4,0.0,18.4,0,1.0,11,10,2025-08-6-06
7,9011012065200000,MANY_SEATS_AVAILABLE,MANY_SEATS_AVAILABLE,2025,8,6,1,1,0,1,13.1,0.0,19.3,1,0.9091,11,10,2025-08-6-07
8,9011012065200000,MANY_SEATS_AVAILABLE,MANY_SEATS_AVAILABLE,2025,8,6,1,1,0,1,14.0,0.0,19.9,0,1.0,11,10,2025-08-6-08
9,9011012065200000,MANY_SEATS_AVAILABLE,MANY_SEATS_AVAILABLE,2025,8,6,1,1,0,1,15.0,0.0,18.4,9,0.9167,12,10,2025-08-6-09
10,9011012065200000,MANY_SEATS_AVAILABLE,MANY_SEATS_AVAILABLE,2025,8,6,1,1,0,2,16.3,0.0,16.8,7,0.5385,13,10,2025-08-6-10
11,9011012065200000,MANY_SEATS_AVAILABLE,MANY_SEATS_AVAILABLE,2025,8,6,1,1,0,2,17.3,0.0,17.7,7,1.0,6,10,2025-08-6-11
12,9011012065200000,MANY_SEATS_AVAILABLE,MANY_SEATS_AVAILABLE,2025,8,6,1,1,0,2,18.0,0.0,18.9,1,1.0,1,10,2025-08-6-12
13,9011012065200000,MANY_SEATS_AVAILABLE,MANY_SEATS_AVAILABLE,2025,8,6,1,1,0,2,18.8,0.2,20.3,24,0.9091,11,10,2025-08-6-13
14,9011012065200000,MANY_SEATS_AVAILABLE,MANY_SEATS_AVAILABLE,2025,8,6,1,1,0,2,18.9,0.0,18.7,12,1.1667,12,10,2025-08-6-14
15,9011012065200000,MANY_SEATS_AVAILABLE,MANY_SEATS_AVAILABLE,2025,8,6,1,1,0,3,18.8,0.0,19.9,8,1.1538,13,10,2025-08-6-15
16,9011012065200000,MANY_SEATS_AVAILABLE,MANY_SEATS_AVAILABLE,2025,8,6,1,1,0,3,18.7,0.0,20.0,14,1.1667,12,10,2025-08-6-16
17,9011012065200000,MANY_SEATS_AVAILABLE,MANY_SEATS_AVAILABLE,2025,8,6,1,1,0,3,18.5,0.1,20.3,44,1.0,12,10,2025-08-6-17
18,9011012065200000,MANY_SEATS_AVAILABLE,MANY_SEATS_AVAILABLE,2025,8,6,1,1,0,3,17.1,0.2,21.1,58,1.0,7,10,2025-08-6-18
19,9011012065200000,MANY_SEATS_AVAILABLE,MANY_SEATS_AVAILABLE,2025,8,6,1,1,0,4,16.9,0.0,16.7,51,0.9231,13,10,2025-08-6-19
20,9011012065200000,MANY_SEATS_AVAILABLE,MANY_SEATS_AVAILABLE,2025,8,6,1,1,0,4,16.4,0.0,12.5,97,1.0,12,10,2025-08-6-20
21,9011012065200000,MANY_SEATS_AVAILABLE,MANY_SEATS_AVAILABLE,2025,8,6,1,1,0,4,16.0,0.0,12.5,99,0.75,12,10,2025-08-6-21
22,9011012065200000,MANY_SEATS_AVAILABLE,MANY_SEATS_AVAILABLE,2025,8,6,1,1,0,4,15.6,0.0,16.3,83,0.8571,7,10,2025-08-6-22
4,9011012065200000,EMPTY,EMPTY,2025,8,0,0,0,1,0,13.8,0.0,19.1,14,0.3333,9,10,2025-08-0-04
5,9011012065200000,MANY_SEATS_AVAILABLE,MANY_SEATS_AVAILABLE,2025,8,0,0,0,1,1,13.5,0.0,18.1,18,0.64,25,10,2025-08-0-05
6,9011012065200000,MANY_SEATS_AVAILABLE,MANY_SEATS_AVAILABLE,2025,8,0,0,0,1,1,13.6,0.0,17.7,17,0.9167,36,10,2025-08-0-06
7,9011012065200000,MANY_SEATS_AVAILABLE,MANY_SEATS_AVAILABLE,2025,8,0,0,0,1,1,14.1,0.0,17.4,26,1.2391,46,10,2025-08-0-07
8,9011012065200000,MANY_SEATS_AVAILABLE,MANY_SEATS_AVAILABLE,2025,8,0,0,0,1,1,14.6,0.0,18.3,27,1.2885,52,10,2025-08-0-08
9,9011012065200000,MANY_SEATS_AVAILABLE,MANY_SEATS_AVAILABLE,2025,8,0,0,0,1,1,15.4,0.0,18.7,79,1.2963,27,10,2025-08-0-09
10,9011012065200000,MANY_SEATS_AVAILABLE,MANY_SEATS_AVAILABLE,2025,8,0,0,0,1,2,16.2,0.1,18.3,87,0.9565,23,10,2025-08-0-10
11,9011012065200000,MANY_SEATS_AVAILABLE,MANY_SEATS_AVAILABLE,2025,8,0,0,0,1,2,16.4,0.0,18.8,84,1.087,23,10,2025-08-0-11
12,9011012065200000,MANY_SEATS_AVAILABLE,MANY_SEATS_AVAILABLE,2025,8,0,0,0,1,2,17.0,0.0,18.0,94,1.1304,23,10,2025-08-0-12
13,9011012065200000,MANY_SEATS_AVAILABLE,MANY_SEATS_AVAILABLE,2025,8,0,0,0,1,2,17.7,0.0,17.7,97,1.1071,28,10,2025-08-0-13
14,9011012065200000,MANY_SEATS_AVAILABLE,MANY_SEATS_AVAILABLE,2025,8,0,0,0,1,2,17.7,0.0,16.5,80,1.1778,45,10,2025-08-0-14
15,9011012065200000,MANY_SEATS_AVAILABLE,MANY_SEATS_AVAILABLE,2025,8,0,0,0,1,3,18.0,0.0,16.1,81,1.2889,45,10,2025-08-0-15
16,9011012065200000,MANY_SEATS_AVAILABLE,MANY_SEATS_AVAILABLE,2025,8,0,0,0,1,3,18.4,0.0,16.3,56,1.5,48,10,2025-08-0-16
17,9011012065200000,MANY_SEATS_AVAILABLE,MANY_SEATS_AVAILABLE,2025,8,0,0,0,1,3,18.5,0.0,15.5,55,1.2059,34,10,2025-08-0-17
18,9011012065200000,MANY_SEATS_AVAILABLE,MANY_SEATS_AVAILABLE,2025,8,0,0,0,1,3,18.4,0.0,10.2,7,1.1818,22,10,2025-08-0-18
19,9011012065200000,MANY_SEATS_AVAILABLE,MANY_SEATS_AVAILABLE,2025,8,0,0,0,1,4,17.4,0.0,7.3,29,1.0,25,10,2025-08-0-19
20,9011012065200000,MANY_SEATS_AVAILABLE,MANY_SEATS_AVAILABLE,2025,8,0,0,0,1,4,16.2,0.0,2.7,41,0.9565,23,10,2025-08-0-20
21,9011012065200000,MANY_SEATS_AVAILABLE,MANY_SEATS_AVAILABLE,2025,8,0,0,0,1,4,15.6,0.0,1.1,22,0.9231,13,10,2025-08-0-21
22,9011012065200000,MANY_SEATS_AVAILABLE,MANY_SEATS_AVAILABLE,2025,8,0,0,0,1,4,14.5,0.0,3.8,5,1.0,11,10,2025-08-0-22
23,9011012065200000,EMPTY,EMPTY,2025,8,0,0,0,1,0,14.3,0.0,9.4,2,0.1667,6,10,2025-08-0-23
4,9011012065200000,EMPTY,EMPTY,2025,8,1,0,0,1,0,13.8,0.0,7.3,0,0.0,8,10,2025-08-1-04
5,9011012065200000,MANY_SEATS_AVAILABLE,MANY_SEATS_AVAILABLE,2025,8,1,0,0,1,1,13.7,0.0,6.7,1,0.6667,24,10,2025-08-1-05
6,9011012065200000,MANY_SEATS_AVAILABLE,MANY_SEATS_AVAILABLE,2025,8,1,0,0,1,1,13.9,0.0,7.0,6,0.9429,35,10,2025-08-1-06
7,9011012065200000,MANY_SEATS_AVAILABLE,MANY_SEATS_AVAILABLE,2025,8,1,0,0,1,1,14.3,0.0,8.5,40,1.425,40,10,2025-08-1-07
8,9011012065200000,MANY_SEATS_AVAILABLE,MANY_SEATS_AVAILABLE,2025,8,1,0,0,1,1,14.7,0.0,8.6,20,1.15,40,10,2025-08-1-08
9,9011012065200000,MANY_SEATS_AVAILABLE,MANY_SEATS_AVAILABLE,2025,8,1,0,0,1,1,15.4,0.0,7.6,2,1.25,28,10,2025-08-1-09
10,9011012065200000,MANY_SEATS_AVAILABLE,MANY_SEATS_AVAILABLE,2025,8,1,0,0,1,2,16.4,0.0,6.1,0,1.0,21,10,2025-08-1-10
11,9011012065200000,MANY_SEATS_AVAILABLE,MANY_SEATS_AVAILABLE,2025,8,1,0,0,1,2,17.3,0.0,6.0,0,1.0,26,10,2025-08-1-11
12,9011012065200000,MANY_SEATS_AVAILABLE,MANY_SEATS_AVAILABLE,2025,8,1,0,0,1,2,17.8,0.0,5.5,1,1.0435,23,10,2025-08-1-12
13,9011012065200000,MANY_SEATS_AVAILABLE,MANY_SEATS_AVAILABLE,2025,8,1,0,0,1,2,18.2,0.0,8.4,5,1.08,25,10,2025-08-1-13
14,9011012065200000,MANY_SEATS_AVAILABLE,MANY_SEATS_AVAILABLE,2025,8,1,0,0,1,2,18.8,0.0,13.9,9,1.2667,45,10,2025-08-1-14
15,9011012065200000,MANY_SEATS_AVAILABLE,MANY_SEATS_AVAILABLE,2025,8,1,0,0,1,3,18.5,0.0,15.9,11,1.36,50,10,2025-08-1-15
16,9011012065200000,MANY_SEATS_AVAILABLE,MANY_SEATS_AVAILABLE,2025,8,1,0,0,1,3,18.6,0.0,15.1,11,1.1163,43,10,2025-08-1-16
17,9011012065200000,MANY_SEATS_AVAILABLE,MANY_SEATS_AVAILABLE,2025,8,1,0,0,1,3,18.0,0.0,16.3,57,1.125,32,10,2025-08-1-17
18,9011012065200000,MANY_SEATS_AVAILABLE,MANY_SEATS_AVAILABLE,2025,8,1,0,0,1,3,17.2,0.0,15.1,99,1.0417,24,10,2025-08-1-18
19,9011012065200000,MANY_SEATS_AVAILABLE,MANY_SEATS_AVAILABLE,2025,8,1,0,0,1,4,16.8,0.0,14.3,99,0.7391,23,10,2025-08-1-19
20,9011012065200000,MANY_SEATS_AVAILABLE,MANY_SEATS_AVAILABLE,2025,8,1,0,0,1,4,16.6,0.0,12.8,48,1.0,23,10,2025-08-1-20
21,9011012065200000,MANY_SEATS_AVAILABLE,MANY_SEATS_AVAILABLE,2025,8,1,0,0,1,4,16.5,0.0,11.4,100,1.0,14,10,2025-08-1-21
22,9011012065200000,MANY_SEATS_AVAILABLE,MANY_SEATS_AVAILABLE,2025,8,1,0,0,1,4,16.5,0.0,8.6,100,0.8182,11,10,2025-08-1-22
23,9011012065200000,EMPTY,EMPTY,2025,8,1,0,0,1,0,16.5,0.0,8.8,100,0.1667,6,10,2025-08-1-23
4,9011012065200000,EMPTY,EMPTY,2025,8,2,0,0,1,0,15.5,0.0,12.2,35,0.0,7,10,2025-08-2-04
5,9011012065200000,EMPTY,EMPTY,2025,8,2,0,0,1,1,15.3,0.0,12.3,77,0.4762,21,10,2025-08-2-05
6,9011012065200000,MANY_SEATS_AVAILABLE,MANY_SEATS_AVAILABLE,2025,8,2,0,0,1,1,15.3,0.0,12.6,97,0.8889,36,10,2025-08-2-06
7,9011012065200000,MANY_SEATS_AVAILABLE,MANY_SEATS_AVAILABLE,2025,8,2,0,0,1,1,16.1,0.0,12.7,100,1.32,50,10,2025-08-2-07
8,9011012065200000,MANY_SEATS_AVAILABLE,MANY_SEATS_AVAILABLE,2025,8,2,0,0,1,1,17.0,0.4,14.7,100,1.1837,49,10,2025-08-2-08
9,9011012065200000,MANY_SEATS_AVAILABLE,MANY_SEATS_AVAILABLE,2025,8,2,0,0,1,1,17.4,0.0,15.7,100,1.0,28,10,2025-08-2-09
10,9011012065200000,MANY_SEATS_AVAILABLE,MANY_SEATS_AVAILABLE,2025,8,2,0,0,1,2,18.2,0.0,16.2,100,0.8696,23,10,2025-08-2-10
11,9011012065200000,MANY_SEATS_AVAILABLE,MANY_SEATS_AVAILABLE,2025,8,2,0,0,1,2,19.8,0.3,18.7,100,0.9167,24,10,2025-08-2-11
12,9011012065200000,MANY_SEATS_AVAILABLE,MANY_SEATS_AVAILABLE,2025,8,2,0,0,1,2,20.4,0.0,22.8,98,0.92,25,10,2025-08-2-12
13,9011012065200000,MANY_SEATS_AVAILABLE,MANY_SEATS_AVAILABLE,2025,8,2,0,0,1,2,20.8,0.0,21.9,69,1.1724,29,10,2025-08-2-13
14,9011012065200000,MANY_SEATS_AVAILABLE,MANY_SEATS_AVAILABLE,2025,8,2,0,0,1,2,20.7,0.0,24.5,27,1.1489,47,10,2025-08-2-14
15,9011012065200000,MANY_SEATS_AVAILABLE,MANY_SEATS_AVAILABLE,2025,8,2,0,0,1,3,20.8,0.0,24.6,29,1.3778,45,10,2025-08-2-15
16,9011012065200000,MANY_SEATS_AVAILABLE,MANY_SEATS_AVAILABLE,2025,8,2,0,0,1,3,20.6,0.0,23.2,100,1.2745,51,10,2025-08-2-16
17,9011012065200000,MANY_SEATS_AVAILABLE,MANY_SEATS_AVAILABLE,2025,8,2,0,0,1,3,20.0,0.0,18.4,99,1.3214,28,10,2025-08-2-17
18,9011012065200000,MANY_SEATS_AVAILABLE,MANY_SEATS_AVAILABLE,2025,8,2,0,0,1,3,19.5,0.0,19.4,99,1.0455,22,10,2025-08-2-18
19,9011012065200000,MANY_SEATS_AVAILABLE,MANY_SEATS_AVAILABLE,2025,8,2,0,0,1,4,18.3,0.5,18.8,99,0.9583,24,10,2025-08-2-19
20,9011012065200000,MANY_SEATS_AVAILABLE,MANY_SEATS_AVAILABLE,2025,8,2,0,0,1,4,17.8,0.0,17.1,99,0.9583,24,10,2025-08-2-20
21,9011012065200000,MANY_SEATS_AVAILABLE,MANY_SEATS_AVAILABLE,2025,8,2,0,0,1,4,17.8,0.0,13.5,91,0.9286,14,10,2025-08-2-21
22,9011012065200000,MANY_SEATS_AVAILABLE,MANY_SEATS_AVAILABLE,2025,8,2,0,0,1,4,17.3,0.0,6.3,23,0.7273,11,10,2025-08-2-22
23,9011012065200000,MANY_SEATS_AVAILABLE,MANY_SEATS_AVAILABLE,2025,8,2,0,0,1,0,16.9,0.0,4.9,99,1.0,5,10,2025-08-2-23
4,9011012065200000,EMPTY,EMPTY,2025,8,3,0,0,1,0,15.3,0.0,1.3,100,0.3333,9,10,2025-08-3-04
5,9011012065200000,MANY_SEATS_AVAILABLE,MANY_SEATS_AVAILABLE,2025,8,3,0,0,1,1,15.7,0.0,4.9,100,0.5833,24,10,2025-08-3-05
6,9011012065200000,MANY_SEATS_AVAILABLE,MANY_SEATS_AVAILABLE,2025,8,3,0,0,1,1,15.8,0.0,6.6,97,0.9118,34,10,2025-08-3-06
7,9011012065200000,MANY_SEATS_AVAILABLE,MANY_SEATS_AVAILABLE,2025,8,3,0,0,1,1,16.9,0.0,6.5,99,1.2449,49,10,2025-08-3-07
8,9011012065200000,MANY_SEATS_AVAILABLE,MANY_SEATS_AVAILABLE,2025,8,3,0,0,1,1,18.1,0.0,4.1,100,1.0625,48,10,2025-08-3-08
9,9011012065200000,MANY_SEATS_AVAILABLE,MANY_SEATS_AVAILABLE,2025,8,3,0,0,1,1,19.5,0.0,5.7,100,1.1481,27,10,2025-08-3-09
10,9011012065200000,MANY_SEATS_AVAILABLE,MANY_SEATS_AVAILABLE,2025,8,3,0,0,1,2,20.7,0.0,1.3,100,1.125,24,10,2025-08-3-10
11,9011012065200000,MANY_SEATS_AVAILABLE,MANY_SEATS_AVAILABLE,2025,8,3,0,0,1,2,20.8,0.0,1.1,100,0.913,23,10,2025-08-3-11
12,9011012065200000,MANY_SEATS_AVAILABLE,MANY_SEATS_AVAILABLE,2025,8,3,0,0,1,2,21.1,0.0,1.8,100,1.0417,24,10,2025-08-3-12
13,9011012065200000,MANY_SEATS_AVAILABLE,MANY_SEATS_AVAILABLE,2025,8,3,0,0,1,2,21.8,0.0,2.6,100,1.0769,26,10,2025-08-3-13
14,9011012065200000,MANY_SEATS_AVAILABLE,MANY_SEATS_AVAILABLE,2025,8,3,0,0,1,2,21.8,0.0,8.0,100,1.2889,45,10,2025-08-3-14
15,9011012065200000,MANY_SEATS_AVAILABLE,MANY_SEATS_AVAILABLE,2025,8,3,0,0,1,3,21.4,0.0,14.4,100,1.32,50,10,2025-08-3-15
16,9011012065200000,MANY_SEATS_AVAILABLE,MANY_SEATS_AVAILABLE,2025,8,3,0,0,1,3,20.4,0.2,15.6,100,1.1778,45,10,2025-08-3-16
17,9011012065200000,MANY_SEATS_AVAILABLE,MANY_SEATS_AVAILABLE,2025,8,3,0,0,1,3,18.1,1.8,12.6,100,1.2258,31,10,2025-08-3-17
18,9011012065200000,MANY_SEATS_AVAILABLE,MANY_SEATS_AVAILABLE,2025,8,3,0,0,1,3,18.1,0.3,10.2,100,1.0,22,10,2025-08-3-18
19,9011012065200000,MANY_SEATS_AVAILABLE,MANY_SEATS_AVAILABLE,2025,8,3,0,0,1,4,17.8,0.3,13.3,100,1.0,26,10,2025-08-3-19
20,9011012065200000,MANY_SEATS_AVAILABLE,MANY_SEATS_AVAILABLE,2025,8,3,0,0,1,4,17.2,0.1,12.5,100,1.0435,23,10,2025-08-3-20
21,9011012065200000,MANY_SEATS_AVAILABLE,MANY_SEATS_AVAILABLE,2025,8,3,0,0,1,4,16.9,0.1,12.1,100,0.9333,15,10,2025-08-3-21
22,9011012065200000,MANY_SEATS_AVAILABLE,MANY_SEATS_AVAILABLE,2025,8,3,0,0,1,4,16.7,0.2,13.7,99,0.6,10,10,2025-08-3-22
23,9011012065200000,EMPTY,EMPTY,2025,8,3,0,0,1,0,16.4,0.2,9.8,100,0.0,6,10,2025-08-3-23
4,9011012065200000,EMPTY,EMPTY,2025,8,4,0,0,1,0,16.4,3.0,6.5,100,0.0,9,10,2025-08-4-04
5,9011012065200000,MANY_SEATS_AVAILABLE,MANY_SEATS_AVAILABLE,2025,8,4,0,0,1,1,16.5,0.1,6.6,100,0.625,24,10,2025-08-4-05
6,9011012065200000,MANY_SEATS_AVAILABLE,MANY_SEATS_AVAILABLE,2025,8,4,0,0,1,1,17.1,0.0,7.3,100,0.8571,35,10,2025-08-4-06
7,9011012065200000,MANY_SEATS_AVAILABLE,MANY_SEATS_AVAILABLE,2025,8,4,0,0,1,1,17.6,0.0,7.8,100,1.2,50,10,2025-08-4-07
8,9011012065200000,MANY_SEATS_AVAILABLE,MANY_SEATS_AVAILABLE,2025,8,4,0,0,1,1,17.6,0.0,9.1,100,1.0417,48,10,2025-08-4-08
9,9011012065200000,MANY_SEATS_AVAILABLE,MANY_SEATS_AVAILABLE,2025,8,4,0,0,1,1,17.7,0.0,9.0,100,1.1852,27,10,2025-08-4-09
10,9011012065200000,MANY_SEATS_AVAILABLE,MANY_SEATS_AVAILABLE,2025,8,4,0,0,1,2,18.0,0.0,10.7,100,0.9167,24,10,2025-08-4-10
11,9011012065200000,MANY_SEATS_AVAILABLE,MANY_SEATS_AVAILABLE,2025,8,4,0,0,1,2,18.2,0.0,8.5,100,1.04,25,10,2025-08-4-11
12,9011012065200000,MANY_SEATS_AVAILABLE,MANY_SEATS_AVAILABLE,2025,8,4,0,0,1,2,18.8,0.0,6.5,100,1.0385,26,10,2025-08-4-12
13,9011012065200000,MANY_SEATS_AVAILABLE,MANY_SEATS_AVAILABLE,2025,8,4,0,0,1,2,19.3,0.0,6.9,100,1.4815,27,10,2025-08-4-13
14,9011012065200000,MANY_SEATS_AVAILABLE,MANY_SEATS_AVAILABLE,2025,8,4,0,0,1,2,19.5,0.0,10.5,100,1.0444,45,10,2025-08-4-14
15,9011012065200000,MANY_SEATS_AVAILABLE,MANY_SEATS_AVAILABLE,2025,8,4,0,0,1,3,19.8,0.0,12.2,94,1.1064,47,10,2025-08-4-15
16,9011012065200000,MANY_SEATS_AVAILABLE,MANY_SEATS_AVAILABLE,2025,8,4,0,0,1,3,19.6,0.0,11.9,83,0.98,50,10,2025-08-4-16
17,9011012065200000,MANY_SEATS_AVAILABLE,MANY_SEATS_AVAILABLE,2025,8,4,0,0,1,3,19.4,0.0,13.2,74,1.125,24,10,2025-08-4-17
18,9011012065200000,MANY_SEATS_AVAILABLE,MANY_SEATS_AVAILABLE,2025,8,4,0,0,1,3,18.3,0.0,10.7,15,1.0,23,10,2025-08-4-18
19,9011012065200000,MANY_SEATS_AVAILABLE,MANY_SEATS_AVAILABLE,2025,8,4,0,0,1,4,17.4,0.0,11.0,30,0.92,25,10,2025-08-4-19
20,9011012065200000,MANY_SEATS_AVAILABLE,MANY_SEATS_AVAILABLE,2025,8,4,0,0,1,4,17.0,0.0,10.6,1,1.1667,24,10,2025-08-4-20
21,9011012065200000,MANY_SEATS_AVAILABLE,MANY_SEATS_AVAILABLE,2025,8,4,0,0,1,4,16.7,0.0,9.4,30,1.1333,15,10,2025-08-4-21
22,9011012065200000,MANY_SEATS_AVAILABLE,MANY_SEATS_AVAILABLE,2025,8,4,0,0,1,4,16.4,0.0,5.3,10,1.0,12,10,2025-08-4-22
23,9011012065200000,MANY_SEATS_AVAILABLE,MANY_SEATS_AVAILABLE,2025,8,4,0,0,1,0,16.2,0.0,4.8,10,0.8,10,10,2025-08-4-23
0,9011012065200000,MANY_SEATS_AVAILABLE,MANY_SEATS_AVAILABLE,2025,8,5,1,0,0,0,15.5,0.0,2.0,9,0.7692,13,10,2025-08-5-00
1,9011012065200000,MANY_SEATS_AVAILABLE,MANY_SEATS_AVAILABLE,2025,8,5,1,0,0,0,15.2,0.0,2.7,41,1.0,6,10,2025-08-5-01
5,9011012065200000,MANY_SEATS_AVAILABLE,MANY_SEATS_AVAILABLE,2025,8,5,1,0,0,1,14.8,0.0,8.4,98,1.0,5,10,2025-08-5-05
6,9011012065200000,MANY_SEATS_AVAILABLE,MANY_SEATS_AVAILABLE,2025,8,5,1,0,0,1,15.0,0.0,9.8,100,0.8182,11,10,2025-08-5-06
7,9011012065200000,MANY_SEATS_AVAILABLE,MANY_SEATS_AVAILABLE,2025,8,5,1,0,0,1,15.8,0.0,10.8,100,0.9167,12,10,2025-08-5-07
8,9011012065200000,MANY_SEATS_AVAILABLE,MANY_SEATS_AVAILABLE,2025,8,5,1,0,0,1,17.5,0.0,12.7,100,0.75,12,10,2025-08-5-08
9,9011012065200000,MANY_SEATS_AVAILABLE,MANY_SEATS_AVAILABLE,2025,8,5,1,0,0,1,18.5,0.0,11.5,100,0.9167,12,10,2025-08-5-09
10,9011012065200000,MANY_SEATS_AVAILABLE,MANY_SEATS_AVAILABLE,2025,8,5,1,0,0,2,19.2,0.0,13.0,100,0.9231,13,10,2025-08-5-10
11,9011012065200000,MANY_SEATS_AVAILABLE,MANY_SEATS_AVAILABLE,2025,8,5,1,0,0,2,19.9,0.0,12.6,100,0.9231,13,10,2025-08-5-11
12,9011012065200000,MANY_SEATS_AVAILABLE,MANY_SEATS_AVAILABLE,2025,8,5,1,0,0,2,20.3,0.0,12.9,100,1.0833,12,10,2025-08-5-12
13,9011012065200000,MANY_SEATS_AVAILABLE,MANY_SEATS_AVAILABLE,2025,8,5,1,0,0,2,20.2,0.1,14.1,100,1.3846,13,10,2025-08-5-13
14,9011012065200000,MANY_SEATS_AVAILABLE,MANY_SEATS_AVAILABLE,2025,8,5,1,0,0,2,19.7,0.2,15.0,75,1.0769,13,10,2025-08-5-14
15,9011012065200000,MANY_SEATS_AVAILABLE,MANY_SEATS_AVAILABLE,2025,8,5,1,0,0,3,19.6,0.1,14.8,74,1.0769,13,10,2025-08-5-15
16,9011012065200000,MANY_SEATS_AVAILABLE,MANY_SEATS_AVAILABLE,2025,8,5,1,0,0,3,19.3,0.0,13.3,70,1.1538,13,10,2025-08-5-16
17,9011012065200000,MANY_SEATS_AVAILABLE,MANY_SEATS_AVAILABLE,2025,8,5,1,0,0,3,18.8,0.0,10.8,89,1.3077,13,10,2025-08-5-17
18,9011012065200000,MANY_SEATS_AVAILABLE,MANY_SEATS_AVAILABLE,2025,8,5,1,0,0,3,18.4,0.0,8.1,80,1.3636,11,10,2025-08-5-18
19,9011012065200000,MANY_SEATS_AVAILABLE,MANY_SEATS_AVAILABLE,2025,8,5,1,0,0,4,17.7,0.0,11.1,1,1.0,13,10,2025-08-5-19
20,9011012065200000,MANY_SEATS_AVAILABLE,MANY_SEATS_AVAILABLE,2025,8,5,1,0,0,4,17.4,0.0,12.5,4,0.9167,12,10,2025-08-5-20
21,9011012065200000,EMPTY,EMPTY,2025,8,5,1,0,0,4,17.3,0.0,12.2,0,0.75,12,10,2025-08-5-21
22,9011012065200000,MANY_SEATS_AVAILABLE,MANY_SEATS_AVAILABLE,2025,8,5,1,0,0,4,17.1,0.0,11.6,0,0.8333,12,10,2025-08-5-22
23,9011012065200000,MANY_SEATS_AVAILABLE,MANY_SEATS_AVAILABLE,2025,8,5,1,0,0,0,16.8,0.0,10.2,0,0.8333,12,10,2025-08-5-23
0,9011012065200000,MANY_SEATS_AVAILABLE,MANY_SEATS_AVAILABLE,2025,8,6,1,1,0,0,16.5,0.0,7.5,0,0.9231,13,10,2025-08-6-00
1,9011012065200000,EMPTY,EMPTY,2025,8,6,1,1,0,0,16.3,0.0,7.1,0,0.0,6,10,2025-08-6-01
5,9011012065200000,MANY_SEATS_AVAILABLE,MANY_SEATS_AVAILABLE,2025,8,6,1,1,0,1,15.3,0.0,6.1,0,1.0,5,10,2025-08-6-05
6,9011012065200000,EMPTY,EMPTY,2025,8,6,1,1,0,1,15.1,0.0,9.1,0,0.0909,11,10,2025-08-6-06
7,9011012065200000,MANY_SEATS_AVAILABLE,MANY_SEATS_AVAILABLE,2025,8,6,1,1,0,1,16.1,0.0,10.9,0,0.7273,11,10,2025-08-6-07
8,9011012065200000,MANY_SEATS_AVAILABLE,MANY_SEATS_AVAILABLE,2025,8,6,1,1,0,1,17.8,0.0,10.2,0,0.8333,12,10,2025-08-6-08
9,9011012065200000,MANY_SEATS_AVAILABLE,MANY_SEATS_AVAILABLE,2025,8,6,1,1,0,1,19.6,0.0,12.2,3,0.9167,12,10,2025-08-6-09
10,9011012065200000,MANY_SEATS_AVAILABLE,MANY_SEATS_AVAILABLE,2025,8,6,1,1,0,2,20.4,0.0,15.1,6,0.8462,13,10,2025-08-6-10
11,9011012065200000,CROWDED,FEW_SEATS_AVAILABLE,2025,8,6,1,1,0,2,20.8,0.0,16.2,3,1.4286,7,10,2025-08-6-11
12,9011012065200000,CROWDED,FEW_SEATS_AVAILABLE,2025,8,6,1,1,0,2,21.0,0.0,16.0,0,2.0,1,10,2025-08-6-12
13,9011012065200000,CROWDED,FEW_SEATS_AVAILABLE,2025,8,6,1,1,0,2,21.3,0.0,15.3,6,1.5455,11,10,2025-08-6-13
14,9011012065200000,MANY_SEATS_AVAILABLE,MANY_SEATS_AVAILABLE,2025,8,6,1,1,0,2,21.9,0.0,15.1,19,1.0833,12,10,2025-08-6-14
15,9011012065200000,MANY_SEATS_AVAILABLE,MANY_SEATS_AVAILABLE,2025,8,6,1,1,0,3,22.2,0.0,15.0,1,0.9167,12,10,2025-08-6-15
16,9011012065200000,MANY_SEATS_AVAILABLE,MANY_SEATS_AVAILABLE,2025,8,6,1,1,0,3,22.2,0.0,14.2,2,0.9167,12,10,2025-08-6-16
17,9011012065200000,MANY_SEATS_AVAILABLE,MANY_SEATS_AVAILABLE,2025,8,6,1,1,0,3,21.9,0.0,12.8,11,0.9167,12,10,2025-08-6-17
18,9011012065200000,CROWDED,FEW_SEATS_AVAILABLE,2025,8,6,1,1,0,3,20.9,0.0,13.4,46,2.1667,6,10,2025-08-6-18
19,9011012065200000,MANY_SEATS_AVAILABLE,MANY_SEATS_AVAILABLE,2025,8,6,1,1,0,4,19.4,0.0,15.5,38,0.9231,13,10,2025-08-6-19
20,9011012065200000,MANY_SEATS_AVAILABLE,MANY_SEATS_AVAILABLE,2025,8,6,1,1,0,4,18.4,0.0,16.8,89,0.6667,12,10,2025-08-6-20
21,9011012065200000,MANY_SEATS_AVAILABLE,MANY_SEATS_AVAILABLE,2025,8,6,1,1,0,4,18.1,0.0,17.7,11,0.9167,12,10,2025-08-6-21
22,9011012065200000,MANY_SEATS_AVAILABLE,MANY_SEATS_AVAILABLE,2025,8,6,1,1,0,4,17.9,0.0,18.1,18,0.6667,6,10,2025-08-6-22
4,9011012065200000,EMPTY,EMPTY,2025,9,0,0,0,1,0,17.4,0.0,18.5,73,0.0,9,10,2025-09-0-04
5,9011012065200000,MANY_SEATS_AVAILABLE,MANY_SEATS_AVAILABLE,2025,9,0,0,0,1,1,17.3,0.0,18.4,67,0.6522,23,10,2025-09-0-05
6,9011012065200000,MANY_SEATS_AVAILABLE,MANY_SEATS_AVAILABLE,2025,9,0,0,0,1,1,17.3,0.0,18.1,1,0.9429,35,10,2025-09-0-06
7,9011012065200000,MANY_SEATS_AVAILABLE,MANY_SEATS_AVAILABLE,2025,9,0,0,0,1,1,18.2,0.0,17.2,15,1.14,50,10,2025-09-0-07
8,9011012065200000,MANY_SEATS_AVAILABLE,MANY_SEATS_AVAILABLE,2025,9,0,0,0,1,1,19.6,0.0,18.4,0,1.0208,48,10,2025-09-0-08
9,9011012065200000,MANY_SEATS_AVAILABLE,MANY_SEATS_AVAILABLE,2025,9,0,0,0,1,1,20.8,0.0,19.3,4,1.3077,26,10,2025-09-0-09
10,9011012065200000,MANY_SEATS_AVAILABLE,MANY_SEATS_AVAILABLE,2025,9,0,0,0,1,2,21.7,0.0,21.1,24,1.0,25,10,2025-09-0-10
11,9011012065200000,MANY_SEATS_AVAILABLE,MANY_SEATS_AVAILABLE,2025,9,0,0,0,1,2,22.5,0.0,23.8,0,0.9583,24,10,2025-09-0-11
12,9011012065200000,MANY_SEATS_AVAILABLE,MANY_SEATS_AVAILABLE,2025,9,0,0,0,1,2,22.8,0.0,25.6,55,1.04,25,10,2025-09-0-12
13,9011012065200000,MANY_SEATS_AVAILABLE,MANY_SEATS_AVAILABLE,2025,9,0,0,0,1,2,23.1,0.0,26.4,99,1.1481,27,10,2025-09-0-13
14,9011012065200000,MANY_SEATS_AVAILABLE,MANY_SEATS_AVAILABLE,2025,9,0,0,0,1,2,23.3,0.1,25.1,100,1.2,45,10,2025-09-0-14
15,9011012065200000,MANY_SEATS_AVAILABLE,MANY_SEATS_AVAILABLE,2025,9,0,0,0,1,3,22.6,0.1,25.6,100,1.1837,49,10,2025-09-0-15
16,9011012065200000,MANY_SEATS_AVAILABLE,MANY_SEATS_AVAILABLE,2025,9,0,0,0,1,3,22.0,0.0,24.3,81,1.1875,48,10,2025-09-0-16
17,9011012065200000,MANY_SEATS_AVAILABLE,MANY_SEATS_AVAILABLE,2025,9,0,0,0,1,3,21.8,0.0,22.7,68,1.1667,30,10,2025-09-0-17
18,9011012065200000,MANY_SEATS_AVAILABLE,MANY_SEATS_AVAILABLE,2025,9,0,0,0,1,3,21.0,0.0,22.7,100,1.0,24,10,2025-09-0-18
19,9011012065200000,MANY_SEATS_AVAILABLE,MANY_SEATS_AVAILABLE,2025,9,0,0,0,1,4,20.4,0.0,25.2,100,0.8571,21,10,2025-09-0-19
20,9011012065200000,MANY_SEATS_AVAILABLE,MANY_SEATS_AVAILABLE,2025,9,0,0,0,1,4,20.1,0.0,25.1,100,0.9231,26,10,2025-09-0-20
21,9011012065200000,MANY_SEATS_AVAILABLE,MANY_SEATS_AVAILABLE,2025,9,0,0,0,1,4,19.0,1.2,21.2,100,0.8571,14,10,2025-09-0-21
22,9011012065200000,MANY_SEATS_AVAILABLE,MANY_SEATS_AVAILABLE,2025,9,0,0,0,1,4,18.6,0.4,17.7,100,0.5455,11,10,2025-09-0-22
23,9011012065200000,EMPTY,EMPTY,2025,9,0,0,0,1,0,18.6,1.4,11.8,100,0.0,6,10,2025-09-0-23
4,9011012065200000,EMPTY,EMPTY,2025,9,1,0,0,1,0,17.4,0.2,4.0,100,0.0,9,10,2025-09-1-04
5,9011012065200000,MANY_SEATS_AVAILABLE,MANY_SEATS_AVAILABLE,2025,9,1,0,0,1,1,17.2,0.2,7.5,100,0.6522,23,10,2025-09-1-05
6,9011012065200000,MANY_SEATS_AVAILABLE,MANY_SEATS_AVAILABLE,2025,9,1,0,0,1,1,17.0,0.1,7.1,100,0.9118,34,10,2025-09-1-06
7,9011012065200000,MANY_SEATS_AVAILABLE,MANY_SEATS_AVAILABLE,2025,9,1,0,0,1,1,17.2,0.0,6.5,80,1.2245,49,10,2025-09-1-07
8,9011012065200000,MANY_SEATS_AVAILABLE,MANY_SEATS_AVAILABLE,2025,9,1,0,0,1,1,17.9,0.0,4.4,94,1.0816,49,10,2025-09-1-08
9,9011012065200000,MANY_SEATS_AVAILABLE,MANY_SEATS_AVAILABLE,2025,9,1,0,0,1,1,18.5,0.0,4.4,100,0.8214,28,10,2025-09-1-09
10,9011012065200000,MANY_SEATS_AVAILABLE,MANY_SEATS_AVAILABLE,2025,9,1,0,0,1,2,18.7,0.0,5.4,100,0.913,23,10,2025-09-1-10
11,9011012065200000,MANY_SEATS_AVAILABLE,MANY_SEATS_AVAILABLE,2025,9,1,0,0,1,2,18.2,0.1,5.6,100,0.875,24,10,2025-09-1-11
12,9011012065200000,MANY_SEATS_AVAILABLE,MANY_SEATS_AVAILABLE,2025,9,1,0,0,1,2,18.2,0.1,3.3,100,0.9167,24,10,2025-09-1-12
13,9011012065200000,MANY_SEATS_AVAILABLE,MANY_SEATS_AVAILABLE,2025,9,1,0,0,1,2,18.7,0.0,2.9,100,1.0385,26,10,2025-09-1-13
14,9011012065200000,MANY_SEATS_AVAILABLE,MANY_SEATS_AVAILABLE,2025,9,1,0,0,1,2,18.5,0.1,8.3,100,1.1163,43,10,2025-09-1-14
15,9011012065200000,MANY_SEATS_AVAILABLE,MANY_SEATS_AVAILABLE,2025,9,1,0,0,1,3,18.2,0.3,6.8,100,1.46,50,10,2025-09-1-15
16,9011012065200000,MANY_SEATS_AVAILABLE,MANY_SEATS_AVAILABLE,2025,9,1,0,0,1,3,18.1,0.1,8.6,100,1.0476,42,10,2025-09-1-16
17,9011012065200000,MANY_SEATS_AVAILABLE,MANY_SEATS_AVAILABLE,2025,9,1,0,0,1,3,18.0,0.0,9.5,100,1.1875,32,10,2025-09-1-17
18,9011012065200000,MANY_SEATS_AVAILABLE,MANY_SEATS_AVAILABLE,2025,9,1,0,0,1,3,17.8,0.0,9.4,100,1.0,21,10,2025-09-1-18
19,9011012065200000,MANY_SEATS_AVAILABLE,MANY_SEATS_AVAILABLE,2025,9,1,0,0,1,4,17.4,0.0,10.4,9,1.0,22,10,2025-09-1-19
20,9011012065200000,MANY_SEATS_AVAILABLE,MANY_SEATS_AVAILABLE,2025,9,1,0,0,1,4,17.2,0.0,11.2,8,0.7917,24,10,2025-09-1-20
21,9011012065200000,MANY_SEATS_AVAILABLE,MANY_SEATS_AVAILABLE,2025,9,1,0,0,1,4,17.3,0.0,12.3,12,0.9286,14,10,2025-09-1-21
22,9011012065200000,MANY_SEATS_AVAILABLE,MANY_SEATS_AVAILABLE,2025,9,1,0,0,1,4,17.5,0.0,11.8,5,1.0,11,10,2025-09-1-22
23,9011012065200000,EMPTY,EMPTY,2025,9,1,0,0,1,0,17.5,0.0,11.8,11,0.0,6,10,2025-09-1-23
4,9011012065200000,EMPTY,EMPTY,2025,9,2,0,0,1,0,15.7,0.0,5.1,0,0.0,7,10,2025-09-2-04
5,9011012065200000,MANY_SEATS_AVAILABLE,MANY_SEATS_AVAILABLE,2025,9,2,0,0,1,1,14.9,0.0,4.9,0,0.76,25,10,2025-09-2-05
6,9011012065200000,MANY_SEATS_AVAILABLE,MANY_SEATS_AVAILABLE,2025,9,2,0,0,1,1,16.0,0.0,6.5,0,0.9118,34,10,2025-09-2-06
7,9011012065200000,MANY_SEATS_AVAILABLE,MANY_SEATS_AVAILABLE,2025,9,2,0,0,1,1,16.9,0.0,9.7,0,1.2444,45,10,2025-09-2-07
8,9011012065200000,MANY_SEATS_AVAILABLE,MANY_SEATS_AVAILABLE,2025,9,2,0,0,1,1,17.8,0.0,10.8,0,1.2453,53,10,2025-09-2-08
9,9011012065200000,MANY_SEATS_AVAILABLE,MANY_SEATS_AVAILABLE,2025,9,2,0,0,1,1,19.0,0.0,13.7,0,1.3704,27,10,2025-09-2-09
10,9011012065200000,MANY_SEATS_AVAILABLE,MANY_SEATS_AVAILABLE,2025,9,2,0,0,1,2,20.0,0.0,18.3,0,1.0,25,10,2025-09-2-10
11,9011012065200000,MANY_SEATS_AVAILABLE,MANY_SEATS_AVAILABLE,2025,9,2,0,0,1,2,20.7,0.0,20.6,25,0.9565,23,10,2025-09-2-11
12,9011012065200000,MANY_SEATS_AVAILABLE,MANY_SEATS_AVAILABLE,2025,9,2,0,0,1,2,20.8,0.4,24.0,26,1.0,26,10,2025-09-2-12
13,9011012065200000,MANY_SEATS_AVAILABLE,MANY_SEATS_AVAILABLE,2025,9,2,0,0,1,2,21.2,0.1,25.4,93,1.1111,27,10,2025-09-2-13
14,9011012065200000,MANY_SEATS_AVAILABLE,MANY_SEATS_AVAILABLE,2025,9,2,0,0,1,2,21.5,0.0,26.2,47,1.0444,45,10,2025-09-2-14
15,9011012065200000,MANY_SEATS_AVAILABLE,MANY_SEATS_AVAILABLE,2025,9,2,0,0,1,3,21.4,0.0,25.5,84,1.36,50,10,2025-09-2-15
16,9011012065200000,MANY_SEATS_AVAILABLE,MANY_SEATS_AVAILABLE,2025,9,2,0,0,1,3,21.1,0.1,24.0,46,1.1277,47,10,2025-09-2-16
17,9011012065200000,MANY_SEATS_AVAILABLE,MANY_SEATS_AVAILABLE,2025,9,2,0,0,1,3,20.8,0.0,23.2,62,1.1034,29,10,2025-09-2-17
18,9011012065200000,MANY_SEATS_AVAILABLE,MANY_SEATS_AVAILABLE,2025,9,2,0,0,1,3,20.3,0.0,25.6,73,1.3333,24,10,2025-09-2-18
19,9011012065200000,MANY_SEATS_AVAILABLE,MANY_SEATS_AVAILABLE,2025,9,2,0,0,1,4,19.9,0.0,23.9,100,0.7083,24,10,2025-09-2-19
20,9011012065200000,MANY_SEATS_AVAILABLE,MANY_SEATS_AVAILABLE,2025,9,2,0,0,1,4,20.0,0.0,24.4,100,1.0,22,10,2025-09-2-20
21,9011012065200000,MANY_SEATS_AVAILABLE,MANY_SEATS_AVAILABLE,2025,9,2,0,0,1,4,20.0,0.0,25.6,100,1.3077,13,10,2025-09-2-21
22,9011012065200000,MANY_SEATS_AVAILABLE,MANY_SEATS_AVAILABLE,2025,9,2,0,0,1,4,19.8,0.0,26.3,92,1.1818,11,10,2025-09-2-22
23,9011012065200000,EMPTY,EMPTY,2025,9,2,0,0,1,0,19.6,0.0,26.0,34,0.4444,9,10,2025-09-2-23
0,9011012065200000,EMPTY,EMPTY,2025,9,3,0,0,1,0,19.4,0.0,26.4,13,0.0,10,10,2025-09-3-00
1,9011012065200000,EMPTY,EMPTY,2025,9,3,0,0,1,0,19.1,0.0,25.6,56,0.0,10,10,2025-09-3-01
2,9011012065200000,EMPTY,EMPTY,2025,9,3,0,0,1,0,18.9,0.0,23.5,93,0.0,10,10,2025-09-3-02
3,9011012065200000,EMPTY,EMPTY,2025,9,3,0,0,1,0,18.8,0.0,22.3,88,0.0,6,10,2025-09-3-03
4,9011012065200000,EMPTY,EMPTY,2025,9,3,0,0,1,0,18.5,0.0,22.6,81,0.0,9,10,2025-09-3-04
5,9011012065200000,EMPTY,EMPTY,2025,9,3,0,0,1,1,18.3,0.0,22.0,23,0.4583,24,10,2025-09-3-05
6,9011012065200000,MANY_SEATS_AVAILABLE,MANY_SEATS_AVAILABLE,2025,9,3,0,0,1,1,18.3,0.0,21.5,15,0.8857,35,10,2025-09-3-06
7,9011012065200000,MANY_SEATS_AVAILABLE,MANY_SEATS_AVAILABLE,2025,9,3,0,0,1,1,19.1,0.0,20.5,16,1.3,50,10,2025-09-3-07
8,9011012065200000,MANY_SEATS_AVAILABLE,MANY_SEATS_AVAILABLE,2025,9,3,0,0,1,1,19.8,0.0,20.3,14,1.1458,48,10,2025-09-3-08
9,9011012065200000,MANY_SEATS_AVAILABLE,MANY_SEATS_AVAILABLE,2025,9,3,0,0,1,1,20.2,0.0,20.1,14,1.3571,28,10,2025-09-3-09
10,9011012065200000,MANY_SEATS_AVAILABLE,MANY_SEATS_AVAILABLE,2025,9,3,0,0,1,2,20.6,0.0,19.8,19,0.8696,23,10,2025-09-3-10
11,9011012065200000,MANY_SEATS_AVAILABLE,MANY_SEATS_AVAILABLE,2025,9,3,0,0,1,2,21.0,0.0,18.3,21,1.0952,21,10,2025-09-3-11
12,9011012065200000,MANY_SEATS_AVAILABLE,MANY_SEATS_AVAILABLE,2025,9,3,0,0,1,2,21.2,0.0,17.1,4,0.92,25,10,2025-09-3-12
13,9011012065200000,MANY_SEATS_AVAILABLE,MANY_SEATS_AVAILABLE,2025,9,3,0,0,1,2,21.4,0.0,16.4,11,1.25,28,10,2025-09-3-13
14,9011012065200000,MANY_SEATS_AVAILABLE,MANY_SEATS_AVAILABLE,2025,9,3,0,0,1,2,21.7,0.0,17.3,8,1.25,44,10,2025-09-3-14
15,9011012065200000,MANY_SEATS_AVAILABLE,MANY_SEATS_AVAILABLE,2025,9,3,0,0,1,3,21.4,0.0,15.0,9,1.1961,51,10,2025-09-3-15
16,9011012065200000,MANY_SEATS_AVAILABLE,MANY_SEATS_AVAILABLE,2025,9,3,0,0,1,3,21.3,0.0,10.4,11,1.087,46,10,2025-09-3-16
17,9011012065200000,MANY_SEATS_AVAILABLE,MANY_SEATS_AVAILABLE,2025,9,3,0,0,1,3,20.9,0.0,10.0,17,1.0938,32,10,2025-09-3-17
18,9011012065200000,MANY_SEATS_AVAILABLE,MANY_SEATS_AVAILABLE,2025,9,3,0,0,1,3,20.0,0.0,10.5,16,1.1364,22,10,2025-09-3-18
19,9011012065200000,MANY_SEATS_AVAILABLE,MANY_SEATS_AVAILABLE,2025,9,3,0,0,1,4,19.0,0.0,10.3,2,0.68,25,10,2025-09-3-19
20,9011012065200000,MANY_SEATS_AVAILABLE,MANY_SEATS_AVAILABLE,2025,9,3,0,0,1,4,18.7,0.0,11.6,45,0.9048,21,10,2025-09-3-20
21,9011012065200000,MANY_SEATS_AVAILABLE,MANY_SEATS_AVAILABLE,2025,9,3,0,0,1,4,18.5,0.0,10.5,42,1.0,16,10,2025-09-3-21
22,9011012065200000,MANY_SEATS_AVAILABLE,MANY_SEATS_AVAILABLE,2025,9,3,0,0,1,4,18.2,0.0,9.5,13,0.9091,11,10,2025-09-3-22
23,9011012065200000,MANY_SEATS_AVAILABLE,MANY_SEATS_AVAILABLE,2025,9,3,0,0,1,0,18.1,0.0,9.1,9,0.7143,7,10,2025-09-3-23
4,9011012065200000,MANY_SEATS_AVAILABLE,MANY_SEATS_AVAILABLE,2025,9,4,0,0,1,0,17.9,0.0,7.0,40,0.8571,7,10,2025-09-4-04
5,9011012065200000,MANY_SEATS_AVAILABLE,MANY_SEATS_AVAILABLE,2025,9,4,0,0,1,1,17.2,0.0,11.5,100,0.84,25,10,2025-09-4-05
6,9011012065200000,MANY_SEATS_AVAILABLE,MANY_SEATS_AVAILABLE,2025,9,4,0,0,1,1,17.2,0.0,6.4,99,0.9688,32,10,2025-09-4-06
7,9011012065200000,MANY_SEATS_AVAILABLE,MANY_SEATS_AVAILABLE,2025,9,4,0,0,1,1,17.9,0.0,5.8,100,1.2885,52,10,2025-09-4-07
8,9011012065200000,MANY_SEATS_AVAILABLE,MANY_SEATS_AVAILABLE,2025,9,4,0,0,1,1,19.1,0.1,6.8,87,1.0682,44,10,2025-09-4-08
9,9011012065200000,MANY_SEATS_AVAILABLE,MANY_SEATS_AVAILABLE,2025,9,4,0,0,1,1,19.2,0.9,7.5,100,1.1613,31,10,2025-09-4-09
10,9011012065200000,MANY_SEATS_AVAILABLE,MANY_SEATS_AVAILABLE,2025,9,4,0,0,1,2,18.4,1.4,6.8,100,0.9167,24,10,2025-09-4-10
11,9011012065200000,MANY_SEATS_AVAILABLE,MANY_SEATS_AVAILABLE,2025,9,4,0,0,1,2,18.3,2.3,4.8,100,1.0,25,10,2025-09-4-11
12,9011012065200000,MANY_SEATS_AVAILABLE,MANY_SEATS_AVAILABLE,2025,9,4,0,0,1,2,17.9,1.8,12.2,100,0.8636,22,10,2025-09-4-12
13,9011012065200000,MANY_SEATS_AVAILABLE,MANY_SEATS_AVAILABLE,2025,9,4,0,0,1,2,18.0,1.0,13.2,100,1.069,29,10,2025-09-4-13
14,9011012065200000,MANY_SEATS_AVAILABLE,MANY_SEATS_AVAILABLE,2025,9,4,0,0,1,2,18.3,0.2,10.1,100,1.4,40,10,2025-09-4-14
15,9011012065200000,MANY_SEATS_AVAILABLE,MANY_SEATS_AVAILABLE,2025,9,4,0,0,1,3,17.9,0.1,9.5,100,1.0909,55,10,2025-09-4-15
16,9011012065200000,MANY_SEATS_AVAILABLE,MANY_SEATS_AVAILABLE,2025,9,4,0,0,1,3,17.7,0.1,8.9,99,1.0213,47,10,2025-09-4-16
17,9011012065200000,MANY_SEATS_AVAILABLE,MANY_SEATS_AVAILABLE,2025,9,4,0,0,1,3,18.0,0.1,11.8,99,0.9286,28,10,2025-09-4-17
19,9011012065200000,MANY_SEATS_AVAILABLE,MANY_SEATS_AVAILABLE,2025,9,1,0,0,1,4,18.5,0.0,13.8,4,1.0,22,10,2025-09-1-19
20,9011012065200000,MANY_SEATS_AVAILABLE,MANY_SEATS_AVAILABLE,2025,9,1,0,0,1,4,17.7,0.0,16.5,0,0.9167,24,10,2025-09-1-20
21,9011012065200000,MANY_SEATS_AVAILABLE,MANY_SEATS_AVAILABLE,2025,9,1,0,0,1,4,17.3,0.0,16.1,0,0.9333,15,10,2025-09-1-21
22,9011012065200000,MANY_SEATS_AVAILABLE,MANY_SEATS_AVAILABLE,2025,9,1,0,0,1,4,17.4,0.0,18.4,0,0.8182,11,10,2025-09-1-22
23,9011012065200000,MANY_SEATS_AVAILABLE,MANY_SEATS_AVAILABLE,2025,9,1,0,0,1,0,17.6,0.0,17.8,9,0.8333,6,10,2025-09-1-23
4,9011012065200000,EMPTY,EMPTY,2025,9,2,0,0,1,0,18.4,0.0,16.2,19,0.0,7,10,2025-09-2-04
5,9011012065200000,MANY_SEATS_AVAILABLE,MANY_SEATS_AVAILABLE,2025,9,2,0,0,1,1,17.6,0.0,16.6,16,0.6667,27,10,2025-09-2-05
6,9011012065200000,MANY_SEATS_AVAILABLE,MANY_SEATS_AVAILABLE,2025,9,2,0,0,1,1,17.2,0.0,18.3,8,0.8276,29,10,2025-09-2-06
7,9011012065200000,MANY_SEATS_AVAILABLE,MANY_SEATS_AVAILABLE,2025,9,2,0,0,1,1,17.6,0.0,18.3,9,1.1887,53,10,2025-09-2-07
8,9011012065200000,MANY_SEATS_AVAILABLE,MANY_SEATS_AVAILABLE,2025,9,2,0,0,1,1,18.6,0.0,16.7,24,0.9583,48,10,2025-09-2-08
9,9011012065200000,MANY_SEATS_AVAILABLE,MANY_SEATS_AVAILABLE,2025,9,2,0,0,1,1,19.8,0.0,20.3,97,1.1154,26,10,2025-09-2-09
10,9011012065200000,MANY_SEATS_AVAILABLE,MANY_SEATS_AVAILABLE,2025,9,2,0,0,1,2,20.2,0.0,23.9,100,0.7917,24,10,2025-09-2-10
11,9011012065200000,MANY_SEATS_AVAILABLE,MANY_SEATS_AVAILABLE,2025,9,2,0,0,1,2,20.4,0.0,23.9,100,0.9167,24,10,2025-09-2-11
12,9011012065200000,MANY_SEATS_AVAILABLE,MANY_SEATS_AVAILABLE,2025,9,2,0,0,1,2,21.2,0.0,22.9,45,1.1154,26,10,2025-09-2-12
13,9011012065200000,MANY_SEATS_AVAILABLE,MANY_SEATS_AVAILABLE,2025,9,2,0,0,1,2,21.2,0.0,23.2,73,1.0385,26,10,2025-09-2-13
14,9011012065200000,MANY_SEATS_AVAILABLE,MANY_SEATS_AVAILABLE,2025,9,2,0,0,1,2,20.9,0.0,24.8,36,0.9783,46,10,2025-09-2-14
15,9011012065200000,MANY_SEATS_AVAILABLE,MANY_SEATS_AVAILABLE,2025,9,2,0,0,1,3,20.4,0.8,26.5,71,1.3,50,10,2025-09-2-15
16,9011012065200000,MANY_SEATS_AVAILABLE,MANY_SEATS_AVAILABLE,2025,9,2,0,0,1,3,20.3,0.0,25.0,100,1.0,47,10,2025-09-2-16
17,9011012065200000,MANY_SEATS_AVAILABLE,MANY_SEATS_AVAILABLE,2025,9,2,0,0,1,3,20.0,0.1,23.0,100,1.0333,30,10,2025-09-2-17
18,9011012065200000,MANY_SEATS_AVAILABLE,MANY_SEATS_AVAILABLE,2025,9,2,0,0,1,3,19.4,0.0,18.2,100,1.0,23,10,2025-09-2-18
19,9011012065200000,MANY_SEATS_AVAILABLE,MANY_SEATS_AVAILABLE,2025,9,2,0,0,1,4,18.8,0.0,16.7,100,0.7826,23,10,2025-09-2-19
20,9011012065200000,MANY_SEATS_AVAILABLE,MANY_SEATS_AVAILABLE,2025,9,2,0,0,1,4,18.1,0.6,18.0,100,0.875,24,10,2025-09-2-20
21,9011012065200000,MANY_SEATS_AVAILABLE,MANY_SEATS_AVAILABLE,2025,9,2,0,0,1,4,17.8,0.8,23.2,100,1.0714,14,10,2025-09-2-21
22,9011012065200000,MANY_SEATS_AVAILABLE,MANY_SEATS_AVAILABLE,2025,9,2,0,0,1,4,17.4,0.1,19.2,100,0.9091,11,10,2025-09-2-22
23,9011012065200000,MANY_SEATS_AVAILABLE,MANY_SEATS_AVAILABLE,2025,9,2,0,0,1,0,16.8,0.2,16.8,100,0.6667,6,10,2025-09-2-23
4,9011012065200000,EMPTY,EMPTY,2025,9,3,0,0,1,0,16.6,1.6,1.7,100,0.0,7,10,2025-09-3-04
5,9011012065200000,MANY_SEATS_AVAILABLE,MANY_SEATS_AVAILABLE,2025,9,3,0,0,1,1,16.5,1.4,1.9,100,0.6154,26,10,2025-09-3-05
6,9011012065200000,MANY_SEATS_AVAILABLE,MANY_SEATS_AVAILABLE,2025,9,3,0,0,1,1,16.4,1.6,3.2,100,0.8857,35,10,2025-09-3-06
7,9011012065200000,MANY_SEATS_AVAILABLE,MANY_SEATS_AVAILABLE,2025,9,3,0,0,1,1,16.5,0.8,2.3,100,1.3,50,10,2025-09-3-07
8,9011012065200000,MANY_SEATS_AVAILABLE,MANY_SEATS_AVAILABLE,2025,9,3,0,0,1,1,16.9,0.1,6.5,100,0.9792,48,10,2025-09-3-08
9,9011012065200000,MANY_SEATS_AVAILABLE,MANY_SEATS_AVAILABLE,2025,9,3,0,0,1,1,17.3,0.0,7.9,94,1.1786,28,10,2025-09-3-09
10,9011012065200000,MANY_SEATS_AVAILABLE,MANY_SEATS_AVAILABLE,2025,9,3,0,0,1,2,17.5,0.0,10.1,19,0.92,25,10,2025-09-3-10
11,9011012065200000,MANY_SEATS_AVAILABLE,MANY_SEATS_AVAILABLE,2025,9,3,0,0,1,2,18.2,0.0,14.3,0,0.8696,23,10,2025-09-3-11
12,9011012065200000,MANY_SEATS_AVAILABLE,MANY_SEATS_AVAILABLE,2025,9,3,0,0,1,2,18.6,0.0,16.1,0,1.0,24,10,2025-09-3-12
13,9011012065200000,MANY_SEATS_AVAILABLE,MANY_SEATS_AVAILABLE,2025,9,3,0,0,1,2,18.9,0.0,19.3,0,1.1481,27,10,2025-09-3-13
14,9011012065200000,MANY_SEATS_AVAILABLE,MANY_SEATS_AVAILABLE,2025,9,3,0,0,1,2,19.3,0.0,21.4,32,1.5909,44,10,2025-09-3-14
15,9011012065200000,MANY_SEATS_AVAILABLE,MANY_SEATS_AVAILABLE,2025,9,3,0,0,1,3,18.8,0.0,21.9,50,1.34,50,10,2025-09-3-15
16,9011012065200000,MANY_SEATS_AVAILABLE,MANY_SEATS_AVAILABLE,2025,9,3,0,0,1,3,18.2,0.2,23.0,25,1.2083,48,10,2025-09-3-16
17,9011012065200000,MANY_SEATS_AVAILABLE,MANY_SEATS_AVAILABLE,2025,9,3,0,0,1,3,18.0,0.0,18.7,99,1.3,30,10,2025-09-3-17
18,9011012065200000,MANY_SEATS_AVAILABLE,MANY_SEATS_AVAILABLE,2025,9,3,0,0,1,3,17.7,0.1,21.3,100,1.0,22,10,2025-09-3-18
19,9011012065200000,MANY_SEATS_AVAILABLE,MANY_SEATS_AVAILABLE,2025,9,3,0,0,1,4,17.5,0.0,17.4,100,0.9565,23,10,2025-09-3-19
20,9011012065200000,MANY_SEATS_AVAILABLE,MANY_SEATS_AVAILABLE,2025,9,3,0,0,1,4,17.5,0.0,18.7,100,1.1,20,10,2025-09-3-20
21,9011012065200000,MANY_SEATS_AVAILABLE,MANY_SEATS_AVAILABLE,2025,9,3,0,0,1,4,16.9,0.6,15.6,39,0.8667,15,10,2025-09-3-21
22,9011012065200000,MANY_SEATS_AVAILABLE,MANY_SEATS_AVAILABLE,2025,9,3,0,0,1,4,16.7,0.0,15.2,82,0.6364,11,10,2025-09-3-22
23,9011012065200000,MANY_SEATS_AVAILABLE,MANY_SEATS_AVAILABLE,2025,9,3,0,0,1,0,16.5,0.0,13.6,36,0.8333,6,10,2025-09-3-23
4,9011012065200000,EMPTY,EMPTY,2025,9,4,0,0,1,0,15.8,0.0,21.8,50,0.0,9,10,2025-09-4-04
5,9011012065200000,EMPTY,EMPTY,2025,9,4,0,0,1,1,15.8,0.0,22.6,62,0.4583,24,10,2025-09-4-05
6,9011012065200000,MANY_SEATS_AVAILABLE,MANY_SEATS_AVAILABLE,2025,9,4,0,0,1,1,15.7,0.0,24.6,12,0.8857,35,10,2025-09-4-06
7,9011012065200000,MANY_SEATS_AVAILABLE,MANY_SEATS_AVAILABLE,2025,9,4,0,0,1,1,15.8,0.1,23.7,22,1.2653,49,10,2025-09-4-07
8,9011012065200000,MANY_SEATS_AVAILABLE,MANY_SEATS_AVAILABLE,2025,9,4,0,0,1,1,16.2,0.1,22.7,35,0.9545,44,10,2025-09-4-08
9,9011012065200000,MANY_SEATS_AVAILABLE,MANY_SEATS_AVAILABLE,2025,9,4,0,0,1,1,16.3,0.0,24.4,68,1.1935,31,10,2025-09-4-09
10,9011012065200000,MANY_SEATS_AVAILABLE,MANY_SEATS_AVAILABLE,2025,9,4,0,0,1,2,16.6,0.7,23.3,77,1.0952,21,10,2025-09-4-10
11,9011012065200000,MANY_SEATS_AVAILABLE,MANY_SEATS_AVAILABLE,2025,9,4,0,0,1,2,16.7,0.4,25.7,19,0.9259,27,10,2025-09-4-11
12,9011012065200000,MANY_SEATS_AVAILABLE,MANY_SEATS_AVAILABLE,2025,9,4,0,0,1,2,16.8,0.5,25.2,22,0.92,25,10,2025-09-4-12
13,9011012065200000,MANY_SEATS_AVAILABLE,MANY_SEATS_AVAILABLE,2025,9,4,0,0,1,2,17.1,0.2,25.7,27,1.3333,27,10,2025-09-4-13
14,9011012065200000,MANY_SEATS_AVAILABLE,MANY_SEATS_AVAILABLE,2025,9,4,0,0,1,2,17.0,0.6,28.9,64,1.1818,44,10,2025-09-4-14
15,9011012065200000,MANY_SEATS_AVAILABLE,MANY_SEATS_AVAILABLE,2025,9,4,0,0,1,3,16.9,0.0,22.6,2,1.08,50,10,2025-09-4-15
16,9011012065200000,MANY_SEATS_AVAILABLE,MANY_SEATS_AVAILABLE,2025,9,4,0,0,1,3,17.0,0.1,22.9,21,1.0638,47,10,2025-09-4-16
17,9011012065200000,MANY_SEATS_AVAILABLE,MANY_SEATS_AVAILABLE,2025,9,4,0,0,1,3,16.6,0.0,22.7,25,1.1154,26,10,2025-09-4-17
18,9011012065200000,MANY_SEATS_AVAILABLE,MANY_SEATS_AVAILABLE,2025,9,4,0,0,1,3,16.1,0.0,21.6,5,0.9615,26,10,2025-09-4-18
19,9011012065200000,MANY_SEATS_AVAILABLE,MANY_SEATS_AVAILABLE,2025,9,4,0,0,1,4,15.8,0.0,21.0,15,0.9048,21,10,2025-09-4-19
20,9011012065200000,MANY_SEATS_AVAILABLE,MANY_SEATS_AVAILABLE,2025,9,4,0,0,1,4,15.9,0.0,21.0,23,0.875,24,10,2025-09-4-20
21,9011012065200000,MANY_SEATS_AVAILABLE,MANY_SEATS_AVAILABLE,2025,9,4,0,0,1,4,15.9,0.0,20.8,15,0.8667,15,10,2025-09-4-21
22,9011012065200000,MANY_SEATS_AVAILABLE,MANY_SEATS_AVAILABLE,2025,9,4,0,0,1,4,15.8,0.0,21.1,0,1.0833,12,10,2025-09-4-22
23,9011012065200000,MANY_SEATS_AVAILABLE,MANY_SEATS_AVAILABLE,2025,9,4,0,0,1,0,15.6,0.0,22.0,7,0.6667,12,10,2025-09-4-23
0,9011012065200000,MANY_SEATS_AVAILABLE,MANY_SEATS_AVAILABLE,2025,9,5,1,0,0,0,15.5,0.0,21.6,8,0.9167,12,10,2025-09-5-00
1,9011012065200000,MANY_SEATS_AVAILABLE,MANY_SEATS_AVAILABLE,2025,9,5,1,0,0,0,15.2,0.0,19.2,1,1.0,6,10,2025-09-5-01
5,9011012065200000,MANY_SEATS_AVAILABLE,MANY_SEATS_AVAILABLE,2025,9,5,1,0,0,1,15.3,0.0,19.4,17,1.0,5,10,2025-09-5-05
6,9011012065200000,MANY_SEATS_AVAILABLE,MANY_SEATS_AVAILABLE,2025,9,5,1,0,0,1,15.4,0.0,18.8,6,0.6667,12,10,2025-09-5-06
7,9011012065200000,MANY_SEATS_AVAILABLE,MANY_SEATS_AVAILABLE,2025,9,5,1,0,0,1,15.8,0.0,18.4,5,0.9167,12,10,2025-09-5-07
8,9011012065200000,MANY_SEATS_AVAILABLE,MANY_SEATS_AVAILABLE,2025,9,5,1,0,0,1,16.5,0.0,22.0,31,0.9167,12,10,2025-09-5-08
9,9011012065200000,MANY_SEATS_AVAILABLE,MANY_SEATS_AVAILABLE,2025,9,5,1,0,0,1,17.0,0.0,23.6,17,1.25,12,10,2025-09-5-09
10,9011012065200000,MANY_SEATS_AVAILABLE,MANY_SEATS_AVAILABLE,2025,9,5,1,0,0,2,17.3,0.0,23.2,0,0.9231,13,10,2025-09-5-10
11,9011012065200000,MANY_SEATS_AVAILABLE,MANY_SEATS_AVAILABLE,2025,9,5,1,0,0,2,17.7,0.0,23.6,13,1.4167,12,10,2025-09-5-11
12,9011012065200000,MANY_SEATS_AVAILABLE,MANY_SEATS_AVAILABLE,2025,9,5,1,0,0,2,18.0,0.0,22.6,100,0.9333,15,10,2025-09-5-12
13,9011012065200000,MANY_SEATS_AVAILABLE,MANY_SEATS_AVAILABLE,2025,9,5,1,0,0,2,18.1,0.0,22.2,100,1.0833,12,10,2025-09-5-13
14,9011012065200000,MANY_SEATS_AVAILABLE,MANY_SEATS_AVAILABLE,2025,9,5,1,0,0,2,19.0,0.0,24.7,100,0.9167,12,10,2025-09-5-14
15,9011012065200000,MANY_SEATS_AVAILABLE,MANY_SEATS_AVAILABLE,2025,9,5,1,0,0,3,18.3,0.0,22.0,100,1.0,13,10,2025-09-5-15
16,9011012065200000,MANY_SEATS_AVAILABLE,MANY_SEATS_AVAILABLE,2025,9,5,1,0,0,3,17.6,0.0,23.7,99,1.9091,11,10,2025-09-5-16
17,9011012065200000,CROWDED,FEW_SEATS_AVAILABLE,2025,9,5,1,0,0,3,15.5,0.0,21.1,100,1.5,14,10,2025-09-5-17
18,9011012065200000,MANY_SEATS_AVAILABLE,MANY_SEATS_AVAILABLE,2025,9,5,1,0,0,3,15.3,0.7,18.2,94,1.0,11,10,2025-09-5-18
19,9011012065200000,MANY_SEATS_AVAILABLE,MANY_SEATS_AVAILABLE,2025,9,5,1,0,0,4,14.8,0.0,19.0,99,1.0,12,10,2025-09-5-19
20,9011012065200000,MANY_SEATS_AVAILABLE,MANY_SEATS_AVAILABLE,2025,9,5,1,0,0,4,14.4,0.4,23.1,100,0.9231,13,10,2025-09-5-20
21,9011012065200000,MANY_SEATS_AVAILABLE,MANY_SEATS_AVAILABLE,2025,9,5,1,0,0,4,14.8,0.5,19.5,68,0.9231,13,10,2025-09-5-21
22,9011012065200000,MANY_SEATS_AVAILABLE,MANY_SEATS_AVAILABLE,2025,9,5,1,0,0,4,14.6,0.5,18.1,61,0.9167,12,10,2025-09-5-22
23,9011012065200000,MANY_SEATS_AVAILABLE,MANY_SEATS_AVAILABLE,2025,9,5,1,0,0,0,15.5,0.1,18.4,27,0.8333,12,10,2025-09-5-23
0,9011012065200000,MANY_SEATS_AVAILABLE,MANY_SEATS_AVAILABLE,2025,9,6,1,1,0,0,15.8,0.0,19.2,11,0.8182,11,10,2025-09-6-00
1,9011012065200000,MANY_SEATS_AVAILABLE,MANY_SEATS_AVAILABLE,2025,9,6,1,1,0,0,15.7,0.0,15.4,20,0.875,8,10,2025-09-6-01
5,9011012065200000,MANY_SEATS_AVAILABLE,MANY_SEATS_AVAILABLE,2025,9,6,1,1,0,1,14.8,0.1,16.8,100,1.0,5,10,2025-09-6-05
6,9011012065200000,MANY_SEATS_AVAILABLE,MANY_SEATS_AVAILABLE,2025,9,6,1,1,0,1,15.3,0.2,16.8,99,0.8182,11,10,2025-09-6-06
7,9011012065200000,MANY_SEATS_AVAILABLE,MANY_SEATS_AVAILABLE,2025,9,6,1,1,0,1,15.9,0.4,16.6,91,0.8462,13,10,2025-09-6-07
8,9011012065200000,EMPTY,EMPTY,2025,9,6,1,1,0,1,15.1,2.9,19.3,100,0.4545,11,10,2025-09-6-08
9,9011012065200000,MANY_SEATS_AVAILABLE,MANY_SEATS_AVAILABLE,2025,9,6,1,1,0,1,15.4,0.4,13.3,100,0.8333,12,10,2025-09-6-09
10,9011012065200000,MANY_SEATS_AVAILABLE,MANY_SEATS_AVAILABLE,2025,9,6,1,1,0,2,15.2,1.9,14.4,100,0.6923,13,10,2025-09-6-10
11,9011012065200000,MANY_SEATS_AVAILABLE,MANY_SEATS_AVAILABLE,2025,9,6,1,1,0,2,15.8,0.8,12.2,100,0.8333,12,10,2025-09-6-11
12,9011012065200000,MANY_SEATS_AVAILABLE,MANY_SEATS_AVAILABLE,2025,9,6,1,1,0,2,15.4,2.7,14.8,100,0.9,10,10,2025-09-6-12
13,9011012065200000,MANY_SEATS_AVAILABLE,MANY_SEATS_AVAILABLE,2025,9,6,1,1,0,2,15.8,0.0,13.3,99,0.9167,12,10,2025-09-6-13
14,9011012065200000,MANY_SEATS_AVAILABLE,MANY_SEATS_AVAILABLE,2025,9,6,1,1,0,2,16.4,0.1,12.6,100,1.0,12,10,2025-09-6-14
15,9011012065200000,MANY_SEATS_AVAILABLE,MANY_SEATS_AVAILABLE,2025,9,6,1,1,0,3,16.2,0.0,14.3,100,1.0,11,10,2025-09-6-15
16,9011012065200000,MANY_SEATS_AVAILABLE,MANY_SEATS_AVAILABLE,2025,9,6,1,1,0,3,16.2,0.0,12.6,88,0.9167,12,10,2025-09-6-16
17,9011012065200000,MANY_SEATS_AVAILABLE,MANY_SEATS_AVAILABLE,2025,9,6,1,1,0,3,16.3,0.0,13.4,59,0.9167,12,10,2025-09-6-17
18,9011012065200000,MANY_SEATS_AVAILABLE,MANY_SEATS_AVAILABLE,2025,9,6,1,1,0,3,15.9,0.0,14.5,13,0.9091,11,10,2025-09-6-18
19,9011012065200000,MANY_SEATS_AVAILABLE,MANY_SEATS_AVAILABLE,2025,9,6,1,1,0,4,15.3,0.0,15.2,5,0.8333,12,10,2025-09-6-19
20,9011012065200000,MANY_SEATS_AVAILABLE,MANY_SEATS_AVAILABLE,2025,9,6,1,1,0,4,14.9,0.0,15.1,8,0.7692,13,10,2025-09-6-20
21,9011012065200000,MANY_SEATS_AVAILABLE,MANY_SEATS_AVAILABLE,2025,9,6,1,1,0,4,14.8,0.0,15.0,14,0.6667,12,10,2025-09-6-21
22,9011012065200000,EMPTY,EMPTY,2025,9,6,1,1,0,4,14.8,0.0,15.0,4,0.0,6,10,2025-09-6-22
4,9011012065200000,EMPTY,EMPTY,2025,9,3,0,0,1,0,15.3,0.3,25.7,100,0.0,9,10,2025-09-3-04
5,9011012065200000,MANY_SEATS_AVAILABLE,MANY_SEATS_AVAILABLE,2025,9,3,0,0,1,1,15.3,0.9,25.4,100,0.8261,23,10,2025-09-3-05
6,9011012065200000,MANY_SEATS_AVAILABLE,MANY_SEATS_AVAILABLE,2025,9,3,0,0,1,1,15.6,0.3,27.3,100,0.8857,35,10,2025-09-3-06
7,9011012065200000,MANY_SEATS_AVAILABLE,MANY_SEATS_AVAILABLE,2025,9,3,0,0,1,1,16.3,0.0,25.0,100,1.3542,48,10,2025-09-3-07
8,9011012065200000,MANY_SEATS_AVAILABLE,MANY_SEATS_AVAILABLE,2025,9,3,0,0,1,1,16.8,0.0,22.5,99,1.3,50,10,2025-09-3-08
9,9011012065200000,MANY_SEATS_AVAILABLE,MANY_SEATS_AVAILABLE,2025,9,3,0,0,1,1,17.7,0.0,24.3,99,1.2222,27,10,2025-09-3-09
10,9011012065200000,MANY_SEATS_AVAILABLE,MANY_SEATS_AVAILABLE,2025,9,3,0,0,1,2,18.2,0.0,23.9,84,1.0417,24,10,2025-09-3-10
11,9011012065200000,MANY_SEATS_AVAILABLE,MANY_SEATS_AVAILABLE,2025,9,3,0,0,1,2,18.8,0.4,24.0,46,1.4167,24,10,2025-09-3-11
12,9011012065200000,MANY_SEATS_AVAILABLE,MANY_SEATS_AVAILABLE,2025,9,3,0,0,1,2,19.3,0.7,24.1,22,1.2,25,10,2025-09-3-12
13,9011012065200000,MANY_SEATS_AVAILABLE,MANY_SEATS_AVAILABLE,2025,9,3,0,0,1,2,19.6,0.1,24.9,34,1.1538,26,10,2025-09-3-13
14,9011012065200000,MANY_SEATS_AVAILABLE,MANY_SEATS_AVAILABLE,2025,9,3,0,0,1,2,19.4,0.0,27.4,99,1.3696,46,10,2025-09-3-14
15,9011012065200000,MANY_SEATS_AVAILABLE,MANY_SEATS_AVAILABLE,2025,9,3,0,0,1,3,19.1,0.0,25.8,72,1.12,50,10,2025-09-3-15
16,9011012065200000,MANY_SEATS_AVAILABLE,MANY_SEATS_AVAILABLE,2025,9,3,0,0,1,3,19.0,0.0,26.4,99,1.0426,47,10,2025-09-3-16
17,9011012065200000,MANY_SEATS_AVAILABLE,MANY_SEATS_AVAILABLE,2025,9,3,0,0,1,3,18.3,0.0,25.0,43,1.2069,29,10,2025-09-3-17
18,9011012065200000,MANY_SEATS_AVAILABLE,MANY_SEATS_AVAILABLE,2025,9,3,0,0,1,3,17.8,0.0,26.0,28,1.0385,26,10,2025-09-3-18
19,9011012065200000,MANY_SEATS_AVAILABLE,MANY_SEATS_AVAILABLE,2025,9,3,0,0,1,4,17.4,0.0,27.2,3,1.0,23,10,2025-09-3-19
20,9011012065200000,MANY_SEATS_AVAILABLE,MANY_SEATS_AVAILABLE,2025,9,3,0,0,1,4,17.2,0.0,27.1,3,0.9583,24,10,2025-09-3-20
21,9011012065200000,MANY_SEATS_AVAILABLE,MANY_SEATS_AVAILABLE,2025,9,3,0,0,1,4,16.8,0.0,26.6,9,0.9286,14,10,2025-09-3-21
22,9011012065200000,MANY_SEATS_AVAILABLE,MANY_SEATS_AVAILABLE,2025,9,3,0,0,1,4,16.5,0.0,25.7,1,0.9091,11,10,2025-09-3-22
23,9011012065200000,EMPTY,EMPTY,2025,9,3,0,0,1,0,16.4,0.0,25.1,2,0.1667,6,10,2025-09-3-23
4,9011012065200000,EMPTY,EMPTY,2025,9,0,0,0,1,0,12.0,0.0,23.6,97,0.0,7,10,2025-09-0-04
5,9011012065200000,MANY_SEATS_AVAILABLE,MANY_SEATS_AVAILABLE,2025,9,0,0,0,1,1,11.8,0.0,24.5,100,0.6364,22,10,2025-09-0-05
6,9011012065200000,MANY_SEATS_AVAILABLE,MANY_SEATS_AVAILABLE,2025,9,0,0,0,1,1,11.7,0.0,24.5,99,0.9459,37,10,2025-09-0-06
7,9011012065200000,MANY_SEATS_AVAILABLE,MANY_SEATS_AVAILABLE,2025,9,0,0,0,1,1,11.8,0.0,23.3,7,1.22,50,10,2025-09-0-07
8,9011012065200000,MANY_SEATS_AVAILABLE,MANY_SEATS_AVAILABLE,2025,9,0,0,0,1,1,12.2,0.0,24.9,82,1.1875,48,10,2025-09-0-08
9,9011012065200000,MANY_SEATS_AVAILABLE,MANY_SEATS_AVAILABLE,2025,9,0,0,0,1,1,12.7,0.0,25.5,100,1.28,25,10,2025-09-0-09
10,9011012065200000,MANY_SEATS_AVAILABLE,MANY_SEATS_AVAILABLE,2025,9,0,0,0,1,2,12.9,0.0,25.4,100,1.2917,24,10,2025-09-0-10
11,9011012065200000,MANY_SEATS_AVAILABLE,MANY_SEATS_AVAILABLE,2025,9,0,0,0,1,2,13.1,0.0,26.3,98,0.96,25,10,2025-09-0-11
12,9011012065200000,MANY_SEATS_AVAILABLE,MANY_SEATS_AVAILABLE,2025,9,0,0,0,1,2,13.5,0.0,27.0,94,1.0909,22,10,2025-09-0-12
13,9011012065200000,MANY_SEATS_AVAILABLE,MANY_SEATS_AVAILABLE,2025,9,0,0,0,1,2,13.7,0.0,27.8,100,0.8621,29,10,2025-09-0-13
14,9011012065200000,MANY_SEATS_AVAILABLE,MANY_SEATS_AVAILABLE,2025,9,0,0,0,1,2,13.9,0.0,27.3,97,1.2195,41,10,2025-09-0-14
15,9011012065200000,MANY_SEATS_AVAILABLE,MANY_SEATS_AVAILABLE,2025,9,0,0,0,1,3,13.9,0.0,26.2,99,1.1,50,10,2025-09-0-15
16,9011012065200000,MANY_SEATS_AVAILABLE,MANY_SEATS_AVAILABLE,2025,9,0,0,0,1,3,13.8,0.0,24.7,97,1.0,45,10,2025-09-0-16
17,9011012065200000,MANY_SEATS_AVAILABLE,MANY_SEATS_AVAILABLE,2025,9,0,0,0,1,3,13.2,0.0,25.2,92,0.75,20,10,2025-09-0-17
18,9011012065200000,EMPTY,EMPTY,2025,9,0,0,0,1,3,12.5,0.0,23.3,72,0.4783,23,10,2025-09-0-18
19,9011012065200000,EMPTY,EMPTY,2025,9,0,0,0,1,4,12.3,0.0,21.1,3,0.125,8,10,2025-09-0-19
20,9011012065200000,MANY_SEATS_AVAILABLE,MANY_SEATS_AVAILABLE,2025,9,0,0,0,1,4,12.2,0.0,21.2,32,0.6667,9,10,2025-09-0-20
21,9011012065200000,MANY_SEATS_AVAILABLE,MANY_SEATS_AVAILABLE,2025,9,0,0,0,1,4,12.1,0.0,21.7,49,0.7778,9,10,2025-09-0-21
22,9011012065200000,EMPTY,EMPTY,2025,9,0,0,0,1,4,11.8,0.0,20.4,45,0.0,9,10,2025-09-0-22
23,9011012065200000,EMPTY,EMPTY,2025,9,0,0,0,1,0,11.6,0.0,19.2,35,0.1667,6,10,2025-09-0-23
4,9011012065200000,EMPTY,EMPTY,2025,9,1,0,0,1,0,10.7,0.0,14.3,34,0.0,7,10,2025-09-1-04
5,9011012065200000,MANY_SEATS_AVAILABLE,MANY_SEATS_AVAILABLE,2025,9,1,0,0,1,1,10.8,0.0,12.5,37,0.5769,26,10,2025-09-1-05
6,9011012065200000,MANY_SEATS_AVAILABLE,MANY_SEATS_AVAILABLE,2025,9,1,0,0,1,1,11.0,0.0,12.0,25,0.9706,34,10,2025-09-1-06
7,9011012065200000,MANY_SEATS_AVAILABLE,MANY_SEATS_AVAILABLE,2025,9,1,0,0,1,1,11.2,0.0,12.1,20,1.4082,49,10,2025-09-1-07
8,9011012065200000,MANY_SEATS_AVAILABLE,MANY_SEATS_AVAILABLE,2025,9,1,0,0,1,1,11.9,0.0,11.3,16,1.0213,47,10,2025-09-1-08
9,9011012065200000,MANY_SEATS_AVAILABLE,MANY_SEATS_AVAILABLE,2025,9,1,0,0,1,1,12.5,0.1,10.5,15,0.963,27,10,2025-09-1-09
10,9011012065200000,MANY_SEATS_AVAILABLE,MANY_SEATS_AVAILABLE,2025,9,1,0,0,1,2,13.2,0.0,9.3,18,0.9167,24,10,2025-09-1-10
11,9011012065200000,MANY_SEATS_AVAILABLE,MANY_SEATS_AVAILABLE,2025,9,1,0,0,1,2,13.8,0.0,9.6,16,0.9565,23,10,2025-09-1-11
12,9011012065200000,MANY_SEATS_AVAILABLE,MANY_SEATS_AVAILABLE,2025,9,1,0,0,1,2,14.4,0.0,9.5,6,1.0833,24,10,2025-09-1-12
13,9011012065200000,MANY_SEATS_AVAILABLE,MANY_SEATS_AVAILABLE,2025,9,1,0,0,1,2,14.7,0.0,9.4,4,1.375,16,10,2025-09-1-13
14,9011012065200000,MANY_SEATS_AVAILABLE,MANY_SEATS_AVAILABLE,2025,9,1,0,0,1,2,15.0,0.0,9.4,5,1.2333,30,10,2025-09-1-14
15,9011012065200000,MANY_SEATS_AVAILABLE,MANY_SEATS_AVAILABLE,2025,9,1,0,0,1,3,14.9,0.0,12.6,3,1.28,50,10,2025-09-1-15
16,9011012065200000,MANY_SEATS_AVAILABLE,MANY_SEATS_AVAILABLE,2025,9,1,0,0,1,3,14.6,0.0,14.8,0,1.0,46,10,2025-09-1-16
17,9011012065200000,MANY_SEATS_AVAILABLE,MANY_SEATS_AVAILABLE,2025,9,1,0,0,1,3,14.0,0.0,15.4,0,1.2069,29,10,2025-09-1-17
18,9011012065200000,MANY_SEATS_AVAILABLE,MANY_SEATS_AVAILABLE,2025,9,1,0,0,1,3,13.2,0.0,14.5,0,0.76,25,10,2025-09-1-18
19,9011012065200000,MANY_SEATS_AVAILABLE,MANY_SEATS_AVAILABLE,2025,9,1,0,0,1,4,12.9,0.0,14.4,0,0.8261,23,10,2025-09-1-19
20,9011012065200000,MANY_SEATS_AVAILABLE,MANY_SEATS_AVAILABLE,2025,9,1,0,0,1,4,12.7,0.0,12.2,0,0.9167,24,10,2025-09-1-20
21,9011012065200000,MANY_SEATS_AVAILABLE,MANY_SEATS_AVAILABLE,2025,9,1,0,0,1,4,12.0,0.0,12.0,0,0.9231,13,10,2025-09-1-21
22,9011012065200000,MANY_SEATS_AVAILABLE,MANY_SEATS_AVAILABLE,2025,9,1,0,0,1,4,10.9,0.0,9.6,0,0.8182,11,10,2025-09-1-22
23,9011012065200000,EMPTY,EMPTY,2025,9,1,0,0,1,0,10.1,0.0,8.9,0,0.2857,7,10,2025-09-1-23
4,9011012065200000,EMPTY,EMPTY,2025,9,2,0,0,1,0,6.6,0.0,10.2,21,0.5,10,10,2025-09-2-04
5,9011012065200000,MANY_SEATS_AVAILABLE,MANY_SEATS_AVAILABLE,2025,9,2,0,0,1,1,6.5,0.0,9.2,60,0.875,24,10,2025-09-2-05
6,9011012065200000,MANY_SEATS_AVAILABLE,MANY_SEATS_AVAILABLE,2025,9,2,0,0,1,1,6.6,0.0,8.2,9,0.8529,34,10,2025-09-2-06
7,9011012065200000,MANY_SEATS_AVAILABLE,MANY_SEATS_AVAILABLE,2025,9,2,0,0,1,1,7.1,0.0,8.2,3,1.1837,49,10,2025-09-2-07
8,9011012065200000,MANY_SEATS_AVAILABLE,MANY_SEATS_AVAILABLE,2025,9,2,0,0,1,1,8.5,0.0,7.7,6,1.25,48,10,2025-09-2-08
9,9011012065200000,MANY_SEATS_AVAILABLE,MANY_SEATS_AVAILABLE,2025,9,2,0,0,1,1,10.3,0.0,6.9,5,1.2222,27,10,2025-09-2-09
10,9011012065200000,MANY_SEATS_AVAILABLE,MANY_SEATS_AVAILABLE,2025,9,2,0,0,1,2,12.2,0.0,5.9,2,1.0,22,10,2025-09-2-10
11,9011012065200000,MANY_SEATS_AVAILABLE,MANY_SEATS_AVAILABLE,2025,9,2,0,0,1,2,13.5,0.0,5.4,2,0.9167,24,10,2025-09-2-11
12,9011012065200000,MANY_SEATS_AVAILABLE,MANY_SEATS_AVAILABLE,2025,9,2,0,0,1,2,14.1,0.0,5.9,0,1.0833,24,10,2025-09-2-12
13,9011012065200000,MANY_SEATS_AVAILABLE,MANY_SEATS_AVAILABLE,2025,9,2,0,0,1,2,14.4,0.0,7.2,1,1.0,24,10,2025-09-2-13
14,9011012065200000,MANY_SEATS_AVAILABLE,MANY_SEATS_AVAILABLE,2025,9,2,0,0,1,2,14.9,0.0,7.3,0,1.2326,43,10,2025-09-2-14
15,9011012065200000,MANY_SEATS_AVAILABLE,MANY_SEATS_AVAILABLE,2025,9,2,0,0,1,3,14.9,0.0,8.8,0,1.3519,54,10,2025-09-2-15
16,9011012065200000,MANY_SEATS_AVAILABLE,MANY_SEATS_AVAILABLE,2025,9,2,0,0,1,3,14.6,0.0,9.6,0,1.0426,47,10,2025-09-2-16
17,9011012065200000,MANY_SEATS_AVAILABLE,MANY_SEATS_AVAILABLE,2025,9,2,0,0,1,3,14.0,0.0,10.9,0,1.1429,28,10,2025-09-2-17
18,9011012065200000,MANY_SEATS_AVAILABLE,MANY_SEATS_AVAILABLE,2025,9,2,0,0,1,3,12.9,0.0,11.1,0,0.8636,22,10,2025-09-2-18
19,9011012065200000,MANY_SEATS_AVAILABLE,MANY_SEATS_AVAILABLE,2025,9,2,0,0,1,4,11.7,0.0,10.7,0,0.96,25,10,2025-09-2-19
20,9011012065200000,MANY_SEATS_AVAILABLE,MANY_SEATS_AVAILABLE,2025,9,2,0,0,1,4,10.7,0.0,10.0,0,0.8182,22,10,2025-09-2-20
21,9011012065200000,MANY_SEATS_AVAILABLE,MANY_SEATS_AVAILABLE,2025,9,2,0,0,1,4,10.3,0.0,9.4,0,0.9375,16,10,2025-09-2-21
22,9011012065200000,MANY_SEATS_AVAILABLE,MANY_SEATS_AVAILABLE,2025,9,2,0,0,1,4,10.1,0.0,9.4,0,0.8,10,10,2025-09-2-22
23,9011012065200000,MANY_SEATS_AVAILABLE,MANY_SEATS_AVAILABLE,2025,9,2,0,0,1,0,9.8,0.0,9.2,0,1.0,7,10,2025-09-2-23
4,9011012065200000,EMPTY,EMPTY,2025,9,3,0,0,1,0,7.4,0.0,11.3,0,0.4444,9,10,2025-09-3-04
5,9011012065200000,MANY_SEATS_AVAILABLE,MANY_SEATS_AVAILABLE,2025,9,3,0,0,1,1,7.4,0.0,12.0,0,0.7273,22,10,2025-09-3-05
6,9011012065200000,MANY_SEATS_AVAILABLE,MANY_SEATS_AVAILABLE,2025,9,3,0,0,1,1,7.4,0.0,11.1,0,0.8919,37,10,2025-09-3-06
7,9011012065200000,MANY_SEATS_AVAILABLE,MANY_SEATS_AVAILABLE,2025,9,3,0,0,1,1,8.0,0.0,11.0,0,1.2222,45,10,2025-09-3-07
8,9011012065200000,MANY_SEATS_AVAILABLE,MANY_SEATS_AVAILABLE,2025,9,3,0,0,1,1,9.2,0.0,11.1,0,1.0769,52,10,2025-09-3-08
9,9011012065200000,MANY_SEATS_AVAILABLE,MANY_SEATS_AVAILABLE,2025,9,3,0,0,1,1,10.7,0.0,10.3,0,1.3333,27,10,2025-09-3-09
10,9011012065200000,MANY_SEATS_AVAILABLE,MANY_SEATS_AVAILABLE,2025,9,3,0,0,1,2,12.4,0.0,10.6,0,1.087,23,10,2025-09-3-10
11,9011012065200000,MANY_SEATS_AVAILABLE,MANY_SEATS_AVAILABLE,2025,9,3,0,0,1,2,14.0,0.0,11.7,29,1.16,25,10,2025-09-3-11
12,9011012065200000,MANY_SEATS_AVAILABLE,MANY_SEATS_AVAILABLE,2025,9,3,0,0,1,2,14.9,0.0,13.1,91,1.2083,24,10,2025-09-3-12
13,9011012065200000,MANY_SEATS_AVAILABLE,MANY_SEATS_AVAILABLE,2025,9,3,0,0,1,2,14.9,0.0,15.1,97,1.2963,27,10,2025-09-3-13
14,9011012065200000,MANY_SEATS_AVAILABLE,MANY_SEATS_AVAILABLE,2025,9,3,0,0,1,2,15.5,0.0,15.5,100,1.3556,45,10,2025-09-3-14
15,9011012065200000,MANY_SEATS_AVAILABLE,MANY_SEATS_AVAILABLE,2025,9,3,0,0,1,3,15.2,0.0,15.3,28,1.2222,45,10,2025-09-3-15
16,9011012065200000,MANY_SEATS_AVAILABLE,MANY_SEATS_AVAILABLE,2025,9,3,0,0,1,3,15.1,0.0,17.6,59,1.1538,52,10,2025-09-3-16
17,9011012065200000,MANY_SEATS_AVAILABLE,MANY_SEATS_AVAILABLE,2025,9,3,0,0,1,3,14.5,0.0,16.4,96,1.1724,29,10,2025-09-3-17
18,9011012065200000,MANY_SEATS_AVAILABLE,MANY_SEATS_AVAILABLE,2025,9,3,0,0,1,3,13.6,0.0,16.8,52,1.037,27,10,2025-09-3-18
19,9011012065200000,MANY_SEATS_AVAILABLE,MANY_SEATS_AVAILABLE,2025,9,3,0,0,1,4,12.9,0.0,15.1,19,0.9583,24,10,2025-09-3-19
20,9011012065200000,MANY_SEATS_AVAILABLE,MANY_SEATS_AVAILABLE,2025,9,3,0,0,1,4,12.2,0.0,15.5,3,0.9583,24,10,2025-09-3-20
21,9011012065200000,MANY_SEATS_AVAILABLE,MANY_SEATS_AVAILABLE,2025,9,3,0,0,1,4,12.0,0.0,17.0,6,1.0,15,10,2025-09-3-21
22,9011012065200000,MANY_SEATS_AVAILABLE,MANY_SEATS_AVAILABLE,2025,9,3,0,0,1,4,11.9,0.0,15.1,4,0.7273,11,10,2025-09-3-22
23,9011012065200000,EMPTY,EMPTY,2025,9,3,0,0,1,0,11.5,0.0,13.2,17,0.0,6,10,2025-09-3-23
4,9011012065200000,EMPTY,EMPTY,2025,9,4,0,0,1,0,10.2,0.0,12.8,14,0.0,7,10,2025-09-4-04
5,9011012065200000,EMPTY,EMPTY,2025,9,4,0,0,1,1,10.3,0.0,12.9,5,0.2692,26,10,2025-09-4-05
6,9011012065200000,MANY_SEATS_AVAILABLE,MANY_SEATS_AVAILABLE,2025,9,4,0,0,1,1,10.3,0.0,13.9,5,0.8,30,10,2025-09-4-06
7,9011012065200000,MANY_SEATS_AVAILABLE,MANY_SEATS_AVAILABLE,2025,9,4,0,0,1,1,10.9,0.0,14.9,0,1.2407,54,10,2025-09-4-07
8,9011012065200000,MANY_SEATS_AVAILABLE,MANY_SEATS_AVAILABLE,2025,9,4,0,0,1,1,12.3,0.0,15.9,0,1.0426,47,10,2025-09-4-08
9,9011012065200000,MANY_SEATS_AVAILABLE,MANY_SEATS_AVAILABLE,2025,9,4,0,0,1,1,14.0,0.0,18.3,0,1.3929,28,10,2025-09-4-09
10,9011012065200000,MANY_SEATS_AVAILABLE,MANY_SEATS_AVAILABLE,2025,9,4,0,0,1,2,14.7,0.0,22.8,2,1.1429,21,10,2025-09-4-10
11,9011012065200000,MANY_SEATS_AVAILABLE,MANY_SEATS_AVAILABLE,2025,9,4,0,0,1,2,15.2,0.0,21.9,6,1.1739,23,10,2025-09-4-11
12,9011012065200000,MANY_SEATS_AVAILABLE,MANY_SEATS_AVAILABLE,2025,9,4,0,0,1,2,15.4,0.0,21.2,12,1.16,25,10,2025-09-4-12
13,9011012065200000,MANY_SEATS_AVAILABLE,MANY_SEATS_AVAILABLE,2025,9,4,0,0,1,2,15.5,0.0,20.7,3,1.2593,27,10,2025-09-4-13
14,9011012065200000,MANY_SEATS_AVAILABLE,MANY_SEATS_AVAILABLE,2025,9,4,0,0,1,2,15.6,0.0,21.1,12,1.3171,41,10,2025-09-4-14
15,9011012065200000,MANY_SEATS_AVAILABLE,MANY_SEATS_AVAILABLE,2025,9,4,0,0,1,3,15.3,0.0,21.5,1,1.1224,49,10,2025-09-4-15
16,9011012065200000,MANY_SEATS_AVAILABLE,MANY_SEATS_AVAILABLE,2025,9,4,0,0,1,3,14.8,0.0,21.6,1,1.0192,52,10,2025-09-4-16
17,9011012065200000,MANY_SEATS_AVAILABLE,MANY_SEATS_AVAILABLE,2025,9,4,0,0,1,3,14.1,0.0,20.4,1,1.1852,27,10,2025-09-4-17
18,9011012065200000,MANY_SEATS_AVAILABLE,MANY_SEATS_AVAILABLE,2025,9,4,0,0,1,3,13.5,0.0,21.7,10,1.0385,26,10,2025-09-4-18
19,9011012065200000,MANY_SEATS_AVAILABLE,MANY_SEATS_AVAILABLE,2025,9,4,0,0,1,4,13.2,0.0,22.2,10,0.9565,23,10,2025-09-4-19
20,9011012065200000,MANY_SEATS_AVAILABLE,MANY_SEATS_AVAILABLE,2025,9,4,0,0,1,4,13.1,0.0,23.5,3,1.0833,24,10,2025-09-4-20
21,9011012065200000,MANY_SEATS_AVAILABLE,MANY_SEATS_AVAILABLE,2025,9,4,0,0,1,4,12.9,0.0,22.8,3,0.8571,14,10,2025-09-4-21
22,9011012065200000,MANY_SEATS_AVAILABLE,MANY_SEATS_AVAILABLE,2025,9,4,0,0,1,4,12.7,0.0,19.5,4,0.9091,11,10,2025-09-4-22
23,9011012065200000,MANY_SEATS_AVAILABLE,MANY_SEATS_AVAILABLE,2025,9,4,0,0,1,0,12.7,0.0,21.3,6,0.8182,11,10,2025-09-4-23
0,9011012065200000,MANY_SEATS_AVAILABLE,MANY_SEATS_AVAILABLE,2025,9,5,1,0,0,0,12.5,0.0,20.8,2,1.0,12,10,2025-09-5-00
1,9011012065200000,MANY_SEATS_AVAILABLE,MANY_SEATS_AVAILABLE,2025,9,5,1,0,0,0,12.1,0.0,17.7,3,1.0,6,10,2025-09-5-01
5,9011012065200000,MANY_SEATS_AVAILABLE,MANY_SEATS_AVAILABLE,2025,9,5,1,0,0,1,10.8,0.0,18.0,0,1.0,4,10,2025-09-5-05
6,9011012065200000,MANY_SEATS_AVAILABLE,MANY_SEATS_AVAILABLE,2025,9,5,1,0,0,1,10.7,0.0,17.3,0,0.6923,13,10,2025-09-5-06
7,9011012065200000,MANY_SEATS_AVAILABLE,MANY_SEATS_AVAILABLE,2025,9,5,1,0,0,1,11.1,0.0,17.0,0,0.7273,11,10,2025-09-5-07
8,9011012065200000,MANY_SEATS_AVAILABLE,MANY_SEATS_AVAILABLE,2025,9,5,1,0,0,1,12.3,0.0,16.7,0,0.9167,12,10,2025-09-5-08
9,9011012065200000,MANY_SEATS_AVAILABLE,MANY_SEATS_AVAILABLE,2025,9,5,1,0,0,1,13.7,0.0,17.8,1,1.0,7,10,2025-09-5-09
10,9011012065200000,MANY_SEATS_AVAILABLE,MANY_SEATS_AVAILABLE,2025,9,5,1,0,0,2,14.9,0.0,22.9,0,1.1538,13,10,2025-09-5-10
11,9011012065200000,MANY_SEATS_AVAILABLE,MANY_SEATS_AVAILABLE,2025,9,5,1,0,0,2,15.5,0.0,23.2,0,1.3333,12,10,2025-09-5-11
12,9011012065200000,MANY_SEATS_AVAILABLE,MANY_SEATS_AVAILABLE,2025,9,5,1,0,0,2,15.8,0.0,22.7,27,0.9167,12,10,2025-09-5-12
13,9011012065200000,MANY_SEATS_AVAILABLE,MANY_SEATS_AVAILABLE,2025,9,5,1,0,0,2,16.0,0.0,21.7,100,1.1538,13,10,2025-09-5-13
14,9011012065200000,MANY_SEATS_AVAILABLE,MANY_SEATS_AVAILABLE,2025,9,5,1,0,0,2,16.3,0.0,22.4,13,1.25,12,10,2025-09-5-14
15,9011012065200000,MANY_SEATS_AVAILABLE,MANY_SEATS_AVAILABLE,2025,9,5,1,0,0,3,16.1,0.0,22.1,66,1.5,12,10,2025-09-5-15
16,9011012065200000,MANY_SEATS_AVAILABLE,MANY_SEATS_AVAILABLE,2025,9,5,1,0,0,3,15.4,0.0,21.3,96,1.1538,13,10,2025-09-5-16
17,9011012065200000,MANY_SEATS_AVAILABLE,MANY_SEATS_AVAILABLE,2025,9,5,1,0,0,3,14.5,0.0,21.0,95,1.8571,14,10,2025-09-5-17
18,9011012065200000,MANY_SEATS_AVAILABLE,MANY_SEATS_AVAILABLE,2025,9,5,1,0,0,3,13.5,0.0,19.5,42,0.9167,12,10,2025-09-5-18
19,9011012065200000,MANY_SEATS_AVAILABLE,MANY_SEATS_AVAILABLE,2025,9,5,1,0,0,4,12.9,0.0,18.4,17,1.3333,12,10,2025-09-5-19
20,9011012065200000,CROWDED,FEW_SEATS_AVAILABLE,2025,9,5,1,0,0,4,12.6,0.0,17.0,59,1.5,12,10,2025-09-5-20
21,9011012065200000,MANY_SEATS_AVAILABLE,MANY_SEATS_AVAILABLE,2025,9,5,1,0,0,4,12.5,0.0,17.7,93,1.0,12,10,2025-09-5-21
22,9011012065200000,MANY_SEATS_AVAILABLE,MANY_SEATS_AVAILABLE,2025,9,5,1,0,0,4,12.3,0.0,15.1,86,0.9167,12,10,2025-09-5-22
23,9011012065200000,MANY_SEATS_AVAILABLE,MANY_SEATS_AVAILABLE,2025,9,5,1,0,0,0,12.2,0.0,14.2,9,1.3333,12,10,2025-09-5-23
0,9011012065200000,MANY_SEATS_AVAILABLE,MANY_SEATS_AVAILABLE,2025,9,6,1,1,0,0,11.9,0.0,13.0,0,1.2308,13,10,2025-09-6-00
1,9011012065200000,MANY_SEATS_AVAILABLE,MANY_SEATS_AVAILABLE,2025,9,6,1,1,0,0,11.6,0.0,12.4,14,0.8571,7,10,2025-09-6-01
